jobshop_orb01-dl-10	1376	180000	false	--	[|0, 72, 136, 191, 222, 275, 370, 381, 433, 439|72, 133, 275, 363, 441, 490, 573, 664, 738, 767|133, 222, 254, 289, 370, 388, 436, 527, 579, 664|219, 289, 436, 463, 562, 636, 645, 678, 767, 826|0, 227, 388, 562, 624, 679, 727, 732, 854, 901|321, 381, 441, 448, 490, 924, 1011, 1039, 1109, 1154|0, 29, 374, 558, 572, 606, 620, 738, 1052, 1109|29, 473, 624, 711, 762, 856, 901, 1054, 1154, 1235|192, 572, 762, 855, 893, 906, 1002, 1185, 1249, 1331|448, 523, 694, 725, 814, 888, 973, 1007, 1272, 1329|]
jobshop_orb01-dl-13	1376	180000	false	--	[|0, 72, 136, 191, 222, 275, 370, 381, 433, 439|72, 133, 275, 363, 441, 490, 573, 664, 738, 767|133, 222, 254, 289, 370, 388, 436, 527, 579, 664|219, 289, 436, 463, 562, 636, 645, 678, 767, 826|0, 227, 388, 562, 624, 679, 727, 732, 854, 901|321, 381, 441, 448, 490, 924, 1011, 1039, 1109, 1154|0, 29, 374, 558, 572, 606, 620, 738, 1011, 1109|29, 473, 624, 711, 762, 846, 901, 985, 1154, 1235|191, 572, 762, 855, 893, 906, 1002, 1185, 1249, 1331|566, 612, 694, 730, 814, 888, 973, 1008, 1249, 1300|]
jobshop_orb01-dl-16	1376	180000	false	--	[|0, 72, 136, 191, 222, 275, 370, 381, 433, 439|72, 133, 275, 363, 441, 490, 573, 664, 738, 767|133, 222, 254, 289, 370, 388, 436, 527, 579, 664|219, 289, 436, 463, 562, 636, 645, 678, 767, 826|0, 227, 388, 562, 624, 679, 727, 732, 854, 901|321, 381, 441, 448, 490, 924, 1011, 1039, 1109, 1154|0, 29, 374, 558, 572, 606, 620, 738, 1011, 1109|29, 473, 624, 711, 762, 846, 901, 985, 1154, 1235|191, 572, 762, 855, 893, 906, 1002, 1185, 1249, 1331|525, 596, 694, 723, 814, 888, 973, 1007, 1249, 1310|]
jobshop_orb02-dl-10	1469	180000	false	--	[|0, 72, 126, 159, 245, 320, 336, 432, 439, 538|72, 245, 333, 381, 433, 493, 522, 540, 629, 709|88, 135, 333, 347, 432, 448, 531, 629, 690, 714|135, 184, 347, 538, 690, 753, 788, 853, 876, 926|184, 239, 245, 364, 753, 839, 955, 969, 1039, 1103|0, 239, 262, 332, 403, 460, 614, 699, 839, 918|46, 482, 542, 783, 938, 1014, 1103, 1189, 1203, 1230|122, 448, 969, 1026, 1189, 1275, 1329, 1353, 1402, 1422|0, 28, 41, 146, 719, 1026, 1113, 1123, 1132, 1178|34, 133, 214, 359, 522, 610, 620, 888, 1132, 1245|]
jobshop_orb02-dl-13	1469	180000	false	--	[|0, 72, 126, 159, 245, 320, 336, 432, 439, 538|72, 245, 333, 381, 433, 493, 522, 540, 629, 709|88, 135, 333, 347, 432, 448, 531, 629, 690, 714|135, 184, 347, 538, 690, 753, 788, 853, 876, 926|184, 239, 245, 364, 753, 839, 955, 969, 1039, 1103|0, 239, 262, 332, 403, 460, 614, 699, 839, 918|46, 482, 542, 772, 938, 1014, 1103, 1189, 1203, 1230|122, 448, 969, 1026, 1189, 1275, 1329, 1353, 1402, 1422|0, 28, 39, 146, 664, 1026, 1113, 1123, 1132, 1178|28, 50, 126, 215, 522, 610, 620, 973, 1139, 1225|]
jobshop_orb02-dl-16	1469	180000	false	--	[|0, 72, 126, 159, 245, 320, 336, 432, 439, 538|72, 245, 333, 381, 433, 493, 522, 540, 629, 709|88, 135, 333, 347, 432, 448, 531, 629, 690, 714|135, 184, 347, 538, 690, 753, 788, 853, 876, 926|184, 239, 251, 364, 753, 839, 955, 969, 1039, 1103|0, 239, 262, 332, 403, 460, 614, 699, 839, 918|46, 482, 542, 772, 938, 1014, 1103, 1189, 1203, 1230|150, 448, 969, 1026, 1189, 1275, 1329, 1353, 1402, 1422|0, 28, 39, 146, 381, 1026, 1113, 1123, 1132, 1178|28, 50, 126, 220, 633, 855, 876, 953, 1153, 1243|]
jobshop_orb03-dl-10	1448	180000	false	--	[|0, 96, 165, 190, 195, 250, 265, 353, 364, 381|96, 165, 213, 280, 318, 364, 388, 450, 542, 638|0, 213, 276, 369, 454, 542, 614, 665, 746, 804|67, 276, 369, 454, 536, 746, 838, 863, 912, 940|0, 107, 536, 609, 635, 712, 745, 940, 1039, 1077|53, 190, 609, 690, 778, 863, 933, 1039, 1077, 1247|73, 280, 690, 712, 778, 933, 973, 1076, 1122, 1151|311, 373, 712, 768, 812, 1024, 1115, 1214, 1269, 1285|412, 486, 829, 918, 942, 1041, 1133, 1140, 1200, 1387|518, 579, 918, 988, 1086, 1151, 1166, 1269, 1340, 1367|]
jobshop_orb03-dl-13	1426	180000	false	--	[|0, 96, 165, 190, 195, 250, 265, 353, 364, 381|96, 165, 213, 280, 318, 364, 388, 450, 542, 638|0, 213, 276, 369, 454, 542, 614, 665, 746, 804|67, 276, 369, 454, 536, 746, 838, 863, 912, 942|0, 107, 536, 609, 635, 712, 745, 940, 1039, 1077|53, 211, 609, 690, 778, 863, 933, 1039, 1077, 1211|73, 280, 690, 712, 778, 933, 973, 1076, 1124, 1282|311, 373, 714, 768, 812, 1024, 1115, 1132, 1187, 1215|396, 469, 829, 918, 942, 1041, 1307, 1314, 1365, 1384|514, 598, 918, 988, 1086, 1109, 1130, 1211, 1285, 1345|]
jobshop_orb03-dl-16	1448	180000	false	--	[|0, 96, 165, 190, 195, 250, 265, 353, 364, 381|96, 165, 213, 280, 318, 364, 388, 450, 542, 638|0, 213, 276, 369, 454, 542, 614, 665, 746, 804|67, 276, 369, 454, 536, 746, 838, 863, 912, 940|0, 107, 536, 609, 635, 712, 745, 940, 1039, 1077|53, 190, 609, 690, 778, 863, 933, 1039, 1077, 1247|73, 280, 690, 712, 778, 933, 973, 1076, 1122, 1151|311, 373, 726, 768, 901, 1024, 1115, 1214, 1269, 1285|396, 469, 812, 901, 925, 1031, 1130, 1137, 1190, 1417|477, 913, 942, 1012, 1124, 1151, 1166, 1269, 1341, 1367|]
jobshop_orb04-dl-10	1621	180000	false	--	[|0, 8, 18, 53, 97, 112, 204, 274, 363, 413|8, 71, 110, 204, 226, 314, 425, 510, 537, 611|71, 123, 145, 190, 258, 314, 382, 407, 441, 510|123, 178, 263, 413, 493, 611, 622, 691, 747, 820|154, 251, 594, 681, 728, 805, 895, 993, 1073, 1112|18, 407, 475, 747, 845, 889, 993, 1152, 1242, 1275|251, 285, 493, 622, 814, 889, 925, 958, 1056, 1063|285, 329, 441, 526, 577, 805, 1073, 1242, 1290, 1376|329, 353, 825, 884, 974, 1290, 1364, 1427, 1444, 1537|357, 461, 541, 873, 933, 979, 1052, 1106, 1402, 1431|]
jobshop_orb04-dl-13	1613	180000	false	--	[|0, 8, 18, 53, 97, 112, 204, 274, 363, 413|8, 71, 110, 204, 226, 314, 425, 510, 537, 611|71, 123, 145, 190, 258, 314, 382, 407, 441, 510|123, 178, 263, 413, 493, 611, 622, 691, 747, 820|154, 251, 594, 681, 728, 805, 895, 993, 1073, 1112|18, 407, 475, 747, 845, 889, 993, 1152, 1242, 1275|251, 285, 493, 622, 814, 889, 925, 958, 1056, 1063|285, 329, 441, 526, 577, 961, 1073, 1316, 1364, 1450|425, 579, 826, 874, 1122, 1242, 1356, 1419, 1436, 1529|340, 432, 526, 874, 935, 981, 1048, 1182, 1397, 1433|]
jobshop_orb04-dl-16	1621	180000	false	--	[|0, 8, 18, 53, 97, 112, 204, 274, 363, 413|8, 71, 110, 204, 226, 314, 425, 510, 537, 611|71, 123, 145, 190, 258, 314, 382, 407, 441, 510|123, 178, 263, 413, 493, 611, 622, 691, 747, 820|154, 251, 594, 681, 728, 805, 895, 993, 1073, 1112|18, 407, 475, 747, 845, 889, 993, 1152, 1242, 1275|251, 285, 493, 622, 814, 889, 925, 958, 1056, 1063|285, 329, 441, 526, 577, 805, 1073, 1242, 1290, 1376|329, 363, 825, 884, 1110, 1290, 1364, 1427, 1444, 1537|371, 518, 539, 873, 933, 979, 1047, 1101, 1366, 1465|]
jobshop_orb05-dl-10	1232	180000	false	--	[|0, 11, 104, 152, 228, 241, 312, 371, 461, 471|104, 156, 232, 316, 389, 445, 455, 481, 524, 563|11, 156, 228, 254, 320, 445, 563, 590, 612, 618|0, 18, 76, 138, 184, 209, 312, 389, 417, 497|18, 96, 254, 372, 388, 481, 590, 668, 755, 794|39, 200, 251, 417, 519, 586, 601, 755, 781, 801|251, 274, 350, 484, 586, 668, 686, 781, 801, 899|350, 497, 580, 667, 769, 800, 893, 923, 952, 1018|418, 611, 796, 878, 894, 956, 997, 1088, 1123, 1157|98, 143, 184, 204, 471, 610, 707, 807, 838, 1148|]
jobshop_orb05-dl-13	1232	180000	false	--	[|0, 11, 104, 152, 228, 241, 312, 371, 461, 471|104, 156, 232, 316, 389, 445, 455, 481, 524, 563|11, 156, 228, 254, 320, 445, 563, 590, 612, 618|0, 18, 76, 138, 184, 209, 312, 389, 417, 497|18, 96, 254, 372, 388, 481, 590, 668, 755, 794|39, 200, 251, 417, 519, 586, 601, 755, 781, 801|251, 274, 350, 481, 586, 668, 686, 781, 801, 899|350, 497, 580, 667, 769, 800, 893, 923, 952, 1018|406, 580, 796, 878, 894, 956, 997, 1088, 1123, 1157|96, 143, 184, 204, 216, 610, 683, 784, 955, 1087|]
jobshop_orb05-dl-16	1232	180000	false	--	[|0, 11, 104, 152, 228, 241, 312, 371, 461, 471|104, 156, 232, 316, 389, 445, 455, 481, 524, 563|11, 156, 228, 254, 320, 445, 563, 590, 612, 618|0, 18, 76, 138, 184, 209, 312, 389, 417, 497|18, 96, 254, 372, 395, 481, 590, 668, 755, 794|39, 200, 251, 417, 519, 586, 601, 755, 781, 801|251, 274, 350, 481, 586, 668, 686, 781, 801, 899|350, 497, 580, 667, 769, 800, 893, 923, 952, 1018|406, 580, 796, 878, 894, 956, 997, 1088, 1123, 1157|99, 143, 184, 206, 477, 610, 684, 804, 872, 1022|]
jobshop_orb06-dl-10	1462	180000	false	--	[|0, 99, 173, 222, 289, 306, 313, 322, 361, 396|99, 148, 306, 388, 480, 542, 626, 671, 701, 743|148, 289, 322, 480, 626, 709, 725, 789, 854, 890|174, 215, 388, 461, 555, 709, 755, 814, 854, 967|0, 215, 241, 322, 461, 486, 578, 584, 597, 789|241, 322, 584, 675, 730, 778, 877, 949, 1040, 1124|0, 16, 265, 404, 486, 574, 755, 873, 1013, 1084|16, 274, 368, 509, 562, 791, 1125, 1213, 1259, 1300|70, 573, 623, 663, 753, 865, 945, 1213, 1273, 1365|123, 351, 415, 564, 962, 1033, 1052, 1127, 1273, 1367|]
jobshop_orb06-dl-13	1462	180000	false	--	[|0, 99, 173, 222, 289, 306, 313, 322, 361, 396|99, 148, 306, 388, 480, 542, 626, 671, 701, 743|148, 289, 322, 480, 626, 709, 725, 789, 854, 890|174, 215, 388, 461, 555, 709, 755, 814, 854, 967|0, 215, 241, 322, 461, 486, 578, 584, 597, 789|241, 322, 584, 675, 730, 778, 877, 949, 1040, 1124|0, 16, 265, 404, 486, 574, 755, 873, 1013, 1084|16, 274, 368, 509, 562, 791, 1125, 1213, 1259, 1300|70, 573, 623, 663, 753, 865, 945, 1213, 1273, 1365|264, 315, 425, 838, 962, 1033, 1065, 1174, 1273, 1367|]
jobshop_orb06-dl-16	1443	180000	false	--	[|0, 99, 173, 222, 289, 306, 313, 322, 361, 396|99, 148, 306, 388, 480, 542, 626, 671, 701, 743|148, 289, 322, 480, 626, 709, 725, 789, 854, 890|174, 215, 388, 461, 555, 709, 755, 814, 854, 967|0, 215, 241, 322, 461, 486, 578, 584, 597, 789|241, 322, 584, 675, 730, 778, 877, 949, 1040, 1124|0, 16, 265, 404, 486, 574, 755, 873, 1013, 1213|16, 274, 368, 509, 562, 791, 1100, 1188, 1237, 1278|70, 573, 623, 663, 753, 865, 963, 1040, 1234, 1343|233, 315, 396, 804, 962, 1033, 1052, 1135, 1254, 1348|]
jobshop_orb07-dl-10	629	180000	false	--	[|0, 32, 46, 61, 98, 116, 159, 178, 205, 233|32, 40, 116, 165, 264, 316, 335, 358, 377, 394|40, 65, 98, 125, 178, 199, 214, 227, 243, 316|65, 89, 125, 286, 315, 329, 346, 369, 384, 402|89, 116, 145, 184, 205, 220, 335, 384, 410, 454|0, 116, 199, 315, 394, 440, 456, 489, 514, 544|17, 205, 236, 360, 440, 453, 504, 523, 544, 556|32, 40, 69, 166, 332, 349, 410, 442, 462, 504|0, 69, 79, 111, 165, 489, 548, 574, 584, 600|61, 106, 159, 349, 407, 517, 544, 573, 585, 599|]
jobshop_orb07-dl-13	629	180000	false	--	[|0, 32, 46, 61, 98, 116, 159, 178, 205, 233|32, 40, 116, 165, 264, 316, 335, 358, 377, 394|40, 65, 98, 125, 178, 199, 214, 227, 243, 316|65, 89, 205, 286, 315, 329, 346, 369, 384, 402|89, 116, 145, 184, 205, 220, 335, 384, 410, 454|8, 116, 199, 315, 394, 440, 456, 489, 514, 544|25, 125, 156, 181, 193, 453, 504, 523, 544, 556|0, 8, 37, 156, 332, 349, 410, 442, 462, 504|0, 41, 51, 84, 165, 489, 548, 574, 584, 600|61, 152, 159, 349, 413, 477, 544, 573, 585, 599|]
jobshop_orb07-dl-16	629	180000	false	--	[|0, 32, 46, 61, 98, 116, 159, 178, 205, 233|32, 46, 116, 165, 264, 316, 335, 358, 377, 394|40, 76, 98, 125, 178, 199, 214, 227, 243, 316|65, 89, 125, 286, 315, 329, 346, 369, 384, 402|89, 116, 145, 184, 205, 220, 335, 384, 410, 454|0, 116, 199, 315, 394, 440, 456, 489, 514, 544|17, 205, 236, 360, 440, 453, 504, 523, 544, 600|32, 40, 69, 166, 332, 349, 410, 442, 462, 504|0, 69, 79, 111, 220, 489, 548, 574, 584, 600|71, 136, 159, 352, 431, 497, 544, 573, 585, 599|]
jobshop_orb08-dl-10	1282	180000	false	--	[|0, 55, 129, 174, 197, 273, 292, 310, 371, 415|55, 129, 174, 225, 273, 371, 382, 411, 463, 492|0, 172, 203, 315, 325, 463, 523, 581, 610, 662|88, 203, 274, 329, 387, 396, 581, 664, 754, 761|0, 118, 384, 476, 570, 664, 743, 777, 818, 826|7, 159, 476, 570, 664, 743, 837, 857, 880, 924|274, 298, 565, 612, 664, 837, 963, 1052, 1127, 1224|32, 104, 111, 329, 396, 523, 610, 662, 815, 908|164, 228, 283, 612, 661, 1005, 1052, 1127, 1227, 1239|357, 435, 758, 840, 889, 1034, 1108, 1159, 1224, 1261|]
jobshop_orb08-dl-13	1282	180000	false	--	[|0, 55, 129, 174, 197, 273, 292, 310, 371, 415|55, 129, 174, 225, 273, 371, 382, 411, 463, 492|0, 172, 203, 315, 325, 463, 523, 581, 610, 662|88, 203, 274, 329, 387, 396, 581, 664, 754, 761|0, 118, 384, 476, 570, 664, 743, 777, 818, 826|7, 159, 476, 570, 664, 743, 837, 857, 880, 924|274, 298, 565, 612, 664, 837, 963, 1052, 1127, 1224|32, 104, 111, 329, 396, 523, 610, 662, 815, 908|164, 225, 277, 612, 681, 1005, 1052, 1127, 1224, 1239|357, 434, 758, 847, 895, 1066, 1108, 1159, 1224, 1261|]
jobshop_orb08-dl-16	1282	180000	false	--	[|0, 55, 129, 174, 197, 273, 292, 310, 371, 415|55, 129, 174, 225, 273, 371, 382, 411, 463, 492|0, 172, 203, 315, 325, 463, 523, 581, 610, 662|88, 203, 274, 329, 387, 396, 581, 664, 754, 761|0, 118, 384, 476, 570, 664, 743, 777, 818, 826|7, 159, 476, 570, 664, 743, 837, 857, 880, 924|274, 298, 565, 612, 664, 837, 963, 1052, 1127, 1224|32, 104, 111, 329, 396, 523, 611, 662, 815, 908|165, 225, 277, 612, 618, 1005, 1052, 1127, 1225, 1239|357, 447, 759, 844, 859, 1050, 1108, 1159, 1224, 1261|]
jobshop_orb09-dl-10	1373	180000	false	--	[|0, 36, 132, 218, 225, 245, 254, 293, 372, 454|36, 52, 147, 254, 317, 404, 478, 540, 589, 681|52, 117, 188, 225, 292, 404, 452, 501, 567, 572|117, 197, 245, 251, 317, 415, 589, 682, 712, 746|167, 415, 712, 767, 845, 913, 994, 1084, 1159, 1225|132, 174, 266, 271, 452, 462, 492, 682, 732, 752|271, 309, 492, 752, 829, 861, 994, 1031, 1084, 1127|309, 328, 339, 428, 501, 573, 580, 732, 763, 845|328, 469, 540, 913, 1000, 1084, 1173, 1247, 1276, 1350|411, 462, 567, 767, 826, 953, 1058, 1134, 1265, 1354|]
jobshop_orb09-dl-13	1373	180000	false	--	[|0, 36, 132, 218, 225, 245, 254, 293, 372, 454|36, 52, 147, 254, 317, 404, 478, 540, 589, 681|52, 117, 188, 225, 292, 404, 452, 501, 567, 572|117, 197, 245, 251, 317, 415, 589, 682, 712, 746|167, 415, 712, 767, 845, 913, 994, 1084, 1159, 1225|132, 174, 266, 271, 452, 462, 492, 682, 732, 752|271, 309, 492, 752, 829, 861, 994, 1031, 1084, 1127|309, 328, 339, 428, 501, 573, 580, 732, 763, 845|328, 471, 540, 913, 1000, 1084, 1173, 1247, 1276, 1350|421, 490, 567, 777, 860, 989, 1059, 1187, 1265, 1354|]
jobshop_orb09-dl-16	1373	180000	false	--	[|0, 36, 132, 218, 225, 245, 254, 293, 372, 454|36, 52, 147, 254, 317, 404, 478, 540, 589, 681|52, 117, 188, 225, 292, 404, 452, 501, 567, 572|117, 197, 245, 251, 317, 415, 589, 682, 712, 746|167, 415, 712, 767, 845, 913, 994, 1084, 1159, 1225|132, 174, 266, 271, 452, 462, 492, 682, 732, 752|271, 309, 492, 752, 829, 861, 994, 1031, 1084, 1127|309, 328, 339, 428, 501, 573, 580, 732, 763, 845|328, 469, 540, 913, 1000, 1084, 1173, 1247, 1276, 1350|411, 462, 567, 767, 896, 986, 1058, 1132, 1265, 1354|]
jobshop_orb10-dl-10	1333	180000	false	--	[|0, 66, 79, 172, 263, 277, 347, 446, 499, 585|0, 66, 172, 263, 347, 409, 473, 499, 511, 601|165, 177, 328, 494, 586, 653, 681, 747, 830, 868|0, 77, 150, 232, 307, 473, 492, 510, 599, 607|234, 268, 392, 440, 653, 745, 785, 845, 907, 929|177, 203, 288, 599, 696, 788, 877, 952, 1029, 1124|79, 185, 228, 696, 788, 845, 907, 1029, 1124, 1184|228, 309, 440, 586, 928, 1006, 1062, 1113, 1184, 1237|309, 390, 511, 745, 800, 907, 1000, 1047, 1057, 1238|371, 516, 602, 747, 1006, 1062, 1160, 1214, 1253, 1289|]
jobshop_orb10-dl-13	1333	180000	false	--	[|0, 66, 79, 172, 263, 277, 347, 446, 499, 585|0, 66, 172, 263, 347, 409, 473, 499, 511, 601|165, 177, 328, 494, 586, 653, 681, 747, 830, 868|0, 77, 150, 232, 307, 473, 492, 510, 599, 607|234, 268, 392, 440, 653, 745, 785, 845, 907, 929|177, 203, 288, 599, 696, 788, 877, 952, 1029, 1124|79, 185, 228, 696, 788, 845, 929, 1029, 1124, 1184|228, 309, 440, 586, 950, 1028, 1084, 1135, 1184, 1237|309, 388, 511, 745, 803, 907, 1000, 1047, 1057, 1237|281, 434, 619, 752, 877, 930, 1047, 1103, 1143, 1177|]
jobshop_orb10-dl-16	1333	180000	false	--	[|0, 66, 79, 172, 263, 277, 347, 446, 499, 585|0, 66, 172, 263, 347, 409, 473, 499, 511, 601|165, 177, 328, 494, 586, 653, 681, 747, 830, 868|0, 77, 150, 232, 307, 473, 492, 510, 599, 607|234, 268, 392, 440, 653, 745, 785, 845, 907, 929|177, 203, 288, 599, 696, 788, 877, 952, 1029, 1124|79, 185, 228, 696, 788, 845, 955, 1029, 1124, 1184|228, 309, 440, 586, 877, 955, 1011, 1109, 1184, 1237|309, 388, 511, 745, 800, 907, 1000, 1047, 1057, 1237|320, 399, 604, 747, 976, 1028, 1139, 1193, 1241, 1286|]
jobshop_swv01-dl-10	1899	180000	false	--	[|0, 19, 46, 85, 98, 123, 160, 200, 254, 328|46, 123, 153, 154, 158, 328, 399, 401, 485, 516|0, 158, 238, 324, 379, 433, 516, 588, 674, 733|115, 238, 253, 324, 341, 371, 415, 588, 733, 808|154, 253, 433, 507, 546, 876, 976, 1019, 1036, 1043|85, 153, 202, 340, 395, 485, 558, 619, 671, 753|0, 279, 404, 447, 644, 683, 753, 771, 976, 1055|227, 297, 341, 527, 589, 785, 810, 829, 1055, 1096|19, 414, 507, 565, 683, 810, 818, 828, 845, 1096|35, 87, 148, 297, 379, 506, 546, 619, 1161, 1257|447, 653, 713, 777, 789, 828, 845, 909, 1257, 1278|218, 713, 784, 807, 882, 960, 1120, 1278, 1338, 1361|0, 43, 135, 546, 692, 799, 830, 1302, 1391, 1471|615, 807, 891, 915, 962, 1124, 1209, 1270, 1361, 1391|509, 697, 891, 962, 986, 1043, 1188, 1243, 1518, 1606|784, 859, 954, 1022, 1055, 1209, 1343, 1482, 1606, 1655|1029, 1133, 1158, 1168, 1189, 1389, 1395, 1454, 1647, 1722|382, 859, 1120, 1214, 1308, 1411, 1505, 1514, 1655, 1705|5, 1214, 1308, 1321, 1351, 1538, 1626, 1722, 1792, 1845|915, 1039, 1154, 1294, 1327, 1357, 1432, 1514, 1727, 1845|]
jobshop_swv01-dl-13	1842	180000	false	--	[|0, 19, 46, 85, 98, 123, 160, 200, 254, 328|46, 123, 153, 154, 158, 328, 399, 401, 485, 516|0, 158, 238, 324, 379, 433, 516, 588, 674, 733|115, 238, 253, 324, 341, 371, 415, 588, 733, 808|154, 253, 433, 507, 546, 876, 976, 1019, 1036, 1043|85, 153, 202, 340, 395, 485, 558, 619, 671, 753|0, 279, 404, 447, 644, 683, 753, 771, 976, 1055|227, 297, 341, 527, 589, 785, 810, 829, 1055, 1096|19, 414, 507, 565, 683, 810, 818, 828, 845, 1096|35, 87, 148, 297, 379, 506, 546, 619, 1161, 1257|447, 653, 713, 777, 789, 828, 845, 909, 1257, 1278|218, 713, 784, 807, 882, 960, 1120, 1278, 1338, 1361|0, 43, 135, 546, 692, 799, 830, 1302, 1391, 1471|615, 807, 891, 915, 962, 1124, 1209, 1270, 1361, 1391|509, 697, 891, 962, 986, 1043, 1155, 1243, 1518, 1606|784, 859, 954, 1022, 1055, 1209, 1343, 1482, 1606, 1655|1029, 1133, 1158, 1168, 1191, 1389, 1395, 1454, 1686, 1761|382, 859, 1120, 1214, 1308, 1411, 1505, 1512, 1655, 1714|5, 1214, 1308, 1321, 1351, 1538, 1626, 1647, 1693, 1788|923, 990, 1027, 1296, 1321, 1374, 1433, 1513, 1705, 1831|]
jobshop_swv01-dl-16	1899	180000	false	--	[|0, 19, 46, 85, 98, 123, 160, 200, 254, 328|46, 123, 153, 154, 158, 328, 399, 401, 485, 516|0, 158, 238, 324, 379, 433, 516, 588, 674, 733|115, 238, 253, 324, 341, 371, 415, 588, 733, 808|154, 253, 433, 507, 546, 876, 976, 1019, 1036, 1043|85, 153, 202, 340, 395, 485, 558, 619, 671, 753|0, 279, 404, 447, 644, 683, 753, 771, 976, 1055|227, 297, 341, 527, 589, 785, 810, 829, 1055, 1096|19, 414, 507, 565, 683, 810, 818, 828, 845, 1096|35, 87, 148, 297, 379, 506, 546, 619, 1161, 1257|447, 653, 713, 777, 789, 828, 845, 909, 1257, 1278|218, 713, 784, 807, 882, 960, 1120, 1278, 1338, 1361|0, 43, 135, 546, 692, 799, 830, 1302, 1391, 1706|615, 807, 891, 915, 962, 1124, 1209, 1270, 1361, 1391|509, 697, 891, 962, 986, 1043, 1155, 1243, 1395, 1483|784, 859, 954, 1022, 1055, 1229, 1343, 1524, 1555, 1655|1029, 1133, 1158, 1168, 1189, 1389, 1395, 1454, 1554, 1722|382, 859, 1120, 1214, 1368, 1411, 1547, 1554, 1655, 1705|5, 1214, 1308, 1321, 1351, 1538, 1626, 1738, 1792, 1845|927, 1059, 1090, 1291, 1321, 1345, 1432, 1629, 1754, 1857|]
jobshop_swv02-dl-10	2142	180000	false	--	[|0, 16, 74, 96, 120, 173, 182, 239, 302, 394|0, 74, 122, 136, 202, 226, 239, 437, 510, 529|136, 236, 326, 389, 403, 434, 461, 476, 510, 561|16, 173, 257, 309, 403, 499, 561, 635, 728, 773|0, 202, 326, 354, 499, 529, 635, 710, 719, 760|6, 100, 354, 529, 542, 586, 710, 779, 803, 874|257, 443, 542, 579, 594, 659, 773, 829, 920, 1003|434, 567, 666, 707, 775, 822, 920, 975, 1023, 1089|39, 114, 131, 256, 493, 728, 874, 971, 1069, 1137|182, 272, 309, 512, 605, 829, 975, 1069, 1088, 1112|364, 420, 656, 715, 753, 1137, 1236, 1265, 1318, 1325|715, 783, 833, 921, 1009, 1167, 1265, 1317, 1343, 1417|131, 547, 659, 921, 978, 1214, 1317, 1417, 1448, 1492|783, 872, 945, 978, 1009, 1228, 1339, 1530, 1571, 1608|872, 1058, 1155, 1255, 1347, 1372, 1448, 1571, 1622, 1680|420, 493, 948, 1033, 1155, 1343, 1608, 1647, 1745, 1832|0, 134, 362, 666, 751, 776, 1088, 1219, 1239, 1325|257, 1033, 1078, 1138, 1204, 1209, 1492, 1647, 1707, 1832|470, 775, 872, 987, 1078, 1707, 1888, 1981, 2081, 2091|100, 833, 1209, 1243, 1351, 1415, 1491, 1623, 1754, 1796|]
jobshop_swv02-dl-13	2142	180000	false	--	[|0, 16, 74, 96, 120, 173, 182, 239, 302, 394|0, 74, 122, 136, 202, 226, 239, 437, 510, 529|136, 236, 326, 389, 403, 434, 461, 476, 510, 561|16, 173, 257, 309, 403, 499, 561, 635, 728, 773|0, 202, 326, 354, 499, 529, 635, 710, 719, 760|6, 100, 354, 529, 542, 586, 710, 779, 803, 874|257, 443, 542, 579, 594, 659, 773, 829, 920, 1003|434, 567, 666, 707, 775, 822, 920, 975, 1023, 1089|39, 114, 131, 256, 493, 728, 874, 971, 1069, 1137|182, 272, 309, 512, 605, 829, 975, 1069, 1088, 1112|364, 420, 656, 715, 753, 1137, 1236, 1265, 1318, 1325|715, 783, 833, 921, 1009, 1167, 1265, 1317, 1343, 1417|131, 547, 659, 921, 978, 1214, 1317, 1417, 1448, 1492|783, 872, 945, 978, 1009, 1228, 1339, 1530, 1571, 1608|872, 1058, 1155, 1255, 1347, 1372, 1448, 1571, 1622, 1680|420, 493, 948, 1033, 1155, 1343, 1608, 1647, 1745, 1832|0, 134, 362, 666, 751, 776, 1088, 1219, 1239, 1325|257, 1033, 1078, 1138, 1204, 1209, 1492, 1647, 1707, 1832|470, 775, 872, 987, 1078, 1711, 1888, 1981, 2081, 2091|100, 833, 1209, 1243, 1352, 1423, 1510, 1623, 1758, 1817|]
jobshop_swv02-dl-16	2142	180000	false	--	[|0, 16, 74, 96, 120, 173, 182, 239, 302, 394|0, 74, 122, 136, 202, 226, 239, 437, 510, 529|136, 236, 326, 389, 403, 434, 461, 476, 510, 561|16, 173, 257, 309, 403, 499, 561, 635, 728, 773|0, 202, 326, 354, 499, 529, 635, 710, 719, 760|6, 100, 354, 529, 542, 586, 710, 779, 803, 874|257, 443, 542, 579, 594, 659, 773, 829, 920, 1003|434, 567, 666, 707, 775, 822, 920, 975, 1023, 1089|39, 114, 131, 256, 493, 728, 874, 971, 1069, 1137|182, 272, 309, 512, 605, 829, 975, 1069, 1088, 1112|364, 420, 656, 715, 753, 1137, 1236, 1265, 1318, 1325|715, 783, 833, 921, 1009, 1167, 1265, 1317, 1343, 1417|131, 547, 659, 921, 978, 1214, 1317, 1417, 1448, 1492|783, 872, 945, 978, 1009, 1228, 1339, 1530, 1571, 1608|872, 1058, 1155, 1255, 1347, 1372, 1448, 1571, 1622, 1680|420, 493, 948, 1033, 1155, 1343, 1608, 1647, 1745, 1832|0, 134, 362, 666, 751, 776, 1088, 1219, 1239, 1325|257, 1033, 1078, 1138, 1204, 1209, 1492, 1647, 1707, 1832|470, 775, 872, 987, 1078, 1707, 1888, 1981, 2081, 2091|100, 833, 1209, 1243, 1347, 1403, 1469, 1627, 1775, 1826|]
jobshop_swv03-dl-10	2095	180000	false	--	[|0, 19, 49, 117, 172, 196, 230, 302, 334, 396|19, 117, 172, 237, 253, 396, 491, 514, 596, 648|82, 237, 254, 333, 382, 394, 491, 558, 648, 701|49, 101, 196, 254, 349, 368, 598, 698, 729, 754|0, 128, 349, 417, 511, 743, 829, 864, 893, 949|0, 368, 421, 425, 511, 698, 864, 931, 1017, 1097|417, 499, 600, 612, 672, 797, 931, 1097, 1178, 1230|1, 421, 499, 568, 612, 949, 1017, 1046, 1157, 1178|93, 594, 676, 707, 752, 893, 1211, 1299, 1329, 1413|172, 186, 658, 753, 787, 800, 829, 936, 1012, 1230|562, 628, 707, 773, 819, 873, 981, 1290, 1296, 1358|628, 819, 871, 908, 982, 1074, 1117, 1213, 1302, 1375|871, 982, 1050, 1055, 1104, 1316, 1413, 1420, 1464, 1494|186, 720, 944, 1104, 1179, 1296, 1494, 1566, 1632, 1698|0, 717, 773, 842, 1050, 1441, 1566, 1592, 1754, 1831|207, 253, 1032, 1179, 1254, 1329, 1501, 1637, 1728, 1741|102, 104, 473, 753, 908, 1323, 1388, 1698, 1766, 1831|1114, 1243, 1292, 1296, 1298, 1766, 1865, 1892, 1960, 2006|927, 1009, 1292, 1392, 1458, 1523, 1639, 1865, 1959, 2009|226, 320, 832, 1101, 1177, 1339, 1388, 1597, 1616, 1929|]
jobshop_swv03-dl-13	2095	180000	false	--	[|0, 19, 49, 117, 172, 196, 230, 302, 334, 396|19, 117, 172, 237, 253, 396, 491, 514, 596, 648|82, 237, 254, 333, 382, 394, 491, 558, 648, 701|49, 101, 196, 254, 349, 368, 598, 698, 729, 754|0, 128, 349, 417, 511, 743, 829, 864, 893, 949|0, 368, 421, 425, 511, 698, 864, 931, 1017, 1097|417, 499, 600, 612, 672, 797, 931, 1097, 1178, 1230|76, 421, 499, 569, 612, 949, 1017, 1057, 1157, 1178|93, 594, 676, 707, 752, 893, 1211, 1299, 1329, 1413|172, 186, 658, 753, 787, 800, 829, 936, 1012, 1230|562, 628, 707, 773, 819, 873, 981, 1290, 1296, 1358|628, 819, 871, 908, 982, 1074, 1117, 1213, 1302, 1375|871, 982, 1050, 1055, 1104, 1316, 1413, 1420, 1464, 1494|186, 720, 944, 1104, 1179, 1296, 1494, 1566, 1632, 1698|0, 717, 773, 842, 1050, 1441, 1566, 1592, 1754, 1831|207, 253, 1032, 1179, 1254, 1329, 1501, 1637, 1728, 1741|102, 104, 473, 753, 908, 1323, 1388, 1698, 1766, 1831|1114, 1243, 1292, 1296, 1298, 1766, 1865, 1892, 1960, 2006|125, 787, 1292, 1392, 1458, 1523, 1633, 1865, 1959, 2006|226, 326, 832, 1101, 1177, 1342, 1388, 1456, 1502, 1929|]
jobshop_swv03-dl-16	2095	180000	false	--	[|0, 19, 49, 117, 172, 196, 230, 302, 334, 396|19, 117, 172, 237, 253, 396, 491, 514, 596, 648|82, 237, 254, 333, 382, 394, 491, 558, 648, 701|49, 101, 196, 254, 349, 368, 598, 698, 729, 754|0, 128, 349, 417, 511, 743, 829, 864, 893, 949|0, 368, 421, 425, 511, 698, 864, 931, 1017, 1097|417, 499, 600, 612, 672, 797, 931, 1097, 1178, 1230|1, 421, 499, 568, 612, 949, 1017, 1046, 1157, 1178|93, 594, 676, 707, 752, 893, 1211, 1299, 1329, 1413|172, 186, 658, 753, 787, 800, 829, 936, 1012, 1230|562, 628, 707, 773, 819, 873, 981, 1290, 1296, 1358|628, 819, 871, 908, 982, 1074, 1117, 1213, 1302, 1375|871, 982, 1050, 1055, 1104, 1316, 1413, 1420, 1464, 1494|186, 720, 944, 1104, 1179, 1296, 1494, 1566, 1632, 1698|0, 717, 773, 842, 1050, 1441, 1566, 1592, 1754, 1831|207, 253, 1032, 1179, 1254, 1329, 1514, 1637, 1728, 1741|113, 394, 473, 753, 908, 1323, 1388, 1698, 1766, 1831|1114, 1243, 1292, 1296, 1298, 1766, 1865, 1892, 1960, 2006|125, 787, 1292, 1392, 1458, 1523, 1632, 1865, 1959, 2087|226, 320, 832, 1101, 1177, 1339, 1794, 1893, 1913, 1928|]
jobshop_swv04-dl-10	2182	180000	false	--	[|0, 16, 75, 85, 180, 244, 336, 392, 395, 468|0, 5, 180, 210, 224, 320, 336, 409, 485, 578|0, 85, 160, 244, 274, 392, 412, 444, 578, 668|160, 210, 320, 372, 465, 485, 490, 501, 554, 668|75, 231, 247, 288, 465, 590, 645, 766, 768, 855|247, 366, 398, 565, 636, 674, 738, 754, 768, 809|35, 76, 189, 372, 636, 809, 910, 957, 1051, 1130|92, 344, 411, 482, 728, 850, 933, 978, 1067, 1148|485, 573, 632, 791, 854, 945, 981, 1067, 1148, 1192|16, 45, 115, 411, 580, 631, 828, 830, 886, 981|485, 854, 945, 946, 981, 1080, 1151, 1246, 1324, 1377|436, 864, 960, 981, 1071, 1126, 1204, 1324, 1459, 1514|671, 761, 825, 960, 1080, 1244, 1377, 1559, 1644, 1720|560, 617, 993, 1126, 1128, 1196, 1246, 1451, 1488, 1525|5, 761, 946, 1080, 1196, 1295, 1363, 1400, 1454, 1491|288, 701, 1103, 1273, 1316, 1358, 1525, 1624, 1720, 1800|774, 1195, 1316, 1319, 1406, 1644, 1706, 1758, 1846, 1914|45, 617, 631, 674, 830, 995, 1033, 1800, 1872, 1979|0, 807, 909, 1246, 1406, 1706, 1932, 1975, 2074, 2141|668, 862, 1028, 1243, 1283, 1323, 1514, 1943, 2037, 2069|]
jobshop_swv04-dl-13	2177	180000	false	--	[|0, 16, 75, 85, 180, 244, 336, 392, 395, 468|0, 5, 180, 210, 224, 320, 336, 409, 485, 578|0, 85, 160, 244, 274, 392, 412, 444, 578, 668|160, 210, 320, 372, 465, 485, 490, 501, 554, 668|75, 231, 247, 288, 465, 590, 645, 766, 768, 855|247, 366, 398, 565, 636, 674, 738, 754, 768, 809|35, 76, 189, 372, 636, 809, 910, 957, 1051, 1130|92, 344, 411, 482, 728, 850, 933, 978, 1067, 1148|485, 573, 632, 791, 854, 945, 981, 1067, 1148, 1192|16, 45, 115, 411, 580, 631, 828, 830, 886, 981|485, 854, 945, 946, 981, 1080, 1151, 1246, 1324, 1377|436, 864, 960, 981, 1071, 1126, 1204, 1324, 1459, 1514|671, 761, 825, 960, 1080, 1244, 1377, 1559, 1644, 1720|560, 617, 993, 1126, 1128, 1196, 1246, 1451, 1488, 1525|5, 761, 946, 1080, 1196, 1295, 1363, 1400, 1454, 1491|288, 701, 1103, 1273, 1316, 1358, 1525, 1624, 1720, 1800|774, 1195, 1316, 1319, 1406, 1644, 1706, 1758, 1846, 1914|45, 617, 631, 674, 830, 995, 1033, 1800, 1873, 1961|13, 807, 909, 1246, 1406, 1706, 1914, 1957, 2069, 2136|656, 901, 981, 1150, 1304, 1335, 1514, 1943, 2037, 2105|]
jobshop_swv04-dl-16	2182	180000	false	--	[|0, 16, 75, 85, 180, 244, 336, 392, 395, 468|0, 5, 180, 210, 224, 320, 336, 409, 485, 578|0, 85, 160, 244, 274, 392, 412, 444, 578, 668|160, 210, 320, 372, 465, 485, 490, 501, 554, 668|75, 231, 247, 288, 465, 590, 645, 766, 768, 855|247, 366, 398, 565, 636, 674, 738, 754, 768, 809|35, 76, 189, 372, 636, 809, 910, 957, 1051, 1130|92, 344, 411, 482, 728, 850, 933, 978, 1067, 1148|485, 573, 632, 791, 854, 945, 981, 1067, 1148, 1192|16, 45, 115, 411, 580, 631, 828, 830, 886, 981|485, 854, 945, 946, 981, 1080, 1151, 1246, 1324, 1377|436, 864, 960, 981, 1071, 1126, 1204, 1324, 1459, 1514|671, 761, 825, 960, 1080, 1244, 1377, 1559, 1644, 1720|560, 617, 993, 1126, 1128, 1196, 1246, 1451, 1488, 1525|5, 761, 946, 1080, 1196, 1295, 1363, 1400, 1454, 1491|288, 701, 1103, 1273, 1316, 1358, 1525, 1624, 1720, 1800|774, 1195, 1316, 1319, 1406, 1644, 1706, 1758, 1846, 1914|45, 617, 631, 674, 830, 995, 1033, 1800, 1872, 1914|0, 807, 909, 1246, 1406, 1706, 1932, 1975, 2074, 2141|690, 867, 993, 1244, 1275, 1335, 1514, 1943, 2037, 2124|]
jobshop_swv05-dl-10	2194	180000	false	--	[|0, 19, 49, 129, 213, 227, 278, 351, 442, 523|19, 93, 172, 213, 220, 286, 351, 444, 520, 541|0, 129, 211, 249, 322, 383, 617, 693, 779, 1183|90, 162, 184, 220, 297, 541, 639, 643, 670, 693|93, 172, 330, 425, 432, 520, 594, 639, 779, 839|0, 98, 177, 192, 213, 245, 269, 278, 444, 451|286, 337, 384, 425, 441, 492, 709, 873, 952, 955|192, 441, 500, 553, 573, 788, 808, 952, 1042, 1138|49, 322, 573, 670, 763, 1042, 1138, 1201, 1242, 1243|227, 337, 500, 592, 763, 1123, 1294, 1354, 1429, 1522|98, 414, 592, 650, 670, 839, 1198, 1354, 1429, 1555|384, 650, 675, 808, 897, 1278, 1522, 1595, 1623, 1717|675, 853, 938, 950, 1005, 1201, 1259, 1378, 1507, 1562|454, 553, 742, 764, 803, 1451, 1623, 1717, 1778, 1820|482, 590, 667, 750, 781, 824, 1525, 1778, 1812, 1846|297, 480, 803, 865, 947, 1027, 1033, 1602, 1631, 1825|0, 786, 836, 897, 1027, 1631, 1694, 1914, 1948, 2038|919, 1005, 1033, 1097, 1131, 1643, 1652, 1703, 1812, 1873|621, 894, 947, 1131, 1213, 1652, 1846, 1924, 2024, 2103|0, 594, 1067, 1158, 1311, 1463, 1835, 1875, 1925, 2125|]
jobshop_swv05-dl-13	2194	180000	false	--	[|0, 19, 49, 129, 213, 227, 278, 351, 442, 523|19, 93, 172, 213, 220, 286, 351, 444, 520, 541|0, 129, 211, 249, 322, 383, 617, 693, 779, 807|90, 162, 184, 220, 297, 541, 639, 643, 670, 693|93, 172, 330, 425, 432, 520, 594, 639, 779, 839|0, 98, 177, 192, 213, 245, 269, 278, 444, 451|286, 337, 384, 425, 441, 492, 709, 873, 952, 955|192, 441, 500, 553, 573, 842, 862, 952, 1042, 1138|49, 322, 573, 670, 763, 1042, 1138, 1201, 1242, 1243|227, 337, 500, 592, 763, 1123, 1294, 1354, 1429, 1522|98, 414, 592, 650, 670, 839, 1198, 1354, 1429, 1555|384, 650, 675, 808, 897, 1278, 1522, 1595, 1623, 1717|675, 853, 938, 950, 1005, 1201, 1259, 1378, 1507, 1562|454, 553, 742, 764, 803, 1451, 1623, 1717, 1778, 1820|482, 590, 667, 750, 781, 807, 1525, 1778, 1812, 1846|297, 480, 803, 865, 947, 1027, 1033, 1602, 1631, 1825|0, 786, 836, 897, 1027, 1631, 1694, 1914, 1948, 2038|919, 1005, 1033, 1097, 1131, 1643, 1652, 1703, 1812, 1873|621, 894, 970, 1131, 1398, 1652, 1846, 1924, 2024, 2103|0, 603, 1067, 1157, 1314, 1496, 1718, 1885, 1925, 2125|]
jobshop_swv05-dl-16	2194	180000	false	--	[|0, 19, 49, 129, 213, 227, 278, 351, 442, 523|19, 93, 172, 213, 220, 286, 351, 444, 520, 541|0, 129, 211, 249, 322, 383, 617, 693, 779, 807|90, 162, 184, 220, 297, 541, 639, 643, 670, 693|93, 172, 330, 425, 432, 520, 594, 639, 779, 839|0, 98, 177, 192, 213, 245, 269, 278, 444, 451|286, 337, 384, 425, 441, 492, 709, 873, 952, 955|192, 441, 500, 553, 573, 842, 862, 952, 1042, 1138|49, 322, 573, 670, 763, 1042, 1138, 1201, 1242, 1243|227, 337, 500, 592, 763, 1123, 1294, 1354, 1429, 1522|98, 414, 592, 650, 670, 839, 1198, 1354, 1429, 1555|384, 650, 675, 808, 897, 1278, 1522, 1595, 1623, 1717|675, 853, 938, 950, 1005, 1201, 1259, 1378, 1507, 1562|454, 553, 742, 764, 803, 1451, 1623, 1717, 1778, 1820|482, 590, 667, 750, 781, 807, 1525, 1778, 1812, 1846|297, 480, 803, 865, 947, 1027, 1033, 1602, 1631, 1825|0, 786, 836, 897, 1027, 1631, 1694, 1914, 1948, 2038|919, 1005, 1033, 1097, 1131, 1643, 1652, 1703, 1812, 1873|621, 894, 950, 1131, 1213, 1652, 1846, 1924, 2024, 2103|0, 196, 1067, 1170, 1331, 1614, 1720, 1875, 1954, 2125|]
jobshop_swv06-dl-10	2555	180000	false	--	[|0, 16, 74, 96, 120, 173, 182, 239, 302, 394, 437, 478, 504, 524, 568|96, 185, 279, 365, 378, 432, 473, 528, 626, 664, 744, 745, 845, 935, 998|16, 74, 182, 214, 289, 365, 422, 461, 524, 552, 661, 691, 748, 823, 832|0, 37, 173, 239, 263, 334, 473, 552, 571, 616, 845, 916, 998, 1059, 1065|37, 94, 149, 298, 382, 432, 547, 691, 744, 803, 902, 943, 1012, 1026, 1097|0, 185, 279, 378, 456, 534, 544, 592, 699, 720, 1011, 1086, 1097, 1152, 1245|592, 692, 744, 798, 835, 861, 935, 1026, 1086, 1245, 1339, 1412, 1467, 1535, 1585|10, 382, 511, 518, 590, 652, 682, 777, 823, 888, 1152, 1296, 1412, 1476, 1557|0, 42, 652, 798, 935, 1027, 1080, 1169, 1221, 1385, 1393, 1462, 1585, 1611, 1687|170, 266, 313, 431, 534, 573, 857, 1059, 1115, 1213, 1269, 1365, 1476, 1611, 1673|0, 313, 456, 692, 733, 774, 835, 931, 948, 1043, 1072, 1339, 1467, 1622, 1719|1, 724, 811, 931, 993, 1080, 1169, 1264, 1571, 1613, 1699, 1767, 1849, 1931, 1983|214, 530, 590, 811, 813, 861, 1027, 1097, 1393, 1511, 1516, 1719, 1849, 1867, 2080|17, 334, 567, 620, 627, 646, 744, 807, 1516, 1751, 1828, 1943, 2030, 2143, 2187|733, 1031, 1122, 1264, 1322, 1399, 1450, 1464, 1465, 1531, 1867, 1907, 2002, 2187, 2241|0, 120, 620, 843, 882, 889, 944, 1241, 1410, 1557, 1758, 1784, 2030, 2099, 2146|57, 81, 1049, 1146, 1163, 1322, 1377, 1586, 1656, 1743, 1907, 1983, 2241, 2292, 2306|0, 672, 1146, 1170, 1266, 1464, 1531, 1743, 1834, 1927, 2099, 2146, 2292, 2338, 2421|46, 882, 1163, 1194, 1316, 1377, 1460, 1490, 1613, 1877, 1931, 2012, 2021, 2118, 2207|95, 1022, 1460, 1463, 1622, 1708, 1782, 1783, 1843, 1948, 2027, 2303, 2378, 2450, 2497|]
jobshop_swv06-dl-13	2555	180000	false	--	[|0, 16, 74, 96, 120, 173, 182, 239, 302, 394, 437, 478, 504, 524, 568|96, 185, 279, 365, 378, 432, 473, 528, 626, 664, 744, 745, 845, 935, 998|16, 74, 182, 214, 289, 365, 422, 461, 524, 552, 661, 691, 748, 823, 832|0, 37, 173, 239, 263, 334, 473, 552, 571, 616, 845, 916, 998, 1059, 1065|37, 94, 149, 298, 382, 432, 547, 691, 744, 803, 902, 943, 1012, 1026, 1097|0, 185, 279, 378, 456, 534, 544, 592, 699, 720, 1011, 1086, 1097, 1152, 1245|592, 692, 744, 798, 835, 861, 935, 1026, 1086, 1245, 1339, 1412, 1467, 1535, 1585|10, 382, 511, 518, 590, 652, 682, 777, 823, 888, 1152, 1296, 1412, 1476, 1557|0, 42, 652, 798, 935, 1027, 1080, 1169, 1221, 1385, 1393, 1462, 1585, 1611, 1687|170, 266, 313, 431, 534, 573, 857, 1059, 1115, 1213, 1269, 1365, 1476, 1611, 1673|0, 313, 456, 692, 733, 774, 835, 931, 948, 1043, 1072, 1339, 1467, 1622, 1719|1, 724, 811, 931, 993, 1080, 1169, 1264, 1571, 1613, 1699, 1767, 1849, 1931, 1983|214, 530, 590, 811, 813, 861, 1027, 1097, 1393, 1511, 1516, 1719, 1849, 1867, 2080|17, 334, 567, 620, 627, 646, 744, 807, 1516, 1751, 1828, 1943, 2030, 2143, 2187|733, 1031, 1122, 1264, 1322, 1399, 1450, 1464, 1465, 1531, 1867, 1907, 2002, 2187, 2241|0, 120, 620, 843, 882, 889, 944, 1241, 1410, 1557, 1758, 1784, 2030, 2099, 2146|57, 81, 1049, 1146, 1163, 1322, 1377, 1586, 1656, 1743, 1907, 1983, 2241, 2292, 2306|0, 672, 1146, 1170, 1266, 1464, 1594, 1743, 1834, 1927, 2099, 2146, 2292, 2338, 2421|46, 890, 1163, 1194, 1316, 1377, 1460, 1490, 1613, 1877, 1931, 2012, 2021, 2118, 2207|98, 1022, 1460, 1462, 1508, 1594, 1720, 1767, 1811, 1942, 2149, 2303, 2378, 2450, 2497|]
jobshop_swv06-dl-16	2555	180000	false	--	[|0, 16, 74, 96, 120, 173, 182, 239, 302, 394, 437, 478, 504, 524, 568|96, 185, 279, 365, 378, 432, 473, 528, 626, 664, 744, 745, 845, 935, 998|16, 74, 182, 214, 289, 365, 422, 461, 524, 552, 661, 691, 748, 823, 832|0, 37, 173, 239, 263, 334, 473, 552, 571, 616, 845, 916, 998, 1059, 1065|37, 94, 149, 298, 382, 432, 547, 691, 744, 803, 902, 943, 1012, 1026, 1097|0, 185, 279, 378, 456, 534, 544, 592, 699, 720, 1011, 1086, 1097, 1152, 1245|592, 692, 744, 798, 835, 861, 935, 1026, 1086, 1245, 1339, 1412, 1467, 1535, 1585|10, 382, 511, 518, 590, 652, 682, 777, 823, 888, 1152, 1296, 1412, 1476, 1557|0, 42, 652, 798, 935, 1027, 1080, 1169, 1221, 1385, 1393, 1462, 1585, 1611, 1687|170, 266, 313, 431, 534, 573, 857, 1059, 1115, 1213, 1269, 1365, 1476, 1611, 1673|0, 313, 456, 692, 733, 774, 835, 931, 948, 1043, 1072, 1339, 1467, 1622, 1719|1, 724, 811, 931, 993, 1080, 1169, 1265, 1571, 1613, 1699, 1767, 1849, 1931, 1983|214, 530, 590, 811, 813, 861, 1027, 1097, 1393, 1511, 1516, 1719, 1849, 1867, 2080|17, 334, 567, 620, 627, 646, 744, 807, 1516, 1751, 1828, 1943, 2030, 2143, 2187|733, 1031, 1122, 1264, 1322, 1399, 1450, 1464, 1465, 1531, 1867, 1907, 2002, 2187, 2241|0, 120, 620, 843, 882, 889, 944, 1241, 1410, 1557, 1758, 1784, 2030, 2099, 2146|57, 81, 1049, 1146, 1259, 1322, 1377, 1586, 1656, 1743, 1907, 1983, 2241, 2292, 2306|0, 673, 1146, 1163, 1259, 1309, 1376, 1743, 1834, 1927, 2099, 2146, 2292, 2338, 2421|46, 882, 1163, 1194, 1309, 1377, 1460, 1490, 1613, 1877, 1931, 2012, 2021, 2118, 2207|556, 1022, 1460, 1462, 1509, 1596, 1693, 1772, 1824, 1941, 2207, 2303, 2378, 2450, 2497|]
jobshop_swv07-dl-10	2617	180000	false	--	[|0, 92, 141, 234, 282, 283, 335, 392, 408, 414, 420, 439, 535, 562, 638|0, 92, 282, 334, 421, 515, 598, 607, 698, 745, 808, 839, 865, 911, 960|0, 34, 68, 234, 316, 392, 435, 535, 638, 693, 727, 804, 824, 913, 936|188, 237, 334, 515, 607, 671, 722, 806, 848, 853, 913, 933, 1026, 1074, 1149|0, 35, 237, 386, 435, 598, 678, 839, 960, 1026, 1046, 1146, 1174, 1245, 1246|252, 435, 513, 678, 722, 750, 777, 848, 881, 927, 977, 985, 990, 1003, 1074|0, 105, 316, 459, 534, 539, 604, 704, 936, 1045, 1149, 1249, 1341, 1379, 1426|68, 166, 591, 819, 876, 969, 1043, 1134, 1246, 1305, 1522, 1604, 1669, 1677, 1689|0, 83, 321, 539, 666, 747, 777, 1146, 1246, 1327, 1356, 1387, 1434, 1604, 1681|35, 53, 127, 164, 368, 486, 969, 1060, 1245, 1302, 1402, 1502, 1561, 1638, 1659|446, 488, 681, 777, 847, 876, 950, 1003, 1053, 1174, 1302, 1390, 1502, 1544, 1578|0, 190, 378, 385, 421, 488, 614, 684, 977, 1081, 1390, 1681, 1768, 1773, 1872|335, 684, 950, 1000, 1043, 1066, 1094, 1230, 1253, 1435, 1544, 1638, 1700, 1872, 1956|506, 1000, 1067, 1152, 1240, 1258, 1271, 1356, 1475, 1485, 1537, 1773, 1942, 1961, 1982|120, 164, 224, 723, 793, 847, 849, 1246, 1700, 1765, 1818, 1914, 1915, 1959, 2025|166, 276, 400, 519, 700, 758, 793, 865, 932, 943, 1379, 1457, 1855, 1899, 1961|36, 236, 535, 854, 922, 1067, 1152, 1321, 1899, 1942, 1959, 2025, 2102, 2202, 2284|4, 224, 704, 1240, 1310, 1373, 1432, 1474, 1640, 2102, 2152, 2173, 2202, 2285, 2349|635, 1078, 1106, 1185, 1210, 1341, 1365, 1982, 2202, 2295, 2369, 2391, 2464, 2539, 2608|96, 922, 969, 1185, 1310, 1384, 1734, 1820, 1942, 2047, 2077, 2173, 2284, 2370, 2453|]
jobshop_swv07-dl-13	2617	180000	false	--	[|0, 92, 141, 234, 282, 283, 335, 392, 408, 414, 420, 439, 535, 562, 638|0, 92, 282, 334, 421, 515, 598, 607, 698, 745, 808, 839, 865, 911, 960|0, 34, 68, 234, 316, 392, 435, 535, 638, 693, 727, 804, 824, 913, 936|188, 237, 334, 515, 607, 671, 722, 806, 848, 853, 913, 933, 1026, 1074, 1149|0, 35, 237, 386, 435, 598, 678, 839, 960, 1026, 1046, 1146, 1174, 1245, 1246|252, 435, 513, 678, 722, 750, 777, 848, 881, 927, 977, 985, 990, 1003, 1074|0, 105, 316, 459, 534, 539, 604, 704, 936, 1045, 1149, 1249, 1341, 1379, 1426|68, 166, 591, 819, 876, 969, 1043, 1134, 1246, 1305, 1522, 1604, 1669, 1677, 1689|0, 83, 321, 539, 666, 747, 777, 1146, 1246, 1327, 1356, 1387, 1434, 1604, 1681|35, 53, 127, 164, 368, 486, 969, 1060, 1245, 1302, 1402, 1502, 1561, 1638, 1659|446, 488, 681, 777, 847, 876, 950, 1003, 1053, 1174, 1302, 1390, 1502, 1544, 1578|0, 190, 378, 385, 421, 488, 614, 684, 977, 1081, 1390, 1681, 1768, 1773, 1872|335, 684, 950, 1000, 1043, 1066, 1094, 1230, 1253, 1435, 1544, 1638, 1700, 1872, 1956|506, 1000, 1067, 1152, 1240, 1258, 1271, 1356, 1475, 1485, 1537, 1773, 1942, 1961, 1982|120, 164, 224, 723, 793, 847, 849, 1246, 1700, 1765, 1818, 1914, 1915, 1959, 2025|166, 276, 400, 519, 700, 758, 793, 865, 932, 943, 1379, 1457, 1855, 1899, 1961|36, 235, 535, 854, 922, 1067, 1152, 1321, 1899, 1942, 1959, 2025, 2102, 2202, 2284|4, 224, 704, 1240, 1310, 1373, 1432, 1474, 1650, 2102, 2152, 2173, 2202, 2285, 2349|598, 1078, 1106, 1185, 1213, 1341, 1365, 2107, 2202, 2295, 2369, 2391, 2464, 2539, 2608|95, 922, 1022, 1264, 1313, 1344, 1388, 1827, 1942, 2047, 2077, 2173, 2284, 2370, 2460|]
jobshop_swv07-dl-16	2617	180000	false	--	[|0, 92, 141, 234, 282, 283, 335, 392, 408, 414, 420, 439, 535, 562, 638|0, 92, 282, 334, 421, 515, 598, 607, 698, 745, 808, 839, 865, 911, 960|0, 34, 68, 234, 316, 392, 435, 535, 638, 693, 727, 804, 824, 913, 936|188, 237, 334, 515, 607, 671, 722, 806, 848, 853, 913, 933, 1026, 1074, 1149|0, 35, 237, 386, 435, 598, 678, 839, 960, 1026, 1046, 1146, 1174, 1245, 1246|252, 435, 513, 678, 722, 750, 777, 848, 881, 927, 977, 985, 990, 1003, 1074|0, 105, 316, 459, 534, 539, 604, 704, 936, 1045, 1149, 1249, 1341, 1379, 1426|68, 166, 591, 819, 876, 969, 1043, 1134, 1246, 1305, 1522, 1604, 1669, 1677, 1689|0, 83, 321, 539, 666, 747, 777, 1146, 1246, 1327, 1356, 1387, 1434, 1604, 1681|35, 53, 127, 164, 368, 486, 969, 1060, 1245, 1302, 1402, 1502, 1561, 1638, 1659|446, 488, 681, 777, 847, 876, 950, 1003, 1053, 1174, 1302, 1390, 1502, 1544, 1578|0, 190, 378, 385, 421, 488, 614, 684, 977, 1081, 1390, 1681, 1768, 1773, 1872|335, 684, 950, 1000, 1043, 1066, 1094, 1230, 1253, 1435, 1544, 1638, 1700, 1872, 1956|506, 1000, 1067, 1152, 1240, 1258, 1271, 1356, 1475, 1485, 1537, 1773, 1942, 1961, 1982|120, 164, 224, 723, 793, 847, 849, 1246, 1700, 1765, 1818, 1914, 1915, 1959, 2025|166, 276, 400, 519, 700, 758, 793, 865, 932, 943, 1379, 1457, 1855, 1899, 1961|36, 235, 535, 854, 922, 1067, 1152, 1321, 1899, 1942, 1959, 2025, 2102, 2202, 2284|4, 224, 704, 1240, 1310, 1373, 1432, 1474, 1638, 2102, 2152, 2173, 2202, 2285, 2349|598, 1078, 1106, 1185, 1210, 1341, 1365, 1982, 2202, 2295, 2369, 2391, 2464, 2539, 2608|112, 922, 1014, 1185, 1310, 1320, 1535, 1579, 1943, 2047, 2077, 2263, 2284, 2370, 2453|]
jobshop_swv08-dl-10	2637	180000	false	--	[|0, 8, 81, 130, 154, 235, 303, 326, 395, 469, 514, 518, 577, 602, 672|8, 42, 75, 82, 151, 235, 253, 291, 395, 407, 514, 672, 753, 834, 925|0, 8, 42, 205, 288, 306, 388, 456, 577, 631, 637, 740, 834, 854, 947|0, 41, 456, 547, 599, 629, 630, 925, 977, 1018, 1063, 1106, 1203, 1267, 1338|113, 161, 205, 254, 346, 388, 417, 631, 710, 809, 977, 1063, 1203, 1338, 1414|161, 346, 417, 459, 552, 632, 686, 780, 860, 991, 1030, 1267, 1362, 1374, 1482|326, 686, 761, 770, 816, 907, 1000, 1106, 1183, 1401, 1451, 1533, 1607, 1674, 1746|416, 471, 561, 630, 761, 836, 859, 1030, 1084, 1272, 1374, 1441, 1456, 1504, 1604|28, 306, 561, 601, 690, 859, 918, 1056, 1183, 1304, 1375, 1403, 1546, 1628, 1629|99, 288, 334, 384, 552, 601, 695, 698, 758, 1124, 1246, 1247, 1362, 1384, 1746|0, 217, 471, 770, 1000, 1095, 1127, 1217, 1265, 1533, 1674, 1758, 1835, 1881, 1946|41, 1093, 1190, 1267, 1349, 1363, 1381, 1504, 1556, 1631, 1835, 1870, 1946, 2030, 2036|632, 698, 907, 964, 1190, 1227, 1349, 1796, 1870, 1896, 1937, 1944, 2030, 2128, 2195|0, 94, 471, 867, 935, 996, 1030, 1181, 1238, 1334, 1724, 1809, 2036, 2129, 2218|388, 836, 996, 1047, 1051, 1227, 1321, 1384, 1441, 1497, 1570, 1758, 1868, 1891, 1981|437, 527, 784, 871, 889, 964, 1047, 1115, 1891, 1986, 2129, 2223, 2291, 2313, 2341|130, 505, 528, 629, 694, 1095, 1192, 1285, 1429, 1451, 1556, 1986, 2020, 2032, 2130|81, 210, 230, 519, 545, 871, 1087, 1607, 1809, 1847, 1981, 2130, 2313, 2354, 2360|572, 1032, 1192, 1267, 1295, 1394, 1435, 1643, 1703, 2117, 2218, 2277, 2360, 2436, 2525|1044, 1155, 1201, 1226, 1361, 1426, 1507, 1705, 2142, 2242, 2354, 2436, 2523, 2594, 2618|]
jobshop_swv08-dl-13	2637	180000	false	--	[|0, 8, 81, 130, 154, 235, 303, 326, 395, 469, 514, 518, 577, 602, 672|8, 42, 75, 82, 151, 235, 253, 291, 395, 407, 514, 672, 753, 834, 925|0, 8, 42, 205, 288, 306, 388, 456, 577, 631, 637, 740, 834, 854, 947|0, 41, 456, 547, 599, 629, 630, 925, 977, 1018, 1063, 1106, 1203, 1267, 1338|113, 161, 205, 254, 346, 388, 417, 631, 710, 809, 977, 1063, 1203, 1338, 1414|161, 346, 417, 459, 552, 632, 686, 780, 860, 991, 1030, 1267, 1362, 1374, 1482|326, 686, 761, 770, 816, 907, 1000, 1106, 1183, 1401, 1451, 1533, 1607, 1674, 1746|416, 471, 561, 630, 761, 836, 859, 1030, 1084, 1272, 1374, 1441, 1456, 1504, 1604|28, 306, 561, 601, 690, 859, 918, 1056, 1183, 1304, 1375, 1403, 1546, 1628, 1629|99, 288, 334, 384, 552, 601, 695, 698, 758, 1124, 1246, 1247, 1362, 1384, 1746|0, 217, 471, 770, 1000, 1095, 1127, 1217, 1265, 1533, 1674, 1758, 1835, 1881, 1946|41, 1093, 1190, 1267, 1349, 1363, 1381, 1504, 1556, 1631, 1835, 1870, 1946, 2030, 2036|632, 698, 907, 964, 1190, 1227, 1349, 1796, 1870, 1896, 1937, 1944, 2030, 2128, 2195|0, 94, 471, 867, 935, 996, 1030, 1181, 1238, 1334, 1724, 1809, 2036, 2129, 2218|388, 836, 996, 1047, 1051, 1227, 1321, 1384, 1441, 1497, 1570, 1758, 1868, 1891, 1981|437, 527, 784, 871, 889, 964, 1047, 1115, 1891, 1986, 2129, 2223, 2291, 2313, 2341|130, 505, 528, 629, 694, 1095, 1192, 1285, 1429, 1451, 1556, 1986, 2020, 2032, 2130|81, 210, 230, 519, 545, 871, 1087, 1607, 1809, 1847, 1981, 2130, 2313, 2354, 2360|572, 1032, 1192, 1267, 1295, 1394, 1435, 1643, 1703, 2117, 2218, 2277, 2360, 2436, 2525|1045, 1155, 1202, 1335, 1379, 1426, 1533, 1774, 2155, 2243, 2354, 2436, 2523, 2594, 2618|]
jobshop_swv08-dl-16	2637	180000	false	--	[|0, 8, 81, 130, 154, 235, 303, 326, 395, 469, 514, 518, 577, 602, 672|8, 42, 75, 82, 151, 235, 253, 291, 395, 407, 514, 672, 753, 834, 925|0, 8, 42, 205, 288, 306, 388, 456, 577, 631, 637, 740, 834, 854, 947|0, 41, 456, 547, 599, 629, 630, 925, 977, 1018, 1063, 1106, 1203, 1267, 1338|113, 161, 205, 254, 346, 388, 417, 631, 710, 809, 977, 1063, 1203, 1338, 1414|161, 346, 417, 459, 552, 632, 686, 780, 860, 991, 1030, 1267, 1362, 1374, 1482|326, 686, 761, 770, 816, 907, 1000, 1106, 1183, 1401, 1451, 1533, 1607, 1674, 1746|416, 471, 561, 630, 761, 836, 859, 1030, 1084, 1272, 1374, 1441, 1456, 1504, 1604|28, 306, 561, 601, 690, 859, 918, 1056, 1183, 1304, 1375, 1403, 1546, 1628, 1629|99, 288, 334, 384, 552, 601, 695, 698, 758, 1124, 1246, 1247, 1362, 1384, 1746|0, 217, 471, 770, 1000, 1095, 1127, 1217, 1265, 1533, 1674, 1758, 1835, 1881, 1946|41, 1093, 1190, 1267, 1349, 1363, 1381, 1504, 1556, 1631, 1835, 1870, 1946, 2030, 2036|632, 698, 907, 964, 1190, 1227, 1349, 1796, 1870, 1896, 1937, 1944, 2030, 2128, 2195|0, 94, 471, 867, 935, 996, 1030, 1181, 1238, 1334, 1724, 1809, 2036, 2129, 2218|388, 836, 996, 1047, 1051, 1227, 1321, 1384, 1441, 1497, 1570, 1758, 1868, 1891, 1981|437, 527, 784, 871, 889, 964, 1047, 1115, 1891, 1986, 2129, 2223, 2291, 2313, 2341|130, 505, 528, 629, 694, 1095, 1192, 1285, 1429, 1451, 1556, 1986, 2020, 2032, 2130|81, 210, 230, 519, 545, 871, 1087, 1607, 1809, 1847, 1981, 2130, 2313, 2354, 2360|572, 1032, 1192, 1267, 1295, 1394, 1436, 1643, 1703, 2117, 2218, 2277, 2360, 2436, 2544|1044, 1155, 1201, 1241, 1393, 1432, 1441, 1813, 2153, 2250, 2354, 2436, 2523, 2594, 2618|]
jobshop_swv09-dl-10	2610	180000	false	--	[|0, 8, 81, 150, 188, 194, 256, 334, 413, 472, 549, 571, 651, 709, 758|81, 115, 188, 257, 262, 334, 416, 510, 571, 665, 694, 699, 806, 821, 882|0, 52, 150, 194, 211, 257, 343, 346, 416, 450, 473, 549, 625, 709, 821|0, 50, 115, 175, 416, 513, 592, 684, 780, 832, 907, 981, 1040, 1115, 1199|82, 262, 323, 370, 510, 592, 613, 665, 678, 758, 841, 943, 981, 1115, 1185|0, 48, 257, 323, 559, 561, 619, 694, 882, 948, 960, 996, 1000, 1199, 1298|139, 228, 253, 346, 433, 513, 557, 749, 960, 1046, 1120, 1263, 1322, 1416, 1474|70, 257, 415, 613, 682, 726, 819, 1120, 1200, 1263, 1322, 1325, 1404, 1443, 1523|52, 121, 509, 682, 701, 787, 803, 834, 1200, 1325, 1344, 1387, 1490, 1527, 1562|323, 398, 911, 952, 1012, 1071, 1113, 1173, 1263, 1294, 1562, 1616, 1676, 1696, 1757|408, 561, 581, 701, 779, 781, 802, 865, 944, 1046, 1269, 1416, 1616, 1713, 1754|0, 97, 643, 779, 857, 871, 880, 931, 1000, 1387, 1487, 1552, 1595, 1605, 1619|98, 398, 476, 952, 1027, 1113, 1194, 1339, 1523, 1577, 1614, 1621, 1659, 1684, 1762|475, 619, 851, 880, 922, 1027, 1194, 1439, 1621, 1762, 1776, 1868, 1968, 2017, 2063|519, 591, 644, 877, 1100, 1283, 1370, 1383, 1454, 1500, 1706, 1868, 1968, 2044, 2075|591, 787, 942, 975, 1011, 1017, 1113, 1571, 1870, 1949, 2063, 2102, 2136, 2190, 2210|148, 411, 525, 727, 819, 871, 1159, 1479, 1676, 1754, 1761, 2190, 2285, 2347, 2401|433, 644, 696, 1193, 1290, 1377, 1464, 1475, 1852, 1949, 2102, 2145, 2184, 2218, 2248|121, 230, 657, 834, 1290, 1383, 1475, 1638, 1713, 1795, 1891, 1918, 2065, 2141, 2203|172, 179, 933, 1222, 1353, 1396, 1508, 1659, 1726, 1778, 1892, 2289, 2401, 2435, 2514|]
jobshop_swv09-dl-13	2610	180000	false	--	[|0, 8, 81, 150, 188, 194, 256, 334, 413, 472, 549, 571, 651, 709, 758|81, 115, 188, 257, 262, 334, 416, 510, 571, 665, 694, 699, 806, 821, 882|0, 52, 150, 194, 211, 257, 343, 346, 416, 450, 473, 549, 625, 709, 821|0, 50, 115, 175, 416, 513, 592, 684, 780, 832, 907, 981, 1040, 1115, 1199|82, 262, 323, 370, 510, 592, 613, 665, 678, 758, 841, 943, 981, 1115, 1185|0, 48, 257, 323, 559, 561, 619, 694, 882, 948, 960, 996, 1000, 1199, 1298|139, 228, 253, 346, 433, 513, 557, 749, 960, 1046, 1120, 1263, 1322, 1416, 1474|70, 257, 415, 613, 682, 726, 819, 1120, 1200, 1263, 1322, 1325, 1404, 1443, 1523|52, 121, 509, 682, 701, 787, 803, 834, 1200, 1325, 1344, 1387, 1490, 1527, 1562|323, 398, 911, 952, 1012, 1071, 1113, 1173, 1263, 1294, 1562, 1616, 1676, 1696, 1757|408, 561, 581, 701, 779, 781, 802, 865, 944, 1046, 1269, 1416, 1616, 1713, 1754|0, 97, 643, 779, 857, 871, 880, 931, 1000, 1387, 1487, 1552, 1595, 1605, 1619|98, 398, 476, 952, 1027, 1113, 1194, 1339, 1523, 1577, 1614, 1621, 1659, 1684, 1762|475, 619, 851, 880, 922, 1027, 1194, 1439, 1621, 1762, 1776, 1868, 1968, 2017, 2063|519, 591, 644, 877, 1100, 1283, 1370, 1383, 1454, 1500, 1706, 1868, 1968, 2044, 2075|591, 787, 942, 975, 1011, 1017, 1113, 1571, 1870, 1949, 2063, 2102, 2136, 2190, 2210|148, 411, 525, 727, 819, 871, 1159, 1479, 1676, 1754, 1761, 2190, 2285, 2347, 2401|433, 644, 696, 1193, 1290, 1377, 1464, 1475, 1852, 1949, 2102, 2145, 2184, 2218, 2248|121, 230, 657, 834, 1290, 1383, 1475, 1638, 1713, 1795, 1891, 1918, 2065, 2141, 2262|160, 167, 931, 1080, 1353, 1396, 1492, 1659, 1726, 1777, 1779, 2262, 2401, 2435, 2514|]
jobshop_swv09-dl-16	2610	180000	false	--	[|0, 8, 81, 150, 188, 194, 256, 334, 413, 472, 549, 571, 651, 709, 758|81, 115, 188, 257, 262, 334, 416, 510, 571, 665, 694, 699, 806, 821, 882|0, 52, 150, 194, 211, 257, 343, 346, 416, 450, 473, 549, 625, 709, 821|0, 50, 115, 175, 416, 513, 592, 684, 780, 832, 907, 981, 1040, 1115, 1199|82, 262, 323, 370, 510, 592, 613, 665, 678, 758, 841, 943, 981, 1115, 1185|0, 48, 257, 323, 559, 561, 619, 694, 882, 948, 960, 996, 1000, 1199, 1298|139, 228, 253, 346, 433, 513, 557, 749, 960, 1046, 1120, 1263, 1322, 1416, 1474|70, 257, 415, 613, 682, 726, 819, 1120, 1200, 1263, 1322, 1325, 1404, 1443, 1523|52, 121, 509, 682, 701, 787, 803, 834, 1200, 1325, 1344, 1387, 1490, 1527, 1562|323, 398, 911, 952, 1012, 1071, 1113, 1173, 1263, 1294, 1562, 1616, 1676, 1696, 1757|408, 561, 581, 701, 779, 781, 802, 865, 944, 1046, 1269, 1416, 1616, 1713, 1754|0, 97, 643, 779, 857, 871, 880, 931, 1000, 1387, 1487, 1552, 1595, 1605, 1619|98, 398, 476, 952, 1027, 1113, 1194, 1339, 1523, 1577, 1614, 1621, 1659, 1684, 1762|475, 619, 851, 880, 922, 1027, 1194, 1439, 1621, 1762, 1776, 1868, 1968, 2017, 2063|519, 591, 644, 877, 1100, 1283, 1370, 1383, 1454, 1500, 1706, 1868, 1968, 2044, 2075|591, 787, 942, 975, 1011, 1017, 1113, 1571, 1870, 1949, 2063, 2102, 2136, 2190, 2210|148, 411, 525, 727, 819, 871, 1159, 1479, 1676, 1754, 1761, 2190, 2285, 2347, 2401|433, 644, 696, 1193, 1290, 1377, 1464, 1475, 1852, 1949, 2102, 2145, 2184, 2218, 2248|121, 230, 657, 834, 1290, 1383, 1475, 1638, 1713, 1795, 1891, 1918, 2065, 2141, 2203|160, 343, 931, 1264, 1353, 1396, 1578, 1659, 1726, 1776, 1864, 2262, 2401, 2435, 2514|]
jobshop_swv10-dl-10	2539	180000	false	--	[|0, 8, 81, 160, 255, 324, 333, 338, 423, 475, 518, 550, 641, 665, 754|0, 160, 230, 314, 338, 356, 376, 447, 468, 528, 665, 754, 806, 840, 863|45, 61, 230, 315, 356, 447, 545, 735, 812, 872, 945, 1011, 1095, 1111, 1154|0, 315, 338, 406, 545, 639, 737, 812, 900, 1011, 1071, 1132, 1140, 1228, 1276|61, 139, 163, 376, 495, 516, 606, 658, 690, 773, 900, 929, 977, 1071, 1228|0, 139, 191, 205, 449, 585, 660, 773, 840, 912, 1114, 1159, 1341, 1372, 1433|129, 332, 396, 488, 658, 751, 765, 872, 1159, 1203, 1234, 1276, 1348, 1395, 1460|72, 360, 488, 751, 830, 849, 902, 941, 1242, 1290, 1395, 1444, 1536, 1558, 1599|124, 170, 255, 289, 516, 613, 708, 781, 842, 1290, 1363, 1536, 1621, 1696, 1738|0, 419, 531, 664, 737, 816, 818, 1203, 1323, 1456, 1500, 1505, 1696, 1738, 1794|81, 205, 324, 406, 781, 863, 941, 977, 996, 1291, 1372, 1500, 1585, 1621, 1683|8, 342, 608, 621, 849, 923, 960, 1095, 1250, 1327, 1494, 1683, 1764, 1782, 1841|94, 960, 1035, 1080, 1121, 1218, 1283, 1375, 1585, 1629, 1669, 1835, 1926, 1992, 2045|1035, 1118, 1170, 1254, 1320, 1323, 1375, 1446, 1555, 1926, 1989, 2039, 2082, 2085, 2120|333, 621, 863, 922, 1003, 1087, 1320, 1487, 1782, 1989, 2085, 2148, 2237, 2252, 2316|0, 647, 793, 974, 1411, 1482, 1570, 1639, 1683, 2042, 2094, 2128, 2202, 2281, 2291|38, 375, 625, 923, 1118, 1175, 1254, 1386, 1683, 1841, 1862, 2039, 2099, 2202, 2216|765, 1003, 1170, 1211, 1251, 1323, 1482, 1501, 1703, 1794, 1892, 2127, 2291, 2367, 2427|860, 948, 1175, 1446, 1570, 1580, 1639, 1691, 1892, 1941, 2099, 2237, 2260, 2267, 2281|163, 921, 1200, 1328, 1419, 1501, 1585, 1629, 1956, 2006, 2210, 2316, 2411, 2439, 2517|]
jobshop_swv10-dl-13	2539	180000	false	--	[|0, 8, 81, 160, 255, 324, 333, 338, 423, 475, 518, 550, 641, 665, 754|0, 160, 230, 314, 338, 356, 376, 447, 468, 528, 665, 754, 806, 840, 863|45, 61, 230, 315, 356, 447, 545, 735, 812, 872, 945, 1011, 1095, 1111, 1154|0, 315, 338, 406, 545, 639, 737, 812, 900, 1011, 1071, 1132, 1140, 1228, 1276|61, 139, 163, 376, 495, 516, 606, 658, 690, 773, 900, 929, 977, 1071, 1228|0, 139, 191, 205, 449, 585, 660, 773, 840, 912, 1114, 1159, 1341, 1372, 1433|129, 332, 396, 488, 658, 751, 765, 872, 1159, 1203, 1234, 1276, 1348, 1395, 1460|72, 360, 488, 751, 830, 849, 902, 941, 1242, 1290, 1395, 1444, 1536, 1558, 1599|124, 170, 255, 289, 516, 613, 708, 781, 842, 1290, 1363, 1536, 1621, 1696, 1738|0, 419, 531, 664, 737, 816, 818, 1203, 1323, 1456, 1500, 1505, 1696, 1738, 1794|81, 205, 324, 406, 781, 863, 941, 977, 1002, 1291, 1372, 1500, 1585, 1621, 1683|8, 342, 608, 621, 849, 923, 960, 1095, 1250, 1327, 1494, 1683, 1764, 1782, 1841|94, 960, 1035, 1080, 1121, 1218, 1283, 1375, 1585, 1629, 1669, 1835, 1926, 1992, 2045|1035, 1118, 1170, 1254, 1320, 1323, 1375, 1446, 1555, 1926, 1989, 2039, 2082, 2085, 2120|333, 621, 863, 922, 1003, 1087, 1320, 1487, 1782, 1989, 2085, 2148, 2237, 2252, 2316|13, 647, 793, 974, 1411, 1482, 1570, 1639, 1683, 2042, 2094, 2128, 2202, 2281, 2291|38, 375, 625, 923, 1118, 1175, 1254, 1386, 1683, 1841, 1862, 2039, 2099, 2202, 2216|765, 1003, 1170, 1211, 1251, 1323, 1482, 1501, 1703, 1794, 1892, 2127, 2291, 2367, 2427|860, 948, 1175, 1446, 1570, 1580, 1639, 1691, 1892, 1941, 2099, 2237, 2260, 2271, 2281|163, 924, 1254, 1341, 1435, 1501, 1584, 1644, 1991, 2179, 2210, 2316, 2411, 2439, 2517|]
jobshop_swv10-dl-16	2539	180000	false	--	[|0, 8, 81, 160, 255, 324, 333, 338, 423, 475, 518, 550, 641, 665, 754|0, 160, 230, 314, 338, 356, 376, 447, 468, 528, 665, 754, 806, 840, 863|45, 61, 230, 315, 356, 447, 545, 735, 812, 872, 945, 1011, 1095, 1111, 1154|0, 315, 338, 406, 545, 639, 737, 812, 900, 1011, 1071, 1132, 1140, 1228, 1276|61, 139, 163, 376, 495, 516, 606, 658, 690, 773, 900, 929, 977, 1071, 1228|0, 139, 191, 205, 449, 585, 660, 773, 840, 912, 1114, 1159, 1341, 1372, 1433|129, 332, 396, 488, 658, 751, 765, 872, 1159, 1203, 1234, 1276, 1348, 1395, 1460|72, 360, 488, 751, 830, 849, 902, 941, 1242, 1290, 1395, 1444, 1536, 1558, 1599|124, 170, 255, 289, 516, 613, 708, 781, 842, 1290, 1363, 1536, 1621, 1696, 1738|0, 419, 531, 664, 737, 816, 818, 1203, 1323, 1456, 1500, 1505, 1696, 1738, 1794|81, 205, 324, 406, 781, 863, 941, 977, 996, 1291, 1372, 1500, 1585, 1621, 1683|8, 342, 608, 621, 849, 923, 960, 1095, 1250, 1327, 1494, 1683, 1764, 1782, 1841|94, 960, 1035, 1080, 1121, 1218, 1283, 1375, 1585, 1629, 1678, 1835, 1926, 1992, 2045|1035, 1118, 1170, 1254, 1320, 1323, 1375, 1446, 1555, 1926, 1989, 2039, 2082, 2085, 2120|333, 621, 863, 922, 1006, 1094, 1320, 1487, 1782, 1989, 2085, 2148, 2237, 2252, 2316|0, 647, 793, 974, 1411, 1482, 1570, 1639, 1683, 2042, 2094, 2128, 2202, 2281, 2291|38, 375, 625, 923, 1118, 1175, 1254, 1386, 1702, 1841, 1862, 2039, 2099, 2202, 2216|765, 1003, 1170, 1211, 1251, 1323, 1482, 1501, 1703, 1794, 1892, 2127, 2291, 2367, 2427|860, 948, 1175, 1446, 1570, 1580, 1639, 1691, 1892, 1941, 2099, 2237, 2260, 2267, 2281|163, 925, 1225, 1328, 1446, 1501, 1593, 1644, 1813, 1939, 2211, 2316, 2411, 2439, 2517|]
jobshop_swv11-dl-10	4036	180000	false	--	[|0, 92, 139, 195, 286, 335, 374, 437, 449, 450|92, 286, 386, 461, 553, 643, 654, 739, 793, 893|0, 139, 233, 386, 426, 518, 571, 611, 654, 739|0, 178, 226, 426, 553, 611, 766, 893, 920, 1003|226, 461, 643, 719, 783, 827, 920, 1011, 1042, 1140|0, 309, 539, 719, 737, 761, 1011, 1094, 1140, 1169|324, 352, 405, 518, 639, 812, 912, 946, 1003, 1093|0, 233, 405, 724, 758, 1181, 1228, 1230, 1327, 1354|518, 603, 758, 791, 863, 912, 946, 1230, 1327, 1414|61, 85, 105, 304, 603, 678, 1042, 1320, 1364, 1451|85, 195, 337, 352, 791, 857, 935, 1228, 1257, 1364|827, 906, 910, 971, 1017, 1169, 1408, 1496, 1515, 1565|375, 489, 588, 678, 857, 1496, 1584, 1681, 1730, 1809|4, 678, 737, 906, 1017, 1126, 1257, 1584, 1681, 1831|338, 771, 999, 1065, 1115, 1414, 1462, 1515, 1599, 1687|277, 347, 1007, 1072, 1104, 1193, 1462, 1508, 1687, 1759|391, 565, 882, 1115, 1206, 1550, 1640, 1784, 1882, 1921|44, 133, 910, 971, 1206, 1299, 1331, 1630, 1683, 1921|170, 222, 681, 752, 961, 1819, 1886, 2010, 2078, 2079|783, 863, 1072, 1108, 1156, 1364, 1518, 1759, 1894, 1986|191, 717, 889, 1299, 1373, 1886, 1986, 2078, 2158, 2185|1373, 1444, 1484, 1570, 1593, 1772, 2001, 2195, 2295, 2372|1264, 1347, 1444, 1484, 1593, 1871, 2158, 2218, 2372, 2456|1347, 1570, 1664, 1710, 1770, 2014, 2218, 2456, 2519, 2589|520, 908, 1108, 1471, 1570, 2057, 2185, 2295, 2519, 2546|1415, 1498, 1608, 1692, 1704, 1848, 1963, 2304, 2363, 2400|1199, 1261, 1473, 1528, 1632, 2079, 2139, 2258, 2589, 2666|1478, 1707, 1742, 1795, 1869, 2139, 2173, 2216, 2546, 2633|94, 412, 1261, 1567, 1622, 1640, 1695, 2400, 2454, 2513|49, 1640, 1803, 1886, 1903, 1926, 2319, 2626, 2722, 2800|1712, 1775, 1869, 1939, 2036, 2666, 2737, 2870, 2911, 2984|1421, 1664, 1775, 1886, 1939, 2173, 2363, 2829, 2906, 2923|105, 1014, 1349, 1799, 1926, 2025, 2318, 2454, 2464, 2678|1817, 1994, 2072, 2135, 2198, 2307, 2722, 2729, 2758, 2842|1061, 1167, 1449, 1621, 1728, 2379, 2737, 2911, 2958, 3081|921, 1811, 2072, 2119, 2142, 2204, 2555, 2874, 2958, 3028|665, 1906, 2198, 2227, 2262, 2906, 2984, 3028, 3137, 3222|2119, 2262, 2308, 2382, 2478, 2743, 2895, 3222, 3310, 3314|211, 1710, 1991, 2038, 2063, 2073, 2620, 2842, 2974, 3118|1156, 1903, 2218, 2284, 2289, 2464, 3067, 3164, 3310, 3395|1246, 1308, 2038, 2284, 2478, 2800, 3041, 3137, 3297, 3331|1358, 1954, 2078, 2108, 2307, 3123, 3200, 3395, 3404, 3426|761, 895, 2322, 2407, 2411, 3192, 3397, 3487, 3535, 3625|1408, 2407, 2456, 2526, 2615, 3225, 3297, 3345, 3428, 3487|2142, 2227, 2679, 2752, 2777, 2861, 3344, 3382, 3428, 3454|120, 2123, 2375, 2383, 2502, 3441, 3553, 3555, 3625, 3682|2382, 2615, 2712, 2777, 2799, 3448, 3536, 3682, 3713, 3811|2563, 2889, 2956, 2994, 3071, 3555, 3621, 3728, 3823, 3920|864, 2956, 3071, 3076, 3122, 3628, 3687, 3811, 3869, 3938|3024, 3097, 3179, 3261, 3288, 3610, 3713, 3869, 3994, 4015|]
jobshop_swv11-dl-13	4018	180000	false	--	[|0, 92, 139, 195, 286, 335, 374, 437, 449, 450|92, 286, 386, 461, 553, 643, 654, 739, 793, 893|0, 139, 233, 386, 426, 518, 571, 611, 654, 739|0, 178, 226, 426, 553, 611, 766, 893, 920, 1003|226, 461, 643, 719, 783, 827, 920, 1011, 1042, 1140|0, 309, 539, 719, 737, 761, 1011, 1094, 1140, 1169|324, 352, 405, 518, 639, 812, 912, 946, 1003, 1093|0, 233, 405, 724, 758, 1181, 1228, 1230, 1327, 1354|518, 603, 758, 791, 863, 912, 946, 1230, 1327, 1414|61, 85, 105, 304, 603, 678, 1042, 1320, 1364, 1451|85, 195, 337, 352, 791, 857, 935, 1228, 1257, 1364|827, 906, 910, 971, 1017, 1169, 1408, 1496, 1515, 1565|375, 489, 588, 678, 857, 1496, 1584, 1681, 1730, 1809|4, 678, 737, 906, 1017, 1126, 1257, 1584, 1681, 1831|338, 771, 999, 1065, 1115, 1414, 1462, 1515, 1599, 1687|277, 347, 1007, 1072, 1104, 1193, 1462, 1508, 1687, 1759|391, 565, 882, 1115, 1206, 1550, 1640, 1784, 1882, 1921|44, 133, 910, 971, 1206, 1299, 1331, 1630, 1683, 1921|170, 222, 681, 752, 961, 1819, 1886, 2010, 2078, 2079|783, 863, 1072, 1108, 1156, 1364, 1518, 1759, 1894, 1986|191, 717, 889, 1299, 1373, 1886, 1986, 2078, 2158, 2185|1373, 1444, 1484, 1570, 1593, 1772, 2001, 2195, 2295, 2372|1264, 1347, 1444, 1484, 1593, 1871, 2158, 2218, 2372, 2456|1347, 1570, 1664, 1710, 1770, 2014, 2218, 2456, 2519, 2589|520, 908, 1108, 1471, 1570, 2057, 2185, 2295, 2519, 2546|1415, 1498, 1608, 1692, 1704, 1848, 1963, 2304, 2363, 2400|1199, 1261, 1473, 1528, 1632, 2079, 2139, 2258, 2589, 2666|1478, 1707, 1742, 1795, 1869, 2139, 2173, 2216, 2546, 2633|94, 412, 1261, 1567, 1622, 1640, 1695, 2400, 2454, 2513|49, 1640, 1803, 1886, 1903, 1926, 2319, 2626, 2722, 2800|1712, 1775, 1869, 1939, 2036, 2666, 2737, 2870, 2911, 2984|1421, 1664, 1775, 1886, 1939, 2173, 2363, 2829, 2906, 2923|105, 1014, 1349, 1799, 1926, 2025, 2318, 2454, 2464, 2678|1817, 1994, 2072, 2135, 2198, 2307, 2722, 2729, 2758, 2842|1061, 1167, 1449, 1621, 1728, 2379, 2737, 2911, 2958, 3081|921, 1811, 2072, 2119, 2142, 2204, 2555, 2874, 2958, 3028|665, 1906, 2198, 2227, 2262, 2906, 2984, 3028, 3137, 3222|2119, 2262, 2308, 2382, 2478, 2743, 2895, 3222, 3310, 3314|211, 1710, 1991, 2038, 2063, 2073, 2620, 2842, 2974, 3118|1156, 1903, 2218, 2284, 2289, 2464, 3067, 3164, 3310, 3395|1246, 1308, 2038, 2284, 2478, 2800, 3041, 3137, 3297, 3331|1358, 1954, 2078, 2108, 2307, 3123, 3200, 3395, 3404, 3426|761, 895, 2322, 2407, 2411, 3192, 3397, 3487, 3535, 3625|1408, 2407, 2456, 2526, 2615, 3225, 3297, 3345, 3428, 3487|2142, 2227, 2679, 2752, 2777, 2861, 3344, 3382, 3428, 3454|120, 2123, 2375, 2383, 2502, 3441, 3553, 3555, 3625, 3682|2382, 2615, 2712, 2777, 2820, 3448, 3536, 3682, 3713, 3811|912, 2910, 2977, 3015, 3092, 3555, 3621, 3728, 3823, 3920|2446, 2752, 2820, 2825, 2871, 2923, 3331, 3628, 3823, 3920|2977, 3114, 3264, 3266, 3308, 3515, 3716, 3811, 3881, 3896|]
jobshop_swv11-dl-16	4036	180000	false	--	[|0, 92, 139, 195, 286, 335, 374, 437, 449, 450|92, 286, 386, 461, 553, 643, 654, 739, 793, 893|0, 139, 233, 386, 426, 518, 571, 611, 654, 739|0, 178, 226, 426, 553, 611, 766, 893, 920, 1003|226, 461, 643, 719, 783, 827, 920, 1011, 1042, 1140|0, 309, 539, 719, 737, 761, 1011, 1094, 1140, 1169|324, 352, 405, 518, 639, 812, 912, 946, 1003, 1093|0, 233, 405, 724, 758, 1181, 1228, 1230, 1327, 1354|518, 603, 758, 791, 863, 912, 946, 1230, 1327, 1414|61, 85, 105, 304, 603, 678, 1042, 1320, 1364, 1451|85, 195, 337, 352, 791, 857, 935, 1228, 1257, 1364|827, 906, 910, 971, 1017, 1169, 1408, 1496, 1515, 1565|375, 489, 588, 678, 857, 1496, 1584, 1681, 1730, 1809|4, 678, 737, 906, 1017, 1126, 1257, 1584, 1681, 1831|338, 771, 999, 1065, 1115, 1414, 1462, 1515, 1599, 1687|277, 347, 1007, 1072, 1104, 1193, 1462, 1508, 1687, 1759|391, 565, 882, 1115, 1206, 1550, 1640, 1784, 1882, 1921|44, 133, 910, 971, 1206, 1299, 1331, 1630, 1683, 1921|170, 222, 681, 752, 961, 1819, 1886, 2010, 2078, 2079|783, 863, 1072, 1108, 1156, 1364, 1518, 1759, 1894, 1986|191, 717, 889, 1299, 1373, 1886, 1986, 2078, 2158, 2185|1373, 1444, 1484, 1570, 1593, 1772, 2001, 2195, 2295, 2372|1264, 1347, 1444, 1484, 1593, 1871, 2158, 2218, 2372, 2456|1347, 1570, 1664, 1710, 1770, 2014, 2218, 2456, 2519, 2589|520, 908, 1108, 1471, 1570, 2057, 2185, 2295, 2519, 2546|1415, 1498, 1608, 1692, 1704, 1848, 1963, 2304, 2363, 2400|1199, 1261, 1473, 1528, 1632, 2079, 2139, 2258, 2589, 2666|1478, 1707, 1742, 1795, 1869, 2139, 2173, 2216, 2546, 2633|94, 412, 1261, 1567, 1622, 1640, 1695, 2400, 2454, 2513|49, 1640, 1803, 1886, 1903, 1926, 2319, 2626, 2722, 2800|1712, 1775, 1869, 1939, 2036, 2666, 2737, 2870, 2911, 2984|1421, 1664, 1775, 1886, 1939, 2173, 2363, 2829, 2906, 2923|105, 1014, 1349, 1799, 1926, 2025, 2318, 2454, 2464, 2678|1817, 1994, 2072, 2135, 2198, 2307, 2722, 2729, 2758, 2842|1061, 1167, 1449, 1621, 1728, 2379, 2737, 2911, 2958, 3081|921, 1811, 2072, 2119, 2142, 2204, 2555, 2874, 2958, 3028|665, 1906, 2198, 2227, 2262, 2906, 2984, 3028, 3137, 3222|2119, 2262, 2308, 2382, 2478, 2743, 2895, 3222, 3310, 3314|211, 1710, 1991, 2038, 2063, 2073, 2620, 2842, 2974, 3118|1156, 1903, 2218, 2284, 2289, 2464, 3067, 3164, 3310, 3395|1246, 1308, 2038, 2284, 2478, 2800, 3041, 3137, 3297, 3331|1358, 1954, 2078, 2108, 2307, 3123, 3200, 3395, 3404, 3426|761, 895, 2322, 2407, 2411, 3192, 3397, 3487, 3535, 3625|1408, 2407, 2456, 2526, 2615, 3225, 3297, 3345, 3428, 3487|2142, 2227, 2679, 2752, 2777, 2861, 3344, 3382, 3428, 3454|120, 2123, 2375, 2383, 2502, 3441, 3553, 3555, 3625, 3682|2382, 2615, 2712, 2777, 2799, 3448, 3536, 3682, 3713, 3811|912, 3025, 3092, 3153, 3230, 3555, 3621, 3728, 3823, 3920|864, 2889, 2957, 2962, 3008, 3616, 3687, 3811, 3869, 3938|2957, 3025, 3148, 3218, 3242, 3512, 3713, 3869, 3989, 4003|]
jobshop_swv12-dl-10	4090	180000	false	--	[|0, 92, 141, 234, 282, 283, 335, 392, 408, 414|0, 82, 107, 234, 320, 392, 414, 445, 450, 456|92, 320, 346, 392, 441, 489, 563, 645, 692, 785|123, 157, 346, 428, 453, 496, 507, 578, 645, 679|194, 216, 453, 507, 556, 653, 679, 725, 876, 903|0, 107, 428, 431, 489, 578, 643, 823, 992, 1050|0, 475, 653, 733, 807, 903, 975, 1029, 1127, 1187|507, 733, 820, 856, 913, 1050, 1086, 1127, 1221, 1268|53, 58, 431, 574, 631, 659, 756, 975, 1221, 1338|631, 820, 824, 913, 956, 1072, 1265, 1267, 1348, 1437|176, 216, 603, 727, 824, 899, 1187, 1437, 1511, 1521|177, 290, 295, 374, 899, 1280, 1342, 1416, 1511, 1596|199, 490, 701, 995, 1076, 1169, 1528, 1628, 1709, 1738|0, 157, 884, 972, 1076, 1267, 1373, 1596, 1647, 1709|2, 751, 972, 1072, 1172, 1342, 1419, 1521, 1647, 1740|295, 556, 989, 1072, 1171, 1738, 1832, 1891, 1981, 2059|58, 243, 1059, 1129, 1231, 1305, 1416, 1466, 1698, 1744|282, 513, 628, 856, 1129, 1466, 1685, 1692, 1824, 1846|1171, 1227, 1230, 1305, 1330, 1744, 1843, 1981, 2072, 2123|175, 392, 1141, 1190, 1330, 1440, 1540, 1619, 1877, 1942|1230, 1420, 1506, 1514, 1555, 1865, 2046, 2154, 2248, 2328|659, 776, 908, 1318, 1418, 1681, 2123, 2194, 2212, 2328|836, 999, 1227, 1290, 1506, 1942, 1981, 2026, 2248, 2329|23, 1290, 1557, 1623, 1642, 1707, 2122, 2145, 2194, 2329|24, 262, 1347, 1623, 1702, 1724, 2145, 2212, 2364, 2454|213, 392, 1190, 1218, 1418, 1891, 2305, 2358, 2454, 2482|927, 1334, 1515, 1533, 1604, 1769, 1832, 2351, 2440, 2533|656, 1339, 1702, 1744, 1818, 1962, 2187, 2208, 2390, 2510|393, 1533, 1654, 1724, 1768, 2574, 2655, 2684, 2779, 2845|1398, 1642, 1818, 1854, 1896, 2012, 2587, 2672, 2779, 2783|1850, 1950, 1996, 2065, 2106, 2358, 2406, 2480, 2672, 2799|1453, 1726, 1761, 1854, 1996, 2655, 2845, 2862, 2934, 3019|1081, 1779, 2065, 2164, 2167, 2447, 2533, 2585, 2862, 2928|1009, 1487, 1604, 1623, 1660, 2829, 3019, 3064, 3088, 3142|740, 1772, 1960, 2259, 2351, 2585, 2684, 2928, 2957, 2997|331, 2094, 2154, 2215, 2351, 3097, 3154, 3248, 3325, 3326|1567, 1707, 2167, 2246, 2447, 2614, 2774, 2957, 3215, 3266|1299, 2047, 2423, 2517, 2576, 2915, 3154, 3204, 3248, 3326|46, 2246, 2518, 2601, 2676, 2783, 3204, 3236, 3325, 3355|604, 2109, 2598, 2692, 2741, 3303, 3392, 3472, 3522, 3547|1768, 1950, 2276, 2329, 2336, 2748, 2844, 3340, 3381, 3436|1272, 1428, 1609, 1999, 2517, 3064, 3092, 3472, 3547, 3568|2207, 2692, 2792, 2839, 2867, 2871, 3381, 3436, 3522, 3594|82, 2409, 2483, 2792, 2871, 3148, 3236, 3266, 3296, 3660|807, 1030, 1819, 1912, 2060, 2376, 3436, 3733, 3791, 3852|366, 422, 1652, 2831, 2905, 3468, 3568, 3633, 3667, 3758|920, 2576, 2741, 2905, 2950, 3003, 3058, 3105, 3758, 3856|54, 78, 1446, 1871, 2154, 3092, 3142, 3540, 3667, 3687|2950, 3048, 3125, 3190, 3241, 3632, 3856, 3935, 3966, 4010|2065, 2336, 2627, 2974, 3051, 3288, 3791, 3935, 3968, 4010|]
jobshop_swv12-dl-13	4090	180000	false	--	[|0, 92, 141, 234, 282, 283, 335, 392, 408, 414|0, 82, 107, 234, 320, 392, 414, 445, 450, 456|92, 320, 346, 392, 441, 489, 563, 645, 692, 785|123, 157, 346, 428, 453, 496, 507, 578, 645, 679|194, 216, 453, 507, 556, 653, 679, 725, 876, 903|0, 107, 428, 431, 489, 578, 643, 823, 992, 1050|0, 475, 653, 733, 807, 903, 975, 1029, 1127, 1187|507, 733, 820, 856, 913, 1050, 1086, 1127, 1221, 1268|53, 58, 431, 574, 631, 659, 756, 975, 1221, 1338|631, 820, 824, 913, 956, 1072, 1265, 1267, 1348, 1437|176, 216, 603, 727, 824, 899, 1187, 1437, 1511, 1521|177, 290, 295, 374, 899, 1280, 1342, 1416, 1511, 1596|199, 490, 701, 995, 1076, 1169, 1528, 1628, 1709, 1738|0, 157, 884, 972, 1076, 1267, 1373, 1596, 1647, 1709|2, 751, 972, 1072, 1172, 1342, 1419, 1521, 1647, 1740|295, 556, 989, 1072, 1171, 1738, 1832, 1891, 1981, 2059|58, 243, 1059, 1129, 1231, 1305, 1416, 1466, 1698, 1744|282, 513, 628, 856, 1129, 1466, 1685, 1692, 1824, 1846|1171, 1227, 1230, 1305, 1330, 1744, 1843, 1981, 2072, 2123|175, 392, 1141, 1190, 1330, 1440, 1540, 1619, 1877, 1942|1230, 1420, 1506, 1514, 1555, 1865, 2046, 2154, 2248, 2328|659, 776, 908, 1318, 1418, 1681, 2123, 2194, 2212, 2328|836, 999, 1227, 1290, 1506, 1942, 1981, 2026, 2248, 2329|23, 1290, 1557, 1623, 1642, 1707, 2122, 2145, 2194, 2329|24, 262, 1347, 1623, 1702, 1724, 2145, 2212, 2364, 2454|213, 392, 1190, 1218, 1418, 1891, 2305, 2358, 2454, 2482|927, 1334, 1515, 1533, 1604, 1769, 1832, 2351, 2440, 2533|656, 1339, 1702, 1744, 1818, 1962, 2187, 2208, 2390, 2510|393, 1533, 1654, 1724, 1768, 2574, 2655, 2684, 2779, 2845|1398, 1642, 1818, 1854, 1896, 2012, 2587, 2672, 2779, 2783|1850, 1950, 1996, 2065, 2106, 2358, 2406, 2480, 2672, 2799|1453, 1726, 1761, 1854, 1996, 2655, 2845, 2862, 2934, 3019|1081, 1779, 2065, 2164, 2167, 2447, 2533, 2585, 2862, 2928|1009, 1487, 1604, 1623, 1660, 2829, 3019, 3064, 3088, 3142|740, 1772, 1960, 2259, 2351, 2585, 2684, 2928, 2957, 2997|331, 2094, 2154, 2215, 2351, 3097, 3154, 3248, 3325, 3326|1567, 1707, 2167, 2246, 2447, 2614, 2774, 2957, 3215, 3266|1299, 2047, 2423, 2517, 2576, 2915, 3154, 3204, 3248, 3326|46, 2246, 2518, 2601, 2676, 2783, 3204, 3236, 3325, 3355|604, 2109, 2598, 2692, 2741, 3303, 3392, 3472, 3522, 3547|1768, 1950, 2276, 2329, 2336, 2748, 2844, 3340, 3381, 3436|1272, 1428, 1609, 1999, 2517, 3064, 3092, 3472, 3547, 3568|2207, 2692, 2792, 2839, 2867, 2871, 3381, 3436, 3522, 3594|82, 2409, 2483, 2792, 2871, 3148, 3236, 3266, 3296, 3660|807, 1030, 1819, 1912, 2060, 2376, 3436, 3733, 3791, 3852|366, 422, 1652, 2831, 2905, 3468, 3568, 3633, 3667, 3758|920, 2576, 2745, 2905, 2955, 3003, 3058, 3105, 3758, 3856|54, 78, 1761, 1871, 2154, 3092, 3142, 3540, 3667, 3687|2950, 3048, 3125, 3190, 3241, 3632, 3856, 3935, 3965, 4010|2064, 2370, 2583, 2664, 3354, 3694, 3791, 3935, 3968, 4010|]
jobshop_swv12-dl-16	4090	180000	false	--	[|0, 92, 141, 234, 282, 283, 335, 392, 408, 414|0, 82, 107, 234, 320, 392, 414, 445, 450, 456|92, 320, 346, 392, 441, 489, 563, 645, 692, 785|123, 157, 346, 428, 453, 496, 507, 578, 645, 679|194, 216, 453, 507, 556, 653, 679, 725, 876, 903|0, 107, 428, 431, 489, 578, 643, 823, 992, 1050|0, 475, 653, 733, 807, 903, 975, 1029, 1127, 1187|507, 733, 820, 856, 913, 1050, 1086, 1127, 1221, 1268|53, 58, 431, 574, 631, 659, 756, 975, 1221, 1338|631, 820, 824, 913, 956, 1072, 1265, 1267, 1348, 1437|176, 216, 603, 727, 824, 899, 1187, 1437, 1511, 1521|177, 290, 295, 374, 899, 1280, 1342, 1416, 1511, 1596|199, 490, 701, 995, 1076, 1169, 1528, 1628, 1709, 1738|0, 157, 884, 972, 1076, 1267, 1373, 1596, 1647, 1709|2, 751, 972, 1072, 1172, 1342, 1419, 1521, 1647, 1740|295, 556, 989, 1072, 1171, 1738, 1832, 1891, 1981, 2059|58, 243, 1059, 1129, 1231, 1305, 1416, 1466, 1698, 1744|282, 513, 628, 856, 1129, 1466, 1685, 1692, 1824, 1846|1171, 1227, 1230, 1305, 1330, 1744, 1843, 1981, 2072, 2123|175, 392, 1141, 1190, 1330, 1440, 1540, 1619, 1877, 1942|1230, 1420, 1506, 1514, 1555, 1865, 2046, 2154, 2248, 2328|659, 776, 908, 1318, 1418, 1681, 2123, 2194, 2212, 2328|836, 999, 1227, 1290, 1506, 1942, 1981, 2026, 2248, 2329|23, 1290, 1557, 1623, 1642, 1707, 2122, 2145, 2194, 2329|24, 262, 1347, 1623, 1702, 1724, 2145, 2212, 2364, 2454|213, 392, 1190, 1218, 1418, 1891, 2305, 2358, 2454, 2482|927, 1334, 1515, 1533, 1604, 1769, 1832, 2351, 2440, 2533|656, 1339, 1702, 1744, 1818, 1962, 2187, 2208, 2390, 2510|393, 1533, 1654, 1724, 1768, 2574, 2655, 2684, 2779, 2845|1398, 1642, 1818, 1854, 1896, 2012, 2587, 2672, 2779, 2783|1850, 1950, 1996, 2065, 2106, 2358, 2406, 2480, 2672, 2799|1453, 1726, 1761, 1854, 1996, 2655, 2845, 2862, 2934, 3019|1081, 1779, 2065, 2164, 2167, 2447, 2533, 2585, 2862, 2928|1009, 1487, 1604, 1623, 1660, 2829, 3019, 3064, 3088, 3142|740, 1772, 1960, 2259, 2351, 2585, 2684, 2928, 2957, 2997|331, 2094, 2154, 2215, 2351, 3097, 3154, 3248, 3325, 3326|1567, 1707, 2167, 2246, 2447, 2614, 2774, 2957, 3215, 3266|1299, 2047, 2423, 2517, 2576, 2915, 3154, 3204, 3248, 3326|46, 2246, 2518, 2601, 2676, 2783, 3204, 3236, 3325, 3355|604, 2109, 2598, 2692, 2741, 3303, 3392, 3472, 3522, 3547|1768, 1950, 2276, 2329, 2336, 2748, 2844, 3340, 3381, 3436|1272, 1428, 1609, 1999, 2517, 3064, 3092, 3472, 3547, 3568|2207, 2692, 2792, 2839, 2867, 2871, 3381, 3436, 3522, 3594|82, 2409, 2483, 2792, 2871, 3148, 3236, 3266, 3296, 3660|807, 1030, 1819, 1912, 2060, 2376, 3436, 3733, 3791, 3852|366, 422, 1652, 2831, 2905, 3468, 3568, 3633, 3667, 3758|920, 2576, 2741, 2905, 2950, 3003, 3058, 3105, 3758, 3856|54, 78, 1446, 1871, 2857, 3092, 3142, 3540, 3667, 3687|2950, 3048, 3125, 3190, 3241, 3632, 3856, 3935, 3967, 4010|2296, 2542, 2621, 2636, 3048, 3288, 3791, 3935, 3968, 4010|]
jobshop_swv13-dl-10	4050	180000	false	--	[|0, 68, 107, 186, 258, 323, 405, 438, 520, 586|0, 14, 59, 77, 149, 176, 233, 323, 342, 405|149, 176, 258, 323, 341, 360, 520, 641, 722, 787|59, 129, 186, 253, 292, 387, 399, 455, 546, 644|14, 174, 341, 379, 406, 735, 802, 897, 957, 1043|354, 444, 499, 568, 644, 787, 881, 938, 1003, 1083|0, 225, 499, 589, 741, 1003, 1072, 1107, 1188, 1282|129, 292, 329, 444, 448, 802, 1072, 1151, 1155, 1188|217, 589, 665, 762, 833, 1155, 1282, 1379, 1443, 1527|253, 406, 665, 762, 835, 1185, 1273, 1373, 1443, 1512|148, 448, 736, 782, 852, 1151, 1273, 1389, 1527, 1616|273, 345, 379, 544, 644, 1302, 1381, 1616, 1696, 1781|238, 483, 566, 744, 839, 957, 1080, 1373, 1512, 1675|0, 703, 882, 973, 1058, 1085, 1221, 1383, 1570, 1664|68, 203, 363, 763, 843, 939, 1460, 1569, 1696, 1772|294, 340, 641, 887, 928, 939, 1541, 1597, 1664, 1781|8, 892, 973, 1085, 1157, 1242, 1381, 1429, 1813, 1865|0, 666, 839, 939, 1013, 1197, 1772, 1948, 2038, 2089|213, 329, 841, 1013, 1017, 1139, 1855, 1912, 2038, 2169|23, 1157, 1250, 1315, 1381, 1597, 1689, 1924, 2009, 2132|107, 360, 703, 939, 1058, 1912, 2009, 2226, 2249, 2260|1028, 1124, 1134, 1315, 1374, 1975, 2001, 2037, 2249, 2286|969, 1065, 1250, 1326, 1381, 1445, 2102, 2197, 2202, 2344|29, 1468, 1552, 1652, 1728, 1818, 2197, 2292, 2386, 2442|416, 516, 1124, 1208, 1250, 2292, 2406, 2527, 2586, 2646|613, 1208, 1477, 1557, 1652, 2308, 2430, 2437, 2530, 2586|379, 725, 898, 1096, 1287, 1602, 1756, 2389, 2530, 2561|44, 1073, 1374, 1601, 1658, 1705, 2089, 2437, 2646, 2700|387, 1134, 1347, 1557, 1728, 1874, 2472, 2620, 2709, 2782|52, 1389, 1428, 1472, 1658, 1721, 2202, 2336, 2487, 2782|567, 1012, 1151, 1388, 1428, 2561, 2652, 2751, 2835, 2902|70, 1712, 1794, 1813, 1832, 2577, 2736, 2769, 2848, 2930|1473, 1782, 1858, 1928, 2011, 2102, 2386, 2647, 2819, 2978|1472, 1568, 1592, 1717, 1858, 1886, 1907, 2800, 3070, 3124|1250, 1730, 2011, 2109, 2199, 2769, 2930, 2951, 2960, 3124|1612, 1770, 1886, 2109, 2237, 2365, 2887, 3171, 3264, 3265|77, 1902, 2102, 2197, 2199, 2709, 3264, 3345, 3371, 3377|219, 1789, 2001, 2020, 2269, 2535, 2963, 3371, 3469, 3528|2199, 2296, 2394, 2437, 2465, 2650, 2669, 3035, 3078, 3296|226, 1670, 2020, 2325, 2407, 2960, 3078, 3136, 3367, 3469|257, 2117, 2296, 2407, 2437, 3013, 3204, 3229, 3427, 3568|1928, 2183, 2207, 2391, 2488, 3093, 3577, 3664, 3697, 3707|1758, 1812, 1834, 1841, 2471, 2814, 2951, 3452, 3484, 3570|261, 568, 801, 2217, 2520, 3093, 3664, 3728, 3766, 3824|344, 1841, 2616, 2699, 2782, 3168, 3265, 3347, 3728, 3766|2301, 2472, 2567, 2699, 2763, 3164, 3548, 3618, 3824, 3911|1411, 2763, 2832, 2928, 2929, 3018, 3249, 3380, 3821, 3886|928, 2465, 2556, 2812, 3018, 3484, 3528, 3541, 3570, 3738|2556, 2642, 2733, 2912, 2981, 3337, 3809, 3896, 3994, 4037|2021, 2666, 2816, 2981, 3074, 3191, 3229, 3504, 3639, 3979|]
jobshop_swv13-dl-13	4050	180000	false	--	[|0, 68, 107, 186, 258, 323, 405, 438, 520, 586|0, 14, 59, 77, 149, 176, 233, 323, 342, 405|149, 176, 258, 323, 341, 360, 520, 641, 722, 787|59, 129, 186, 253, 292, 387, 399, 455, 546, 644|14, 174, 341, 379, 406, 735, 802, 897, 957, 1043|354, 444, 499, 568, 644, 787, 881, 938, 1003, 1083|0, 225, 499, 589, 741, 1003, 1072, 1107, 1188, 1282|129, 292, 329, 444, 448, 802, 1072, 1151, 1155, 1188|217, 589, 665, 762, 833, 1155, 1282, 1379, 1443, 1527|253, 406, 665, 762, 835, 1185, 1273, 1373, 1443, 1512|148, 448, 736, 782, 852, 1151, 1273, 1389, 1527, 1616|273, 345, 379, 544, 644, 1302, 1381, 1616, 1696, 1781|238, 483, 566, 744, 839, 957, 1080, 1373, 1512, 1675|0, 703, 882, 973, 1058, 1085, 1221, 1383, 1570, 1664|68, 203, 363, 763, 843, 939, 1460, 1569, 1696, 1772|294, 340, 641, 887, 928, 939, 1541, 1597, 1664, 1781|8, 892, 973, 1085, 1157, 1242, 1381, 1429, 1813, 1865|0, 666, 839, 939, 1013, 1197, 1772, 1948, 2038, 2089|213, 329, 841, 1013, 1017, 1139, 1855, 1912, 2038, 2169|23, 1157, 1250, 1315, 1381, 1597, 1689, 1924, 2009, 2132|107, 360, 703, 939, 1058, 1912, 2009, 2226, 2249, 2260|1028, 1124, 1134, 1315, 1374, 1975, 2001, 2037, 2249, 2286|969, 1065, 1250, 1326, 1381, 1445, 2102, 2197, 2202, 2344|29, 1468, 1552, 1652, 1728, 1818, 2197, 2292, 2386, 2442|416, 516, 1124, 1208, 1250, 2292, 2406, 2527, 2586, 2646|613, 1208, 1477, 1557, 1652, 2308, 2430, 2437, 2530, 2586|379, 725, 898, 1096, 1287, 1602, 1756, 2389, 2530, 2561|44, 1073, 1374, 1601, 1658, 1705, 2089, 2437, 2646, 2700|387, 1134, 1347, 1557, 1728, 1874, 2472, 2620, 2709, 2782|52, 1389, 1428, 1472, 1658, 1721, 2202, 2336, 2487, 2782|567, 1012, 1151, 1388, 1428, 2561, 2652, 2751, 2835, 2902|70, 1712, 1794, 1813, 1832, 2577, 2736, 2769, 2848, 2930|1473, 1782, 1858, 1928, 2011, 2102, 2386, 2647, 2819, 2978|1472, 1568, 1592, 1717, 1858, 1886, 1907, 2800, 3070, 3124|1250, 1730, 2011, 2109, 2199, 2769, 2930, 2951, 2960, 3124|1612, 1770, 1886, 2109, 2237, 2365, 2887, 3171, 3264, 3265|77, 1902, 2102, 2197, 2199, 2709, 3264, 3345, 3371, 3377|219, 1859, 2001, 2020, 2269, 2535, 2963, 3371, 3469, 3528|2199, 2296, 2394, 2437, 2465, 2650, 2669, 3035, 3078, 3296|226, 1670, 2020, 2325, 2407, 2960, 3078, 3136, 3367, 3469|257, 2117, 2296, 2407, 2437, 3013, 3204, 3229, 3427, 3568|1928, 2183, 2207, 2391, 2488, 3093, 3577, 3664, 3697, 3707|1758, 1812, 1818, 1825, 2471, 2814, 2951, 3452, 3484, 3570|261, 568, 801, 2217, 2520, 3093, 3664, 3728, 3766, 3824|344, 1904, 2616, 2699, 2782, 3168, 3265, 3347, 3728, 3766|2301, 2472, 2567, 2699, 2763, 3164, 3548, 3618, 3824, 3911|1411, 2763, 2832, 2928, 2929, 3018, 3249, 3380, 3821, 3886|928, 2465, 2556, 2812, 3018, 3484, 3528, 3541, 3570, 3738|2556, 2642, 2733, 2912, 2981, 3337, 3809, 3896, 3994, 4037|1009, 2366, 2654, 2981, 3156, 3191, 3229, 3505, 3639, 3979|]
jobshop_swv13-dl-16	4050	180000	false	--	[|0, 68, 107, 186, 258, 323, 405, 438, 520, 586|0, 14, 59, 77, 149, 176, 233, 323, 342, 405|149, 176, 258, 323, 341, 360, 520, 641, 722, 787|59, 129, 186, 253, 292, 387, 399, 455, 546, 644|14, 174, 341, 379, 406, 735, 802, 897, 957, 1043|354, 444, 499, 568, 644, 787, 881, 938, 1003, 1083|0, 225, 499, 589, 741, 1003, 1072, 1107, 1188, 1282|129, 292, 329, 444, 448, 802, 1072, 1151, 1155, 1188|217, 589, 665, 762, 833, 1155, 1282, 1379, 1443, 1527|253, 406, 665, 762, 835, 1185, 1273, 1373, 1443, 1512|148, 448, 736, 782, 852, 1151, 1273, 1389, 1527, 1616|273, 345, 379, 544, 644, 1302, 1381, 1616, 1696, 1781|238, 483, 566, 744, 839, 957, 1080, 1373, 1512, 1675|0, 703, 882, 973, 1058, 1085, 1221, 1383, 1570, 1664|68, 203, 363, 763, 843, 939, 1460, 1569, 1696, 1772|294, 340, 641, 887, 928, 939, 1541, 1597, 1664, 1781|8, 892, 973, 1085, 1157, 1242, 1381, 1429, 1813, 1865|0, 666, 839, 939, 1013, 1197, 1772, 1948, 2038, 2089|213, 329, 841, 1013, 1017, 1139, 1855, 1912, 2038, 2169|23, 1157, 1250, 1315, 1381, 1597, 1689, 1924, 2009, 2132|107, 360, 703, 939, 1058, 1912, 2009, 2226, 2249, 2260|1028, 1124, 1134, 1315, 1374, 1975, 2001, 2037, 2249, 2286|969, 1065, 1250, 1326, 1381, 1445, 2102, 2197, 2202, 2344|29, 1468, 1552, 1652, 1728, 1818, 2197, 2292, 2386, 2442|416, 516, 1124, 1208, 1250, 2292, 2406, 2527, 2586, 2646|613, 1208, 1477, 1557, 1652, 2308, 2430, 2437, 2530, 2586|379, 725, 898, 1096, 1287, 1602, 1756, 2389, 2530, 2561|44, 1073, 1374, 1601, 1658, 1705, 2089, 2437, 2646, 2700|387, 1134, 1347, 1557, 1728, 1874, 2472, 2620, 2709, 2782|52, 1389, 1428, 1472, 1658, 1721, 2202, 2336, 2487, 2782|567, 1012, 1151, 1388, 1428, 2561, 2652, 2751, 2835, 2902|70, 1712, 1794, 1813, 1832, 2577, 2736, 2769, 2848, 2930|1473, 1782, 1858, 1928, 2011, 2102, 2386, 2647, 2819, 2978|1472, 1568, 1592, 1717, 1858, 1886, 1907, 2800, 3070, 3124|1250, 1730, 2011, 2109, 2199, 2769, 2930, 2951, 2960, 3124|1612, 1770, 1886, 2109, 2237, 2365, 2887, 3171, 3264, 3265|77, 1902, 2102, 2197, 2199, 2709, 3264, 3345, 3371, 3377|219, 1789, 2001, 2020, 2269, 2535, 2963, 3371, 3469, 3528|2199, 2296, 2394, 2437, 2465, 2650, 2669, 3035, 3078, 3296|226, 1670, 2020, 2325, 2407, 2960, 3078, 3136, 3367, 3469|257, 2117, 2296, 2407, 2437, 3013, 3204, 3229, 3427, 3568|1928, 2183, 2207, 2391, 2488, 3174, 3577, 3664, 3697, 3707|1758, 1812, 1834, 1841, 2471, 2814, 2951, 3452, 3484, 3570|261, 568, 801, 2217, 2520, 3093, 3664, 3728, 3766, 3824|344, 1841, 2616, 2699, 2782, 3093, 3265, 3347, 3728, 3766|2301, 2472, 2567, 2699, 2763, 3164, 3548, 3618, 3824, 3911|1414, 2763, 2832, 2928, 2929, 3018, 3249, 3380, 3821, 3886|928, 2465, 2556, 2812, 3018, 3484, 3528, 3541, 3572, 3738|2556, 2642, 2733, 2912, 2981, 3348, 3809, 3896, 3994, 4037|2010, 2366, 2531, 3065, 3264, 3338, 3473, 3513, 3639, 4017|]
jobshop_swv14-dl-10	4119	180000	false	--	[|0, 69, 106, 170, 171, 236, 270, 337, 380, 452|0, 11, 18, 86, 236, 288, 317, 452, 533, 545|129, 219, 248, 288, 289, 380, 418, 431, 533, 574|11, 106, 219, 302, 338, 388, 418, 574, 639, 695|302, 348, 387, 479, 532, 594, 662, 727, 801, 888|69, 82, 170, 479, 546, 671, 676, 770, 865, 893|57, 58, 348, 384, 470, 545, 581, 727, 888, 903|0, 384, 532, 621, 680, 893, 988, 1051, 1136, 1170|447, 546, 680, 762, 785, 811, 833, 868, 903, 934|0, 58, 132, 571, 644, 737, 988, 1065, 1170, 1259|171, 248, 460, 762, 778, 1094, 1173, 1259, 1319, 1339|249, 644, 698, 778, 798, 964, 1172, 1339, 1400, 1494|698, 821, 893, 984, 1059, 1136, 1319, 1400, 1471, 1534|18, 65, 515, 798, 862, 1271, 1365, 1471, 1502, 1587|550, 613, 984, 1071, 1160, 1351, 1353, 1502, 1594, 1638|153, 320, 683, 1071, 1212, 1565, 1675, 1729, 1820, 1877|86, 385, 718, 862, 938, 975, 985, 1065, 1374, 1638|18, 338, 811, 903, 1149, 1365, 1432, 1594, 1715, 1820|933, 1208, 1282, 1328, 1364, 1366, 1534, 1655, 1877, 1965|547, 1160, 1245, 1265, 1366, 1728, 1742, 1758, 1880, 1933|0, 613, 842, 906, 1282, 1412, 1742, 1965, 2032, 2127|275, 1328, 1460, 1465, 1531, 1639, 1758, 2127, 2167, 2168|4, 478, 1023, 1361, 1386, 1461, 1654, 1745, 1791, 1876|713, 1046, 1386, 1608, 1664, 2032, 2172, 2238, 2280, 2327|966, 1138, 1485, 1664, 1745, 1826, 2111, 2167, 2238, 2327|1223, 1261, 1265, 1557, 1655, 1860, 2181, 2237, 2263, 2306|1066, 1353, 1414, 1683, 1776, 1900, 2120, 2280, 2370, 2447|961, 1134, 1407, 1476, 1655, 1903, 1957, 2199, 2492, 2565|1023, 1544, 1679, 1731, 1820, 2306, 2447, 2506, 2529, 2565|1682, 1857, 1951, 1972, 2050, 2135, 2350, 2600, 2628, 2720|1531, 1776, 1873, 1881, 1908, 2004, 2201, 2628, 2724, 2792|387, 470, 1616, 1873, 2135, 2214, 2440, 2720, 2807, 2823|1908, 1993, 2017, 2214, 2255, 2385, 2548, 2600, 2807, 2882|232, 1230, 1444, 1665, 1798, 1976, 2024, 2299, 2506, 2598|126, 279, 630, 1753, 1874, 2724, 2836, 2882, 2934, 2977|55, 1951, 2009, 2075, 2255, 2405, 2447, 2934, 2983, 3051|629, 1109, 2075, 2273, 2293, 2406, 2484, 2802, 2983, 3045|1597, 2040, 2142, 2151, 2293, 2600, 3040, 3117, 3136, 3168|2219, 2314, 2372, 2437, 2517, 2959, 3046, 3089, 3118, 3127|785, 906, 938, 1319, 1773, 3038, 3234, 3291, 3368, 3451|30, 2123, 2190, 2304, 2370, 2827, 3127, 3173, 3185, 3202|2190, 2314, 2372, 2437, 2537, 2917, 3298, 3368, 3451, 3542|641, 2151, 2304, 2370, 2440, 2628, 2823, 2980, 3357, 3631|1815, 1881, 1947, 2517, 2594, 3443, 3697, 3729, 3788, 3825|36, 303, 1465, 1807, 2440, 2645, 2717, 2988, 3173, 3443|307, 2224, 2594, 2686, 2704, 3232, 3264, 3537, 3587, 3651|39, 2017, 2247, 2339, 2549, 3291, 3542, 3729, 3825, 3876|2339, 2537, 2686, 2782, 2840, 3391, 3587, 3651, 3743, 3815|1513, 1815, 1820, 2616, 2840, 3728, 3876, 3923, 3956, 4006|1820, 2089, 2615, 3163, 3188, 3287, 3653, 3816, 4006, 4075|]
jobshop_swv14-dl-13	4119	180000	false	--	[|0, 69, 106, 170, 171, 236, 270, 337, 380, 452|0, 11, 18, 86, 236, 288, 317, 452, 533, 545|129, 219, 248, 288, 289, 380, 418, 431, 533, 574|11, 106, 219, 302, 338, 388, 418, 574, 639, 695|302, 348, 387, 479, 532, 594, 662, 727, 801, 888|69, 82, 170, 479, 546, 671, 676, 770, 865, 893|57, 58, 348, 384, 470, 545, 581, 727, 888, 903|0, 384, 532, 621, 680, 893, 988, 1051, 1136, 1170|447, 546, 680, 762, 785, 811, 833, 868, 903, 934|0, 58, 132, 571, 644, 737, 988, 1065, 1170, 1259|171, 248, 460, 762, 778, 1094, 1173, 1259, 1319, 1339|249, 644, 698, 778, 798, 964, 1172, 1339, 1400, 1494|698, 821, 893, 984, 1059, 1136, 1319, 1400, 1471, 1534|18, 65, 515, 798, 862, 1271, 1365, 1471, 1502, 1587|550, 613, 984, 1071, 1160, 1351, 1353, 1502, 1594, 1638|153, 320, 683, 1071, 1212, 1565, 1675, 1729, 1820, 1877|86, 385, 718, 862, 938, 975, 985, 1065, 1374, 1638|18, 338, 811, 903, 1149, 1365, 1432, 1594, 1715, 1820|933, 1208, 1282, 1328, 1364, 1366, 1534, 1655, 1877, 1965|547, 1160, 1245, 1265, 1366, 1728, 1742, 1758, 1880, 1933|0, 613, 842, 906, 1282, 1412, 1742, 1965, 2032, 2127|275, 1328, 1460, 1465, 1531, 1639, 1758, 2127, 2167, 2168|4, 478, 1023, 1361, 1386, 1461, 1654, 1745, 1791, 1876|713, 1046, 1386, 1608, 1664, 2032, 2172, 2238, 2280, 2327|966, 1138, 1485, 1664, 1745, 1826, 2111, 2167, 2238, 2327|1223, 1261, 1265, 1557, 1655, 1860, 2181, 2237, 2263, 2306|1066, 1353, 1414, 1683, 1776, 1900, 2120, 2280, 2370, 2447|961, 1134, 1407, 1476, 1655, 1903, 1957, 2199, 2492, 2565|1023, 1544, 1679, 1731, 1820, 2306, 2447, 2506, 2529, 2565|1682, 1857, 1951, 1972, 2050, 2135, 2350, 2600, 2628, 2720|1531, 1776, 1873, 1881, 1908, 2004, 2201, 2628, 2724, 2792|387, 470, 1616, 1873, 2135, 2214, 2440, 2720, 2807, 2823|1908, 1993, 2017, 2214, 2255, 2385, 2548, 2600, 2807, 2882|232, 1230, 1444, 1665, 1798, 1976, 2024, 2299, 2506, 2598|126, 279, 630, 1753, 1874, 2724, 2836, 2882, 2934, 2977|55, 1951, 2009, 2075, 2255, 2405, 2447, 2934, 2983, 3051|629, 1109, 2075, 2273, 2293, 2406, 2484, 2802, 2983, 3045|1597, 2040, 2142, 2151, 2293, 2600, 3040, 3117, 3136, 3168|2219, 2314, 2372, 2437, 2517, 2959, 3046, 3089, 3118, 3127|785, 906, 938, 1319, 1773, 3038, 3234, 3291, 3368, 3451|30, 2123, 2190, 2304, 2370, 2827, 3127, 3173, 3185, 3202|2190, 2314, 2372, 2437, 2537, 2917, 3298, 3368, 3451, 3542|641, 2151, 2304, 2370, 2440, 2628, 2823, 2980, 3357, 3631|1815, 1881, 1947, 2517, 2594, 3443, 3697, 3729, 3788, 3825|36, 303, 1465, 1807, 2440, 2645, 2717, 2988, 3173, 3443|307, 2224, 2594, 2686, 2704, 3232, 3264, 3537, 3587, 3651|39, 2017, 2247, 2339, 2549, 3291, 3542, 3729, 3825, 3876|2339, 2537, 2686, 2782, 2840, 3391, 3587, 3651, 3743, 3815|1513, 1815, 1820, 2616, 2840, 3728, 3876, 3923, 3956, 4006|1820, 2089, 2629, 2813, 3027, 3310, 3695, 3816, 4006, 4075|]
jobshop_swv14-dl-16	4119	180000	false	--	[|0, 69, 106, 170, 171, 236, 270, 337, 380, 452|0, 11, 18, 86, 236, 288, 317, 452, 533, 545|129, 219, 248, 288, 289, 380, 418, 431, 533, 574|11, 106, 219, 302, 338, 388, 418, 574, 639, 695|302, 348, 387, 479, 532, 594, 662, 727, 801, 888|69, 82, 170, 479, 546, 671, 676, 770, 865, 893|57, 58, 348, 384, 470, 545, 581, 727, 888, 903|0, 384, 532, 621, 680, 893, 988, 1051, 1136, 1170|447, 546, 680, 762, 785, 811, 833, 868, 903, 934|0, 58, 132, 571, 644, 737, 988, 1065, 1170, 1259|171, 248, 460, 762, 778, 1094, 1173, 1259, 1319, 1339|249, 644, 698, 778, 798, 964, 1172, 1339, 1400, 1494|698, 821, 893, 984, 1059, 1136, 1319, 1400, 1471, 1534|18, 65, 515, 798, 862, 1271, 1365, 1471, 1502, 1587|550, 613, 984, 1071, 1160, 1351, 1353, 1502, 1594, 1638|153, 320, 683, 1071, 1212, 1565, 1675, 1729, 1820, 1877|86, 385, 718, 862, 938, 975, 985, 1065, 1374, 1638|18, 338, 811, 903, 1149, 1365, 1432, 1594, 1715, 1820|933, 1208, 1282, 1328, 1364, 1366, 1534, 1655, 1877, 1965|547, 1160, 1245, 1265, 1366, 1728, 1742, 1758, 1880, 1933|0, 613, 842, 906, 1282, 1412, 1742, 1965, 2032, 2127|275, 1328, 1460, 1465, 1531, 1639, 1758, 2127, 2167, 2168|4, 478, 1023, 1361, 1386, 1461, 1654, 1745, 1791, 1876|713, 1046, 1386, 1608, 1664, 2032, 2172, 2238, 2280, 2327|966, 1138, 1485, 1664, 1745, 1826, 2111, 2167, 2238, 2327|1223, 1261, 1265, 1557, 1655, 1860, 2181, 2237, 2263, 2306|1066, 1353, 1414, 1683, 1776, 1900, 2120, 2280, 2370, 2447|961, 1134, 1407, 1476, 1655, 1903, 1957, 2199, 2492, 2565|1023, 1544, 1679, 1731, 1820, 2306, 2447, 2506, 2529, 2565|1682, 1857, 1951, 1972, 2050, 2135, 2350, 2600, 2628, 2720|1531, 1776, 1873, 1881, 1908, 2004, 2201, 2628, 2724, 2792|387, 470, 1616, 1873, 2135, 2214, 2440, 2720, 2807, 2823|1908, 1993, 2017, 2214, 2255, 2385, 2548, 2600, 2807, 2882|232, 1230, 1444, 1665, 1798, 1976, 2024, 2299, 2506, 2598|126, 279, 630, 1753, 1874, 2724, 2836, 2882, 2934, 2977|55, 1951, 2009, 2075, 2255, 2405, 2447, 2934, 2983, 3051|629, 1109, 2075, 2273, 2293, 2406, 2484, 2802, 2983, 3045|1597, 2040, 2142, 2151, 2293, 2600, 3040, 3117, 3136, 3168|2219, 2314, 2372, 2437, 2517, 2959, 3046, 3089, 3118, 3127|785, 906, 938, 1319, 1773, 3038, 3234, 3291, 3368, 3451|30, 2123, 2190, 2304, 2370, 2827, 3127, 3173, 3185, 3202|2190, 2314, 2372, 2437, 2537, 2917, 3298, 3368, 3451, 3542|641, 2151, 2304, 2370, 2440, 2628, 2823, 2980, 3357, 3631|1815, 1881, 1947, 2517, 2594, 3443, 3697, 3729, 3788, 3825|36, 303, 1465, 1807, 2440, 2645, 2717, 2988, 3173, 3443|307, 2224, 2594, 2686, 2704, 3232, 3264, 3537, 3587, 3651|39, 2017, 2247, 2339, 2549, 3291, 3542, 3729, 3825, 3876|2339, 2537, 2686, 2782, 2840, 3391, 3587, 3651, 3743, 3815|1513, 1815, 1820, 2616, 2840, 3728, 3876, 3923, 3956, 4011|1826, 2089, 2772, 2946, 2951, 3264, 3613, 3964, 4006, 4075|]
jobshop_yn4-dl-10	1558	180000	false	--	[|0, 34, 72, 93, 108, 150, 167, 208, 218, 244, 268, 299, 324, 355, 388, 423, 453, 469, 485, 515|0, 41, 74, 89, 127, 167, 205, 242, 262, 284, 318, 334, 373, 388, 407, 485, 524, 550, 569, 608|0, 34, 46, 56, 103, 150, 177, 196, 230, 263, 303, 355, 379, 443, 528, 572, 609, 631, 662, 701|41, 103, 149, 244, 289, 304, 329, 363, 387, 422, 437, 485, 504, 514, 562, 608, 636, 654, 671, 715|0, 47, 70, 196, 241, 280, 329, 361, 388, 404, 418, 437, 483, 493, 510, 572, 619, 701, 718, 739|0, 56, 76, 94, 131, 141, 157, 181, 199, 223, 241, 283, 296, 379, 453, 501, 619, 643, 666, 711|0, 47, 62, 141, 160, 181, 230, 246, 274, 394, 501, 643, 664, 694, 730, 747, 769, 812, 844, 867|27, 127, 142, 246, 319, 356, 437, 504, 547, 595, 636, 660, 685, 718, 750, 812, 849, 873, 897, 912|0, 34, 67, 92, 223, 274, 318, 404, 664, 747, 779, 844, 873, 902, 948, 965, 1013, 1052, 1092, 1133|0, 70, 230, 322, 371, 393, 510, 538, 595, 718, 750, 798, 809, 873, 897, 945, 964, 1011, 1060, 1106|26, 49, 97, 243, 387, 423, 438, 538, 562, 660, 683, 728, 741, 762, 809, 853, 934, 968, 990, 1001|72, 334, 383, 485, 622, 685, 720, 749, 793, 819, 948, 978, 1017, 1052, 1080, 1103, 1145, 1178, 1223, 1233|59, 157, 242, 284, 297, 308, 393, 421, 449, 462, 524, 545, 577, 743, 791, 802, 828, 861, 883, 968|97, 285, 337, 547, 590, 741, 798, 825, 861, 891, 910, 946, 977, 1024, 1065, 1106, 1146, 1178, 1191, 1253|0, 89, 149, 159, 194, 290, 333, 715, 769, 791, 806, 883, 926, 964, 980, 1092, 1132, 1181, 1219, 1235|117, 230, 297, 841, 878, 978, 1005, 1032, 1073, 1142, 1223, 1241, 1278, 1326, 1336, 1350, 1368, 1411, 1459, 1471|93, 160, 383, 470, 607, 643, 688, 720, 825, 1017, 1047, 1094, 1265, 1336, 1376, 1419, 1435, 1445, 1457, 1496|241, 590, 642, 755, 844, 884, 930, 951, 984, 1073, 1096, 1120, 1168, 1211, 1252, 1284, 1313, 1349, 1387, 1434|49, 119, 155, 333, 381, 449, 556, 602, 711, 757, 945, 976, 994, 1018, 1132, 1161, 1175, 1194, 1252, 1290|0, 381, 425, 468, 499, 637, 654, 730, 756, 793, 849, 904, 942, 1075, 1335, 1369, 1404, 1448, 1474, 1520|]
jobshop_yn4-dl-13	1558	180000	false	--	[|0, 34, 72, 93, 108, 150, 167, 208, 218, 244, 268, 299, 324, 355, 388, 423, 453, 469, 485, 515|0, 41, 74, 89, 127, 167, 205, 242, 262, 284, 318, 334, 373, 388, 407, 485, 524, 550, 569, 608|0, 34, 46, 56, 103, 150, 177, 196, 230, 263, 303, 355, 379, 443, 528, 572, 609, 631, 662, 701|41, 103, 149, 244, 289, 304, 329, 363, 387, 422, 437, 485, 504, 514, 562, 608, 636, 654, 671, 715|0, 47, 70, 196, 241, 280, 329, 361, 388, 404, 418, 437, 483, 493, 510, 572, 619, 701, 718, 739|0, 56, 76, 94, 131, 141, 157, 181, 199, 223, 241, 283, 296, 379, 453, 501, 619, 643, 666, 711|0, 47, 62, 141, 160, 181, 230, 246, 274, 394, 501, 643, 664, 694, 730, 747, 769, 812, 844, 867|27, 127, 142, 246, 319, 356, 437, 504, 547, 595, 636, 660, 685, 718, 750, 812, 849, 873, 897, 912|0, 34, 67, 92, 223, 274, 318, 404, 664, 747, 779, 844, 873, 902, 948, 965, 1013, 1052, 1092, 1133|0, 70, 230, 322, 371, 393, 510, 538, 595, 718, 750, 798, 809, 873, 897, 945, 964, 1011, 1060, 1106|26, 49, 97, 243, 387, 423, 438, 538, 562, 660, 683, 728, 741, 762, 809, 853, 934, 968, 990, 1001|72, 334, 383, 485, 622, 685, 720, 749, 793, 819, 948, 978, 1017, 1052, 1080, 1103, 1145, 1178, 1223, 1233|59, 157, 242, 284, 297, 308, 393, 421, 449, 462, 524, 545, 577, 743, 791, 802, 828, 861, 883, 968|97, 285, 337, 547, 590, 741, 798, 825, 861, 891, 910, 946, 977, 1024, 1065, 1106, 1146, 1178, 1191, 1253|0, 89, 149, 159, 194, 290, 333, 715, 769, 791, 806, 883, 926, 964, 980, 1092, 1132, 1181, 1219, 1235|117, 230, 297, 841, 878, 978, 1005, 1032, 1073, 1142, 1223, 1241, 1278, 1326, 1336, 1350, 1368, 1411, 1459, 1471|93, 160, 383, 470, 607, 643, 688, 720, 825, 1017, 1047, 1094, 1265, 1336, 1376, 1419, 1435, 1445, 1457, 1496|241, 590, 642, 755, 844, 884, 930, 951, 984, 1073, 1096, 1120, 1168, 1211, 1252, 1284, 1313, 1349, 1387, 1434|49, 119, 155, 333, 381, 449, 556, 602, 711, 757, 945, 976, 994, 1018, 1132, 1161, 1175, 1194, 1252, 1290|0, 381, 425, 468, 499, 637, 655, 730, 756, 793, 849, 904, 960, 1076, 1210, 1368, 1403, 1445, 1469, 1520|]
jobshop_yn4-dl-16	1558	180000	false	--	[|0, 34, 72, 93, 108, 150, 167, 208, 218, 244, 268, 299, 324, 355, 388, 423, 453, 469, 485, 515|0, 41, 74, 89, 127, 167, 205, 242, 262, 284, 318, 334, 373, 388, 407, 485, 524, 550, 569, 608|0, 34, 46, 56, 103, 150, 177, 196, 230, 263, 303, 355, 379, 443, 528, 572, 609, 631, 662, 701|41, 103, 149, 244, 289, 304, 329, 363, 387, 422, 437, 485, 504, 514, 562, 608, 636, 654, 671, 715|0, 47, 70, 196, 241, 280, 329, 361, 388, 404, 418, 437, 483, 493, 510, 572, 619, 701, 718, 739|0, 56, 76, 94, 131, 141, 157, 181, 199, 223, 241, 283, 296, 379, 453, 501, 619, 643, 666, 711|0, 47, 62, 141, 160, 181, 230, 246, 274, 394, 501, 643, 664, 694, 730, 747, 769, 812, 844, 867|27, 127, 142, 246, 319, 356, 437, 504, 547, 595, 636, 660, 685, 718, 750, 812, 849, 873, 897, 912|0, 34, 67, 92, 223, 274, 318, 404, 664, 747, 779, 844, 873, 902, 948, 965, 1013, 1052, 1092, 1133|0, 70, 230, 322, 371, 393, 510, 538, 595, 718, 750, 798, 809, 873, 897, 945, 964, 1011, 1060, 1106|26, 49, 97, 243, 387, 423, 438, 538, 562, 660, 683, 728, 741, 762, 809, 853, 934, 968, 990, 1001|72, 334, 383, 485, 622, 685, 720, 749, 793, 819, 948, 978, 1017, 1052, 1080, 1103, 1145, 1178, 1223, 1233|59, 157, 242, 284, 297, 308, 393, 421, 449, 462, 524, 545, 577, 743, 791, 802, 828, 861, 883, 968|97, 285, 337, 547, 590, 741, 798, 825, 861, 891, 910, 946, 977, 1024, 1065, 1106, 1146, 1178, 1191, 1253|0, 89, 149, 159, 194, 290, 333, 715, 769, 791, 806, 883, 926, 964, 980, 1092, 1132, 1181, 1219, 1235|117, 230, 297, 841, 878, 978, 1005, 1032, 1073, 1142, 1223, 1241, 1278, 1326, 1336, 1350, 1368, 1411, 1459, 1471|93, 160, 383, 470, 607, 643, 688, 720, 825, 1017, 1047, 1094, 1265, 1336, 1376, 1419, 1435, 1445, 1457, 1496|241, 590, 642, 755, 844, 884, 930, 951, 984, 1073, 1096, 1120, 1168, 1211, 1252, 1284, 1313, 1349, 1387, 1434|49, 119, 157, 333, 381, 449, 556, 602, 711, 757, 945, 976, 994, 1018, 1132, 1161, 1175, 1194, 1252, 1290|0, 381, 425, 468, 499, 637, 671, 730, 756, 803, 850, 924, 967, 1066, 1200, 1368, 1403, 1445, 1469, 1520|]
jobshop_orb01-dl-10	1376	180000	false	--	[|0, 72, 136, 191, 222, 275, 370, 381, 433, 439|72, 133, 275, 363, 441, 490, 573, 664, 738, 767|133, 222, 254, 289, 370, 388, 436, 527, 579, 664|219, 289, 436, 463, 562, 636, 645, 678, 767, 826|0, 227, 388, 562, 624, 679, 727, 732, 854, 901|321, 381, 441, 448, 490, 924, 1011, 1039, 1109, 1154|0, 29, 374, 558, 572, 606, 620, 738, 1011, 1109|196, 473, 624, 711, 762, 846, 901, 1011, 1154, 1235|38, 572, 762, 855, 893, 906, 1002, 1185, 1249, 1331|480, 565, 694, 723, 814, 888, 973, 1012, 1249, 1301|]
jobshop_orb01-dl-10	1376	180000	false	--	[|0, 72, 136, 191, 222, 275, 370, 381, 433, 439|72, 133, 275, 363, 441, 490, 573, 664, 738, 767|133, 222, 254, 289, 370, 388, 436, 527, 579, 664|219, 289, 436, 463, 562, 636, 645, 678, 767, 826|0, 227, 388, 562, 624, 679, 727, 732, 854, 901|321, 389, 441, 451, 490, 924, 1011, 1039, 1109, 1154|0, 29, 374, 558, 572, 606, 620, 738, 1011, 1109|44, 577, 624, 711, 762, 846, 901, 985, 1154, 1235|191, 572, 762, 855, 893, 906, 1022, 1185, 1249, 1331|450, 500, 696, 754, 814, 888, 973, 1013, 1249, 1300|]
jobshop_orb01-dl-13	1376	180000	false	--	[|0, 72, 136, 191, 222, 275, 370, 381, 433, 439|72, 133, 275, 363, 441, 490, 573, 664, 738, 767|133, 222, 254, 289, 370, 388, 436, 527, 579, 664|219, 289, 436, 463, 562, 636, 645, 678, 767, 826|0, 227, 388, 562, 624, 679, 727, 732, 854, 901|321, 381, 441, 448, 490, 924, 1011, 1039, 1109, 1154|0, 29, 374, 558, 572, 606, 620, 738, 1011, 1109|29, 473, 624, 711, 762, 846, 901, 985, 1154, 1235|191, 572, 762, 855, 893, 906, 1002, 1185, 1249, 1331|565, 630, 694, 731, 814, 888, 973, 1007, 1249, 1328|]
jobshop_orb01-dl-13	1376	180000	false	--	[|0, 72, 136, 191, 222, 275, 370, 381, 433, 439|72, 133, 275, 363, 441, 490, 573, 664, 738, 767|133, 222, 254, 289, 370, 388, 436, 527, 579, 664|219, 289, 436, 463, 562, 636, 645, 678, 767, 826|0, 227, 388, 562, 624, 679, 727, 732, 854, 901|321, 381, 441, 448, 490, 924, 1011, 1039, 1109, 1154|0, 29, 374, 558, 572, 606, 620, 738, 1011, 1109|29, 473, 624, 711, 762, 846, 901, 985, 1154, 1235|191, 659, 762, 855, 893, 906, 1004, 1185, 1249, 1331|533, 622, 696, 725, 814, 888, 973, 1007, 1249, 1303|]
jobshop_orb01-dl-16	1376	180000	false	--	[|0, 72, 136, 191, 222, 275, 370, 381, 433, 439|72, 133, 275, 363, 441, 490, 573, 664, 738, 767|133, 222, 254, 289, 370, 388, 436, 527, 579, 664|219, 289, 436, 463, 562, 636, 645, 678, 767, 826|0, 227, 388, 562, 624, 679, 727, 732, 854, 901|321, 381, 441, 448, 490, 924, 1011, 1039, 1109, 1154|0, 29, 374, 558, 572, 606, 620, 738, 1011, 1109|29, 473, 624, 711, 762, 846, 901, 985, 1154, 1235|191, 572, 762, 855, 893, 906, 1002, 1185, 1249, 1331|551, 596, 701, 758, 814, 888, 975, 1009, 1249, 1300|]
jobshop_orb01-dl-16	1376	180000	false	--	[|0, 72, 136, 191, 222, 275, 370, 381, 433, 439|72, 133, 275, 363, 441, 490, 573, 664, 738, 767|133, 222, 254, 289, 370, 388, 436, 527, 579, 664|219, 289, 436, 463, 562, 636, 645, 678, 767, 826|0, 227, 388, 562, 624, 679, 727, 732, 854, 901|321, 381, 441, 448, 490, 924, 1011, 1039, 1109, 1154|0, 29, 374, 558, 572, 606, 620, 738, 1011, 1109|29, 473, 624, 711, 762, 846, 901, 985, 1154, 1235|191, 572, 762, 855, 893, 906, 1054, 1185, 1249, 1331|455, 602, 694, 732, 814, 888, 973, 1007, 1249, 1305|]
jobshop_orb02-dl-10	1469	180000	false	--	[|0, 72, 126, 159, 245, 320, 336, 432, 439, 538|72, 245, 333, 381, 433, 493, 522, 540, 629, 709|88, 135, 333, 347, 432, 448, 531, 629, 690, 714|135, 184, 347, 538, 690, 753, 788, 853, 876, 926|184, 239, 245, 364, 753, 839, 955, 969, 1039, 1103|0, 239, 262, 332, 403, 460, 614, 699, 839, 918|46, 482, 542, 772, 938, 1014, 1103, 1189, 1203, 1230|122, 448, 969, 1026, 1189, 1275, 1329, 1353, 1402, 1422|0, 28, 62, 146, 671, 1026, 1113, 1123, 1132, 1178|28, 50, 131, 296, 522, 610, 620, 890, 1146, 1270|]
jobshop_orb02-dl-10	1287	180000	false	--	[|0, 72, 126, 159, 245, 320, 336, 432, 439, 538|72, 245, 333, 381, 433, 493, 522, 540, 629, 709|88, 269, 333, 347, 432, 448, 531, 629, 690, 714|135, 184, 347, 538, 690, 753, 788, 853, 876, 965|184, 242, 248, 364, 753, 839, 951, 965, 1035, 1103|0, 239, 262, 332, 403, 460, 614, 699, 839, 918|46, 482, 542, 772, 938, 1014, 1099, 1189, 1203, 1230|122, 215, 242, 620, 714, 1014, 1068, 1092, 1141, 1161|0, 28, 39, 117, 381, 870, 951, 1064, 1141, 1187|28, 68, 157, 365, 522, 610, 620, 887, 1075, 1251|]
jobshop_orb02-dl-13	1469	180000	false	--	[|0, 72, 126, 159, 245, 320, 336, 432, 439, 538|72, 245, 333, 381, 433, 493, 522, 540, 629, 709|88, 135, 333, 347, 432, 448, 531, 629, 690, 714|135, 184, 347, 538, 690, 753, 788, 853, 876, 926|184, 239, 245, 364, 753, 839, 955, 969, 1039, 1103|0, 239, 262, 332, 403, 460, 614, 699, 839, 918|46, 484, 601, 772, 938, 1014, 1103, 1189, 1203, 1230|122, 448, 969, 1026, 1189, 1275, 1329, 1353, 1402, 1422|0, 28, 39, 146, 674, 1026, 1113, 1123, 1132, 1178|28, 50, 126, 215, 522, 610, 620, 907, 1142, 1301|]
jobshop_orb02-dl-13	1469	180000	false	--	[|0, 72, 126, 159, 245, 320, 336, 432, 439, 538|72, 245, 333, 381, 433, 493, 522, 540, 629, 709|88, 135, 333, 347, 432, 448, 531, 629, 690, 714|135, 184, 347, 538, 690, 753, 788, 853, 876, 926|184, 239, 245, 364, 753, 839, 955, 969, 1039, 1103|0, 239, 262, 332, 403, 460, 614, 699, 839, 918|46, 482, 542, 772, 938, 1014, 1103, 1189, 1203, 1230|125, 682, 969, 1026, 1189, 1275, 1329, 1353, 1402, 1422|0, 28, 85, 246, 381, 1029, 1113, 1123, 1132, 1178|28, 50, 126, 215, 522, 610, 620, 880, 1144, 1226|]
jobshop_orb02-dl-16	1469	180000	false	--	[|0, 72, 126, 159, 245, 320, 336, 432, 439, 538|72, 245, 333, 381, 433, 493, 522, 540, 629, 709|88, 135, 333, 347, 432, 448, 531, 629, 690, 714|135, 184, 347, 538, 690, 753, 788, 853, 876, 926|184, 239, 245, 364, 753, 839, 955, 969, 1039, 1103|0, 239, 262, 332, 403, 460, 614, 699, 839, 918|46, 482, 542, 772, 938, 1014, 1103, 1189, 1203, 1230|122, 448, 969, 1026, 1189, 1275, 1329, 1353, 1402, 1422|0, 28, 39, 195, 381, 1031, 1113, 1123, 1132, 1178|28, 50, 126, 286, 522, 610, 620, 919, 1142, 1341|]
jobshop_orb02-dl-16	1469	180000	false	--	[|0, 72, 126, 159, 245, 320, 336, 432, 439, 538|72, 245, 333, 381, 433, 493, 522, 540, 629, 709|88, 135, 333, 347, 432, 448, 531, 629, 690, 714|135, 184, 347, 538, 690, 753, 788, 853, 876, 926|184, 239, 245, 364, 753, 839, 955, 969, 1039, 1103|0, 239, 262, 332, 403, 460, 614, 699, 839, 918|46, 482, 542, 772, 938, 1014, 1103, 1189, 1203, 1230|122, 448, 969, 1026, 1189, 1275, 1329, 1353, 1402, 1422|0, 28, 39, 251, 535, 1029, 1113, 1123, 1132, 1178|28, 50, 126, 215, 522, 610, 620, 870, 1133, 1383|]
jobshop_orb03-dl-10	1485	180000	false	--	[|0, 96, 165, 190, 195, 250, 265, 353, 364, 381|96, 165, 213, 280, 318, 364, 388, 450, 542, 638|0, 213, 276, 369, 454, 542, 614, 665, 746, 804|67, 276, 369, 454, 536, 746, 838, 863, 912, 940|0, 107, 536, 609, 635, 712, 745, 940, 1039, 1077|53, 190, 609, 690, 778, 863, 933, 1039, 1077, 1132|73, 280, 690, 712, 778, 933, 973, 1076, 1122, 1151|311, 373, 712, 768, 812, 1024, 1115, 1214, 1269, 1285|396, 469, 829, 918, 942, 1041, 1309, 1316, 1367, 1386|516, 846, 918, 988, 1089, 1151, 1228, 1309, 1380, 1404|]
jobshop_orb03-dl-10	1485	180000	false	--	[|0, 96, 165, 190, 195, 250, 265, 353, 364, 381|96, 165, 213, 280, 346, 364, 388, 450, 542, 638|0, 213, 276, 369, 454, 542, 614, 665, 746, 804|67, 276, 369, 454, 536, 746, 838, 863, 912, 940|0, 107, 250, 323, 349, 450, 649, 940, 1039, 1077|53, 190, 536, 617, 705, 863, 933, 1039, 1077, 1132|73, 426, 617, 639, 705, 739, 838, 1076, 1122, 1151|311, 519, 639, 695, 739, 756, 891, 1214, 1269, 1285|396, 592, 756, 845, 869, 968, 1060, 1122, 1232, 1269|532, 646, 845, 915, 1013, 1046, 1228, 1309, 1380, 1404|]
jobshop_orb03-dl-13	1492	180000	false	--	[|0, 96, 165, 190, 195, 250, 265, 353, 364, 381|96, 165, 213, 280, 318, 364, 388, 450, 542, 638|0, 213, 276, 369, 454, 542, 614, 665, 746, 804|67, 276, 369, 454, 536, 746, 838, 863, 912, 940|0, 107, 536, 609, 635, 712, 745, 940, 1039, 1077|53, 190, 609, 690, 778, 863, 933, 1039, 1077, 1132|73, 280, 690, 712, 778, 933, 973, 1076, 1122, 1151|311, 373, 712, 768, 812, 1024, 1115, 1214, 1269, 1285|396, 481, 829, 918, 942, 1041, 1228, 1285, 1336, 1387|496, 559, 918, 988, 1106, 1154, 1235, 1316, 1387, 1411|]
jobshop_orb03-dl-13	1492	180000	false	--	[|0, 96, 165, 190, 195, 250, 265, 353, 364, 381|96, 165, 213, 280, 318, 364, 388, 450, 542, 638|0, 213, 276, 369, 454, 542, 614, 665, 746, 804|67, 276, 369, 454, 536, 746, 838, 863, 912, 940|0, 107, 536, 609, 635, 712, 745, 940, 1039, 1077|53, 190, 609, 690, 778, 863, 933, 1039, 1077, 1132|73, 280, 690, 712, 778, 933, 973, 1076, 1122, 1151|311, 373, 712, 768, 812, 1024, 1115, 1214, 1269, 1285|396, 482, 829, 918, 942, 1041, 1228, 1285, 1336, 1387|568, 720, 918, 990, 1160, 1192, 1235, 1316, 1387, 1411|]
jobshop_orb03-dl-16	1492	180000	false	--	[|0, 96, 165, 190, 195, 250, 265, 353, 364, 381|96, 165, 213, 280, 318, 364, 388, 450, 542, 638|0, 213, 276, 369, 454, 542, 614, 665, 746, 804|67, 276, 369, 454, 536, 746, 838, 863, 912, 940|0, 107, 536, 609, 635, 712, 745, 940, 1039, 1077|53, 190, 609, 690, 778, 863, 933, 1039, 1077, 1132|73, 280, 690, 712, 778, 933, 973, 1076, 1122, 1151|311, 373, 712, 768, 812, 1024, 1115, 1214, 1269, 1285|396, 483, 829, 918, 942, 1041, 1228, 1285, 1336, 1387|475, 540, 918, 1001, 1102, 1151, 1235, 1316, 1387, 1411|]
jobshop_orb03-dl-16	1492	180000	false	--	[|0, 96, 165, 190, 195, 250, 265, 353, 364, 381|96, 165, 213, 280, 318, 364, 388, 450, 542, 638|0, 213, 276, 369, 454, 542, 614, 665, 746, 804|67, 276, 369, 454, 536, 746, 838, 863, 912, 940|0, 107, 536, 609, 635, 712, 745, 940, 1039, 1077|53, 190, 609, 690, 778, 863, 933, 1039, 1077, 1132|73, 280, 690, 712, 778, 933, 973, 1076, 1122, 1151|311, 373, 712, 768, 812, 1024, 1115, 1214, 1269, 1285|396, 469, 829, 918, 942, 1041, 1228, 1285, 1336, 1387|564, 750, 918, 988, 1089, 1151, 1235, 1316, 1387, 1411|]
jobshop_orb04-dl-10	1621	180000	false	--	[|0, 8, 18, 53, 97, 112, 204, 274, 363, 413|8, 71, 110, 204, 226, 314, 425, 510, 537, 611|71, 123, 145, 190, 258, 314, 382, 407, 441, 510|123, 178, 263, 413, 493, 611, 622, 691, 747, 858|154, 251, 594, 681, 728, 805, 895, 993, 1073, 1112|18, 407, 475, 747, 814, 858, 993, 1152, 1242, 1275|251, 285, 493, 622, 814, 883, 919, 952, 1050, 1063|285, 329, 441, 526, 581, 805, 1073, 1242, 1290, 1376|408, 632, 825, 884, 961, 1290, 1364, 1427, 1444, 1537|348, 511, 526, 873, 933, 997, 1075, 1208, 1364, 1393|]
jobshop_orb04-dl-10	1621	180000	false	--	[|0, 8, 18, 53, 97, 112, 204, 274, 363, 413|8, 71, 110, 204, 226, 314, 425, 510, 537, 611|71, 123, 145, 190, 258, 314, 382, 407, 441, 510|123, 178, 263, 413, 493, 611, 622, 691, 747, 820|154, 251, 594, 681, 728, 805, 895, 993, 1073, 1112|18, 407, 475, 747, 845, 889, 993, 1152, 1242, 1275|251, 285, 493, 622, 814, 889, 925, 958, 1056, 1063|285, 329, 441, 526, 577, 805, 1073, 1242, 1290, 1376|329, 353, 825, 884, 974, 1290, 1364, 1427, 1444, 1537|353, 420, 553, 873, 933, 979, 1053, 1107, 1364, 1517|]
jobshop_orb04-dl-13	1621	180000	false	--	[|0, 8, 18, 53, 97, 112, 204, 274, 363, 413|8, 71, 110, 204, 226, 314, 425, 510, 537, 611|71, 123, 145, 190, 258, 314, 382, 407, 441, 510|123, 178, 263, 413, 493, 611, 622, 691, 747, 820|154, 251, 594, 681, 728, 805, 895, 993, 1073, 1112|18, 407, 475, 747, 845, 889, 993, 1152, 1242, 1275|251, 285, 493, 622, 814, 889, 925, 958, 1056, 1063|285, 329, 441, 526, 577, 805, 1073, 1242, 1290, 1376|329, 353, 825, 884, 974, 1290, 1364, 1427, 1444, 1537|543, 643, 745, 873, 933, 980, 1048, 1109, 1381, 1447|]
jobshop_orb04-dl-13	1621	180000	false	--	[|0, 8, 18, 53, 97, 112, 204, 274, 363, 413|8, 71, 110, 204, 226, 314, 425, 510, 537, 611|71, 123, 145, 190, 258, 314, 382, 407, 441, 510|123, 178, 263, 413, 493, 611, 622, 691, 747, 820|154, 251, 594, 681, 728, 805, 895, 993, 1073, 1112|18, 407, 475, 747, 845, 889, 993, 1152, 1242, 1275|251, 285, 493, 622, 814, 889, 925, 958, 1056, 1063|285, 329, 441, 526, 577, 805, 1073, 1242, 1290, 1376|329, 353, 825, 884, 974, 1290, 1364, 1427, 1444, 1537|353, 607, 680, 873, 933, 979, 1053, 1123, 1364, 1395|]
jobshop_orb04-dl-16	1621	180000	false	--	[|0, 8, 18, 53, 97, 112, 204, 274, 363, 413|8, 71, 110, 204, 226, 314, 425, 510, 537, 611|71, 123, 145, 190, 258, 314, 382, 407, 441, 510|123, 178, 263, 413, 493, 611, 622, 691, 747, 820|154, 251, 594, 681, 728, 805, 895, 993, 1073, 1112|18, 407, 475, 747, 845, 889, 993, 1152, 1242, 1275|251, 285, 493, 622, 814, 889, 925, 958, 1056, 1063|285, 329, 441, 526, 577, 805, 1073, 1242, 1290, 1376|329, 353, 825, 884, 1183, 1290, 1364, 1427, 1444, 1537|378, 529, 541, 873, 933, 984, 1042, 1096, 1364, 1426|]
jobshop_orb04-dl-16	1621	180000	false	--	[|0, 8, 18, 53, 97, 112, 204, 274, 363, 413|8, 71, 110, 204, 226, 314, 425, 510, 537, 611|71, 123, 145, 190, 258, 314, 382, 407, 441, 510|123, 178, 263, 413, 493, 611, 622, 691, 747, 820|154, 251, 594, 681, 728, 805, 895, 993, 1073, 1112|18, 407, 475, 747, 845, 889, 993, 1152, 1242, 1275|251, 285, 493, 622, 814, 889, 925, 958, 1056, 1063|285, 329, 441, 526, 577, 805, 1073, 1242, 1290, 1376|329, 353, 825, 884, 974, 1290, 1364, 1427, 1444, 1537|353, 472, 536, 873, 933, 979, 1047, 1200, 1413, 1505|]
jobshop_orb05-dl-10	1232	180000	false	--	[|0, 11, 104, 152, 228, 241, 312, 371, 461, 471|104, 156, 232, 316, 389, 445, 455, 481, 524, 563|11, 156, 228, 254, 320, 445, 563, 590, 612, 618|0, 18, 76, 138, 184, 209, 312, 389, 417, 497|18, 96, 254, 372, 388, 481, 590, 668, 755, 794|39, 200, 251, 417, 519, 586, 601, 755, 781, 801|251, 274, 350, 481, 586, 668, 686, 781, 801, 899|350, 497, 580, 667, 769, 800, 893, 923, 952, 1018|406, 580, 796, 878, 894, 956, 997, 1088, 1123, 1157|96, 194, 230, 269, 471, 610, 683, 782, 813, 910|]
jobshop_orb05-dl-10	1232	180000	false	--	[|0, 11, 104, 152, 228, 241, 312, 371, 461, 471|104, 156, 232, 316, 389, 445, 455, 481, 524, 563|11, 156, 228, 254, 320, 445, 563, 590, 612, 618|0, 18, 76, 138, 184, 209, 312, 389, 417, 497|18, 96, 254, 372, 388, 481, 590, 668, 755, 794|39, 200, 251, 417, 519, 586, 601, 755, 781, 801|251, 274, 350, 481, 586, 668, 686, 781, 801, 899|350, 497, 580, 667, 769, 800, 893, 923, 952, 1018|406, 580, 796, 878, 894, 956, 997, 1088, 1123, 1157|96, 143, 184, 204, 471, 610, 683, 784, 866, 1019|]
jobshop_orb05-dl-13	1232	180000	false	--	[|0, 11, 104, 152, 228, 241, 312, 371, 461, 471|104, 156, 232, 316, 389, 445, 455, 481, 524, 563|11, 156, 228, 254, 320, 445, 563, 590, 612, 618|0, 18, 76, 138, 184, 209, 312, 389, 417, 497|18, 96, 254, 372, 388, 481, 590, 668, 755, 794|39, 200, 251, 417, 519, 586, 601, 755, 781, 801|251, 274, 350, 481, 586, 668, 686, 781, 801, 899|350, 497, 580, 667, 769, 800, 893, 923, 952, 1018|406, 580, 796, 878, 894, 956, 997, 1088, 1123, 1157|96, 143, 184, 204, 216, 623, 683, 829, 876, 1015|]
jobshop_orb05-dl-13	1232	180000	false	--	[|0, 11, 104, 152, 228, 241, 312, 371, 461, 471|104, 156, 232, 316, 389, 445, 455, 481, 524, 563|11, 156, 228, 254, 320, 445, 563, 590, 612, 618|0, 18, 76, 138, 184, 209, 312, 389, 417, 497|18, 96, 254, 372, 388, 481, 590, 668, 755, 794|39, 200, 251, 417, 519, 586, 601, 755, 781, 801|251, 274, 350, 481, 586, 668, 686, 781, 801, 899|350, 497, 580, 667, 769, 800, 893, 923, 952, 1018|406, 580, 796, 878, 894, 956, 997, 1088, 1123, 1157|96, 143, 184, 204, 216, 610, 683, 784, 1001, 1139|]
jobshop_orb05-dl-16	1232	180000	false	--	[|0, 11, 104, 152, 228, 241, 312, 371, 461, 471|104, 156, 232, 316, 389, 445, 455, 481, 524, 563|11, 156, 228, 254, 320, 445, 563, 590, 612, 618|0, 18, 76, 138, 184, 209, 312, 389, 417, 497|18, 96, 254, 372, 388, 481, 590, 668, 755, 794|39, 200, 251, 417, 519, 586, 601, 755, 781, 801|251, 274, 358, 481, 586, 668, 686, 781, 801, 899|351, 497, 580, 668, 769, 800, 893, 923, 952, 1018|409, 581, 796, 878, 894, 956, 997, 1088, 1123, 1157|96, 147, 184, 204, 224, 625, 709, 884, 923, 1048|]
jobshop_orb05-dl-16	1232	180000	false	--	[|0, 11, 104, 152, 228, 241, 312, 371, 461, 471|104, 156, 232, 316, 389, 445, 455, 481, 524, 563|11, 156, 228, 254, 320, 445, 563, 590, 612, 618|0, 18, 76, 138, 184, 209, 312, 389, 417, 497|18, 96, 254, 372, 388, 481, 590, 668, 755, 794|39, 200, 251, 417, 519, 586, 601, 755, 781, 801|251, 274, 350, 481, 586, 668, 686, 781, 801, 899|350, 497, 580, 667, 769, 800, 893, 923, 952, 1018|406, 599, 796, 878, 894, 956, 997, 1088, 1123, 1157|99, 147, 184, 204, 216, 610, 695, 794, 828, 926|]
jobshop_orb06-dl-10	1462	180000	false	--	[|0, 99, 173, 222, 289, 306, 313, 322, 361, 396|99, 148, 306, 388, 480, 542, 626, 671, 701, 743|148, 289, 322, 480, 626, 709, 725, 789, 854, 890|174, 215, 388, 461, 555, 709, 755, 814, 854, 967|0, 215, 241, 322, 461, 486, 578, 584, 597, 789|241, 322, 584, 675, 730, 778, 877, 949, 1040, 1124|0, 16, 265, 404, 486, 574, 755, 873, 1013, 1084|16, 274, 368, 509, 562, 791, 1125, 1213, 1259, 1300|70, 573, 623, 663, 753, 865, 945, 1213, 1273, 1365|124, 325, 416, 559, 962, 1033, 1052, 1127, 1273, 1367|]
jobshop_orb06-dl-10	1462	180000	false	--	[|0, 99, 173, 222, 289, 306, 313, 322, 361, 396|99, 148, 306, 388, 480, 542, 626, 671, 701, 743|148, 289, 322, 480, 626, 709, 725, 789, 854, 890|174, 215, 388, 461, 555, 709, 755, 814, 854, 967|0, 215, 241, 322, 461, 486, 578, 584, 604, 789|241, 322, 584, 675, 730, 778, 877, 949, 1040, 1124|0, 16, 265, 404, 486, 574, 755, 873, 1013, 1084|16, 274, 368, 509, 627, 791, 1125, 1213, 1259, 1300|258, 573, 623, 663, 753, 865, 945, 1213, 1283, 1406|123, 317, 416, 773, 962, 1033, 1052, 1127, 1273, 1367|]
jobshop_orb06-dl-13	1462	180000	false	--	[|0, 99, 173, 222, 289, 306, 313, 322, 361, 396|99, 148, 306, 388, 480, 542, 626, 671, 701, 743|148, 289, 322, 480, 626, 709, 725, 789, 854, 890|174, 215, 388, 461, 555, 709, 755, 814, 854, 967|0, 215, 241, 322, 461, 486, 578, 584, 597, 789|241, 322, 584, 675, 730, 778, 877, 949, 1040, 1124|0, 16, 271, 404, 486, 574, 755, 873, 1013, 1084|16, 280, 368, 509, 562, 791, 1125, 1213, 1259, 1300|70, 573, 623, 663, 753, 865, 959, 1213, 1273, 1365|248, 350, 443, 733, 962, 1033, 1066, 1146, 1273, 1367|]
jobshop_orb06-dl-13	1462	180000	false	--	[|0, 99, 173, 222, 289, 306, 313, 322, 361, 396|99, 148, 306, 388, 480, 542, 626, 671, 701, 743|148, 289, 322, 480, 626, 709, 725, 789, 854, 890|174, 215, 388, 461, 555, 709, 755, 814, 854, 967|0, 215, 241, 322, 461, 486, 578, 584, 597, 789|241, 322, 584, 675, 730, 778, 877, 949, 1040, 1124|0, 16, 265, 404, 486, 574, 755, 873, 1013, 1084|16, 274, 368, 509, 562, 791, 1125, 1213, 1259, 1300|70, 573, 623, 663, 753, 865, 945, 1213, 1273, 1365|277, 365, 427, 737, 962, 1033, 1052, 1127, 1273, 1367|]
jobshop_orb06-dl-16	1462	180000	false	--	[|0, 99, 173, 222, 289, 306, 313, 322, 361, 396|99, 148, 306, 388, 480, 542, 626, 671, 701, 743|148, 289, 322, 480, 626, 709, 725, 789, 854, 890|174, 215, 388, 461, 555, 709, 755, 814, 854, 967|0, 215, 241, 322, 461, 486, 578, 584, 597, 789|241, 322, 584, 675, 730, 778, 877, 949, 1040, 1124|0, 16, 265, 417, 486, 589, 755, 873, 1013, 1084|16, 274, 368, 509, 594, 939, 1125, 1213, 1259, 1300|70, 542, 592, 646, 743, 792, 1099, 1213, 1273, 1365|239, 315, 396, 733, 962, 1036, 1056, 1139, 1273, 1367|]
jobshop_orb06-dl-16	1462	180000	false	--	[|0, 99, 173, 222, 289, 306, 313, 322, 361, 396|99, 148, 306, 388, 480, 542, 626, 671, 701, 743|148, 289, 322, 480, 626, 709, 725, 789, 854, 890|174, 215, 388, 461, 555, 709, 755, 814, 854, 967|0, 215, 241, 322, 461, 486, 578, 584, 597, 789|241, 322, 584, 675, 730, 778, 877, 949, 1040, 1124|0, 16, 265, 404, 486, 574, 755, 873, 1013, 1084|16, 277, 368, 509, 562, 791, 1125, 1213, 1259, 1300|70, 573, 623, 663, 753, 865, 945, 1213, 1273, 1365|127, 600, 697, 824, 962, 1033, 1052, 1131, 1273, 1367|]
jobshop_orb07-dl-10	629	180000	false	--	[|0, 32, 46, 61, 98, 116, 159, 178, 205, 233|32, 40, 116, 165, 264, 316, 335, 358, 377, 394|40, 65, 98, 125, 178, 199, 214, 227, 243, 316|65, 89, 125, 286, 315, 329, 346, 369, 384, 402|89, 116, 145, 184, 205, 220, 335, 384, 410, 454|0, 116, 199, 315, 394, 440, 456, 489, 514, 544|17, 205, 236, 360, 440, 453, 504, 523, 544, 556|32, 40, 69, 166, 332, 349, 410, 442, 462, 504|0, 69, 79, 111, 165, 489, 548, 574, 584, 600|64, 196, 243, 350, 433, 503, 544, 573, 585, 599|]
jobshop_orb07-dl-10	629	180000	false	--	[|0, 32, 46, 61, 98, 116, 159, 178, 205, 233|32, 40, 116, 165, 264, 316, 335, 358, 377, 394|40, 65, 98, 125, 178, 199, 214, 227, 243, 316|65, 89, 125, 286, 315, 329, 346, 369, 384, 402|89, 116, 145, 184, 205, 220, 335, 384, 410, 454|0, 116, 199, 315, 394, 440, 456, 489, 514, 544|17, 205, 236, 360, 440, 453, 504, 523, 544, 556|32, 40, 69, 166, 332, 349, 410, 442, 462, 504|0, 69, 79, 111, 165, 489, 548, 574, 584, 600|61, 98, 254, 362, 442, 519, 544, 573, 585, 599|]
jobshop_orb07-dl-13	629	180000	false	--	[|0, 32, 46, 61, 98, 116, 159, 178, 205, 233|32, 40, 116, 165, 264, 316, 335, 358, 377, 394|40, 65, 98, 125, 178, 199, 214, 227, 243, 316|65, 89, 125, 286, 315, 329, 346, 369, 384, 402|89, 116, 145, 184, 205, 220, 335, 384, 410, 454|0, 116, 199, 315, 394, 440, 456, 489, 514, 544|17, 205, 236, 360, 440, 453, 504, 523, 544, 556|32, 40, 69, 166, 332, 349, 410, 442, 462, 504|0, 69, 79, 111, 165, 489, 548, 574, 584, 600|82, 207, 251, 367, 409, 482, 544, 573, 585, 599|]
jobshop_orb07-dl-13	629	180000	false	--	[|0, 32, 46, 61, 98, 116, 159, 178, 205, 233|32, 40, 116, 165, 264, 316, 335, 358, 377, 394|40, 65, 98, 125, 178, 199, 214, 227, 243, 316|65, 89, 125, 286, 315, 329, 346, 369, 384, 402|89, 116, 145, 184, 205, 220, 335, 384, 410, 454|0, 116, 199, 315, 394, 440, 456, 489, 514, 544|17, 205, 236, 360, 440, 453, 504, 523, 544, 556|32, 40, 69, 310, 332, 349, 410, 442, 469, 504|0, 69, 79, 162, 222, 489, 548, 574, 584, 600|68, 108, 250, 349, 407, 507, 544, 573, 585, 599|]
jobshop_orb07-dl-16	629	180000	false	--	[|0, 32, 46, 61, 98, 116, 159, 178, 205, 233|32, 40, 116, 165, 264, 316, 335, 358, 377, 394|40, 65, 98, 125, 178, 199, 214, 227, 243, 316|65, 89, 125, 286, 315, 329, 346, 369, 384, 402|89, 116, 145, 184, 205, 220, 335, 384, 410, 454|8, 116, 199, 315, 394, 440, 456, 489, 514, 544|25, 205, 236, 360, 440, 453, 504, 523, 544, 556|0, 8, 37, 166, 332, 349, 410, 442, 462, 504|0, 52, 62, 94, 165, 489, 548, 574, 584, 600|182, 207, 243, 372, 475, 513, 544, 573, 585, 610|]
jobshop_orb07-dl-16	629	180000	false	--	[|0, 32, 46, 61, 98, 116, 159, 178, 205, 233|32, 40, 116, 165, 264, 316, 335, 358, 377, 394|40, 65, 98, 125, 178, 199, 214, 227, 243, 316|65, 89, 125, 286, 315, 329, 346, 369, 384, 402|89, 116, 145, 184, 205, 220, 335, 384, 410, 454|0, 116, 258, 315, 394, 440, 456, 489, 514, 544|17, 205, 236, 360, 440, 453, 504, 523, 544, 556|32, 40, 69, 166, 332, 349, 410, 442, 474, 515|0, 69, 79, 111, 243, 489, 548, 574, 584, 600|61, 192, 243, 349, 416, 456, 544, 573, 585, 599|]
jobshop_orb08-dl-10	1203	180000	false	--	[|0, 55, 129, 174, 197, 273, 292, 310, 371, 415|55, 129, 174, 225, 273, 371, 382, 411, 463, 492|0, 172, 203, 315, 325, 463, 523, 581, 610, 662|88, 203, 274, 329, 387, 396, 581, 664, 754, 761|0, 118, 384, 476, 570, 664, 743, 777, 818, 826|7, 159, 476, 570, 664, 743, 837, 857, 880, 1104|274, 298, 565, 612, 664, 837, 908, 997, 1072, 1169|32, 104, 111, 329, 396, 523, 610, 662, 815, 908|164, 225, 277, 612, 674, 1013, 1048, 1104, 1169, 1184|357, 483, 758, 840, 850, 892, 997, 1048, 1145, 1182|]
jobshop_orb08-dl-10	1258	180000	false	--	[|0, 55, 129, 174, 197, 273, 292, 310, 371, 415|55, 129, 174, 225, 273, 371, 382, 411, 463, 492|0, 172, 203, 315, 325, 463, 523, 581, 610, 662|88, 203, 274, 329, 387, 396, 581, 664, 754, 761|0, 118, 384, 476, 570, 664, 743, 777, 818, 826|7, 159, 476, 570, 664, 743, 837, 857, 880, 924|274, 298, 565, 614, 664, 837, 963, 1052, 1127, 1224|32, 104, 111, 329, 399, 523, 610, 694, 819, 908|164, 225, 278, 612, 752, 1019, 1103, 1159, 1224, 1239|357, 457, 758, 840, 850, 879, 1052, 1113, 1200, 1237|]
jobshop_orb08-dl-13	1282	180000	false	--	[|0, 55, 129, 174, 197, 273, 292, 310, 371, 415|55, 129, 174, 225, 273, 371, 382, 411, 463, 492|0, 172, 203, 315, 325, 463, 523, 581, 610, 662|88, 203, 274, 329, 387, 396, 581, 664, 754, 761|0, 118, 384, 476, 570, 664, 743, 777, 818, 826|7, 159, 476, 570, 664, 743, 837, 857, 880, 924|274, 298, 565, 612, 664, 837, 963, 1052, 1127, 1224|32, 104, 111, 329, 396, 523, 610, 662, 815, 908|164, 225, 277, 612, 618, 1005, 1052, 1127, 1224, 1239|357, 434, 763, 849, 884, 970, 1108, 1159, 1224, 1261|]
jobshop_orb08-dl-13	1258	180000	false	--	[|0, 55, 129, 174, 197, 273, 292, 310, 371, 415|55, 129, 174, 225, 273, 371, 382, 411, 463, 492|0, 172, 203, 315, 325, 463, 523, 581, 610, 662|88, 203, 274, 329, 387, 396, 581, 664, 754, 761|0, 118, 384, 476, 570, 664, 743, 777, 818, 826|7, 159, 476, 570, 664, 743, 837, 857, 880, 924|274, 298, 565, 612, 664, 837, 963, 1052, 1127, 1224|32, 104, 111, 329, 396, 523, 610, 662, 815, 908|164, 225, 277, 612, 618, 1005, 1103, 1159, 1224, 1239|395, 472, 758, 840, 889, 1011, 1052, 1130, 1200, 1237|]
jobshop_orb08-dl-16	1239	180000	false	--	[|0, 55, 129, 174, 197, 273, 292, 310, 371, 415|55, 129, 174, 225, 273, 371, 382, 411, 463, 492|0, 172, 203, 315, 325, 463, 523, 581, 610, 662|88, 203, 274, 329, 387, 396, 581, 664, 754, 761|0, 118, 384, 476, 570, 664, 743, 777, 818, 826|7, 159, 476, 570, 664, 743, 837, 857, 880, 924|274, 298, 565, 612, 664, 843, 963, 1052, 1127, 1224|32, 104, 111, 329, 396, 523, 626, 662, 815, 915|166, 225, 280, 612, 621, 837, 844, 900, 941, 946|359, 444, 764, 860, 926, 1001, 1052, 1107, 1177, 1217|]
jobshop_orb08-dl-16	1282	180000	false	--	[|0, 55, 129, 174, 197, 273, 292, 310, 371, 415|55, 129, 174, 225, 273, 371, 382, 411, 463, 492|0, 172, 203, 315, 325, 463, 523, 581, 610, 662|88, 203, 274, 329, 387, 396, 581, 664, 754, 761|0, 118, 384, 476, 570, 664, 743, 777, 818, 826|7, 159, 476, 570, 664, 743, 837, 857, 880, 924|274, 298, 565, 612, 664, 837, 963, 1052, 1127, 1224|32, 104, 111, 329, 396, 523, 610, 662, 815, 908|164, 225, 277, 612, 699, 1005, 1052, 1127, 1224, 1239|357, 454, 762, 852, 862, 891, 1108, 1159, 1224, 1261|]
jobshop_orb09-dl-10	1373	180000	false	--	[|0, 36, 132, 218, 225, 245, 254, 293, 372, 454|36, 52, 147, 254, 317, 404, 478, 540, 589, 681|52, 117, 188, 225, 292, 404, 452, 501, 567, 572|117, 197, 245, 251, 317, 415, 589, 682, 712, 746|167, 415, 712, 767, 845, 913, 994, 1084, 1159, 1225|132, 174, 266, 271, 452, 462, 492, 682, 732, 752|271, 309, 492, 752, 829, 861, 994, 1031, 1084, 1127|309, 328, 339, 428, 501, 573, 580, 732, 763, 845|328, 469, 540, 913, 1000, 1084, 1173, 1247, 1276, 1350|414, 462, 567, 767, 883, 979, 1077, 1149, 1265, 1359|]
jobshop_orb09-dl-10	1338	180000	false	--	[|0, 36, 132, 218, 225, 245, 254, 293, 372, 454|36, 52, 147, 254, 317, 404, 478, 540, 589, 681|52, 117, 188, 225, 292, 404, 452, 501, 567, 572|117, 197, 245, 251, 317, 415, 589, 723, 753, 787|167, 415, 668, 723, 801, 869, 950, 1040, 1115, 1181|132, 174, 266, 271, 452, 462, 492, 682, 758, 778|271, 309, 492, 681, 758, 870, 959, 996, 1049, 1092|309, 328, 340, 428, 501, 573, 589, 732, 822, 1111|328, 483, 540, 869, 956, 1049, 1138, 1212, 1241, 1315|411, 462, 572, 790, 840, 905, 1018, 1084, 1227, 1324|]
jobshop_orb09-dl-13	1373	180000	false	--	[|0, 36, 132, 218, 225, 245, 254, 293, 372, 454|36, 52, 147, 254, 317, 404, 478, 540, 589, 681|52, 117, 188, 225, 292, 404, 452, 501, 567, 572|117, 197, 245, 251, 317, 415, 589, 682, 712, 746|167, 415, 712, 767, 845, 913, 994, 1084, 1159, 1225|132, 174, 266, 271, 452, 462, 492, 682, 732, 752|271, 309, 492, 752, 829, 861, 994, 1031, 1084, 1127|309, 328, 339, 428, 501, 573, 616, 732, 763, 845|374, 469, 540, 916, 1014, 1084, 1173, 1247, 1276, 1350|330, 462, 567, 773, 925, 990, 1124, 1184, 1265, 1354|]
jobshop_orb09-dl-13	1373	180000	false	--	[|0, 36, 132, 218, 225, 245, 254, 293, 372, 454|36, 52, 147, 254, 317, 404, 478, 540, 589, 681|52, 117, 188, 225, 292, 404, 452, 501, 567, 572|117, 197, 245, 251, 317, 415, 589, 682, 712, 746|167, 415, 712, 767, 845, 913, 994, 1084, 1159, 1225|132, 174, 266, 271, 452, 462, 492, 682, 732, 752|271, 309, 492, 752, 829, 861, 994, 1031, 1084, 1127|309, 328, 339, 428, 501, 573, 580, 732, 763, 845|328, 469, 540, 913, 1000, 1084, 1173, 1247, 1276, 1350|411, 462, 567, 767, 866, 972, 1067, 1139, 1265, 1354|]
jobshop_orb09-dl-16	1373	180000	false	--	[|0, 36, 132, 218, 225, 245, 254, 293, 372, 454|36, 52, 147, 254, 317, 404, 478, 540, 589, 681|52, 117, 188, 225, 292, 404, 452, 501, 567, 572|117, 197, 245, 251, 317, 415, 589, 682, 712, 746|167, 415, 712, 767, 845, 913, 994, 1084, 1159, 1225|132, 174, 266, 271, 452, 462, 492, 682, 732, 752|271, 314, 492, 752, 829, 861, 994, 1031, 1084, 1127|309, 328, 339, 428, 501, 573, 671, 732, 763, 845|380, 469, 540, 913, 1000, 1084, 1173, 1247, 1276, 1350|336, 462, 567, 767, 838, 998, 1076, 1189, 1265, 1354|]
jobshop_orb09-dl-16	1373	180000	false	--	[|0, 36, 132, 218, 225, 245, 254, 293, 372, 454|36, 52, 147, 254, 317, 404, 478, 540, 589, 681|52, 117, 188, 225, 292, 404, 452, 501, 567, 572|117, 197, 245, 251, 317, 415, 589, 682, 712, 746|167, 415, 712, 767, 845, 913, 994, 1084, 1159, 1225|132, 177, 266, 271, 452, 462, 492, 682, 732, 752|271, 309, 492, 752, 829, 861, 994, 1031, 1084, 1127|309, 328, 339, 428, 501, 573, 580, 732, 763, 857|328, 469, 863, 913, 1000, 1084, 1173, 1247, 1276, 1350|411, 496, 567, 767, 839, 934, 1058, 1134, 1265, 1354|]
jobshop_orb10-dl-10	1333	180000	false	--	[|0, 66, 79, 172, 263, 277, 347, 446, 499, 585|0, 66, 172, 263, 347, 409, 473, 499, 511, 601|165, 177, 328, 494, 586, 653, 681, 747, 830, 868|0, 77, 150, 232, 307, 473, 492, 510, 599, 607|234, 268, 392, 440, 653, 745, 785, 845, 907, 929|177, 203, 288, 599, 696, 788, 877, 952, 1029, 1124|79, 185, 228, 696, 788, 845, 907, 1029, 1124, 1184|228, 309, 440, 586, 928, 1006, 1062, 1113, 1184, 1237|309, 388, 511, 745, 800, 907, 1000, 1047, 1057, 1237|317, 396, 599, 747, 1006, 1062, 1160, 1219, 1262, 1296|]
jobshop_orb10-dl-10	1333	180000	false	--	[|0, 66, 79, 172, 263, 277, 347, 446, 499, 585|0, 66, 172, 263, 347, 409, 473, 499, 511, 601|165, 177, 328, 494, 586, 653, 681, 747, 830, 868|0, 77, 150, 232, 307, 473, 492, 510, 599, 607|234, 268, 392, 440, 653, 745, 785, 845, 907, 929|177, 203, 288, 599, 696, 788, 877, 952, 1029, 1124|79, 185, 228, 696, 788, 845, 907, 1029, 1124, 1184|228, 309, 440, 586, 928, 1006, 1062, 1113, 1184, 1237|309, 388, 511, 746, 800, 907, 1000, 1047, 1057, 1237|299, 419, 612, 747, 1006, 1062, 1160, 1214, 1263, 1297|]
jobshop_orb10-dl-13	1333	180000	false	--	[|0, 66, 79, 172, 263, 277, 347, 446, 499, 585|0, 66, 172, 263, 347, 409, 473, 499, 511, 601|165, 177, 328, 494, 586, 653, 681, 747, 830, 868|0, 77, 150, 232, 307, 473, 492, 510, 599, 607|234, 268, 392, 440, 653, 745, 785, 845, 907, 929|177, 203, 288, 599, 696, 788, 877, 952, 1029, 1124|79, 185, 228, 696, 788, 845, 907, 1029, 1124, 1184|228, 311, 440, 586, 928, 1006, 1062, 1113, 1184, 1237|309, 391, 531, 754, 800, 907, 1000, 1047, 1057, 1259|309, 421, 652, 755, 1006, 1062, 1160, 1214, 1253, 1294|]
jobshop_orb10-dl-13	1333	180000	false	--	[|0, 66, 79, 172, 263, 277, 347, 446, 499, 585|0, 66, 172, 263, 347, 409, 473, 499, 511, 601|165, 177, 328, 494, 586, 653, 681, 747, 830, 868|0, 77, 150, 232, 307, 473, 492, 510, 599, 607|234, 268, 392, 440, 653, 745, 785, 845, 907, 929|177, 203, 288, 599, 696, 788, 877, 952, 1029, 1124|79, 185, 228, 696, 788, 845, 907, 1029, 1124, 1184|228, 309, 440, 586, 928, 1006, 1062, 1113, 1184, 1237|309, 388, 511, 745, 800, 907, 1000, 1047, 1057, 1237|322, 393, 652, 747, 1006, 1062, 1160, 1214, 1253, 1303|]
jobshop_orb10-dl-16	1333	180000	false	--	[|0, 66, 79, 172, 263, 277, 347, 446, 499, 585|0, 66, 172, 263, 347, 409, 473, 499, 511, 601|165, 177, 328, 494, 586, 653, 681, 747, 830, 868|0, 77, 150, 232, 307, 473, 492, 510, 599, 607|234, 268, 392, 440, 653, 745, 785, 845, 907, 929|177, 203, 288, 599, 696, 788, 877, 952, 1029, 1124|79, 185, 228, 696, 788, 845, 907, 1029, 1124, 1184|228, 309, 440, 586, 928, 1006, 1062, 1113, 1184, 1237|309, 388, 511, 745, 800, 907, 1000, 1047, 1057, 1237|321, 450, 599, 753, 1006, 1062, 1161, 1217, 1262, 1301|]
jobshop_orb10-dl-16	1333	180000	false	--	[|0, 66, 79, 172, 263, 277, 347, 446, 499, 585|0, 66, 172, 263, 347, 409, 473, 499, 511, 601|165, 177, 328, 494, 586, 653, 681, 747, 830, 868|0, 77, 150, 232, 307, 473, 492, 510, 599, 607|234, 268, 392, 440, 653, 745, 785, 845, 907, 929|177, 203, 288, 599, 696, 788, 877, 952, 1029, 1124|79, 185, 228, 696, 788, 845, 907, 1029, 1124, 1184|228, 309, 440, 586, 928, 1006, 1062, 1113, 1184, 1237|309, 388, 511, 745, 800, 907, 1000, 1047, 1057, 1237|325, 397, 638, 747, 1006, 1062, 1160, 1214, 1253, 1294|]
jobshop_swv01-dl-10	1899	180000	false	--	[|0, 19, 46, 85, 98, 123, 160, 200, 254, 328|46, 123, 153, 154, 158, 328, 399, 401, 485, 516|0, 158, 238, 324, 379, 433, 516, 588, 674, 733|115, 238, 253, 324, 341, 371, 415, 588, 733, 808|154, 253, 433, 507, 546, 876, 976, 1019, 1036, 1043|85, 153, 202, 340, 395, 485, 558, 619, 671, 753|0, 279, 404, 447, 644, 683, 753, 771, 976, 1055|227, 297, 341, 527, 589, 785, 810, 829, 1055, 1096|19, 414, 507, 565, 683, 810, 818, 828, 845, 1096|35, 87, 148, 297, 379, 506, 546, 619, 1161, 1257|447, 653, 713, 777, 789, 828, 845, 909, 1257, 1278|218, 713, 784, 807, 882, 960, 1120, 1278, 1338, 1361|0, 43, 135, 546, 692, 799, 830, 1302, 1391, 1471|615, 807, 891, 915, 962, 1124, 1209, 1270, 1361, 1391|509, 697, 891, 962, 986, 1043, 1155, 1243, 1518, 1606|784, 859, 954, 1022, 1055, 1253, 1344, 1482, 1606, 1655|1029, 1133, 1158, 1168, 1189, 1389, 1395, 1454, 1647, 1722|382, 859, 1120, 1214, 1308, 1411, 1505, 1512, 1655, 1705|5, 1214, 1312, 1332, 1364, 1538, 1626, 1738, 1792, 1845|918, 1019, 1100, 1317, 1350, 1379, 1432, 1515, 1717, 1845|]
jobshop_swv01-dl-10	1899	180000	false	--	[|0, 19, 46, 85, 98, 123, 160, 200, 254, 328|46, 123, 153, 154, 158, 328, 399, 401, 485, 516|0, 158, 238, 324, 379, 433, 516, 588, 674, 733|115, 238, 253, 324, 341, 371, 415, 588, 733, 808|154, 253, 433, 507, 546, 876, 976, 1019, 1036, 1043|85, 153, 202, 340, 395, 485, 558, 619, 671, 753|0, 279, 404, 447, 644, 683, 753, 771, 976, 1055|227, 297, 341, 527, 589, 785, 810, 829, 1055, 1096|19, 414, 507, 565, 683, 810, 818, 828, 845, 1096|35, 87, 148, 297, 379, 506, 546, 619, 1161, 1257|447, 653, 713, 777, 789, 828, 845, 909, 1257, 1278|218, 713, 784, 807, 882, 960, 1120, 1278, 1338, 1361|0, 43, 135, 546, 692, 799, 830, 1302, 1391, 1471|615, 807, 891, 915, 962, 1124, 1209, 1270, 1361, 1391|509, 697, 891, 962, 986, 1043, 1155, 1243, 1518, 1606|784, 859, 954, 1022, 1055, 1209, 1343, 1482, 1606, 1655|1029, 1133, 1158, 1168, 1189, 1389, 1395, 1454, 1647, 1722|382, 859, 1120, 1214, 1308, 1411, 1505, 1512, 1655, 1705|5, 1214, 1308, 1321, 1351, 1538, 1626, 1722, 1792, 1845|918, 1043, 1078, 1291, 1321, 1345, 1432, 1512, 1705, 1854|]
jobshop_swv01-dl-13	1899	180000	false	--	[|0, 19, 46, 85, 98, 123, 160, 200, 254, 328|46, 123, 153, 154, 158, 328, 399, 401, 485, 516|0, 158, 238, 324, 379, 433, 516, 588, 674, 733|115, 238, 253, 324, 341, 371, 415, 588, 733, 808|154, 253, 433, 507, 546, 876, 976, 1019, 1036, 1043|85, 153, 202, 340, 395, 485, 558, 619, 671, 753|0, 279, 404, 447, 644, 683, 753, 771, 976, 1055|227, 297, 341, 527, 589, 785, 810, 829, 1055, 1096|19, 414, 507, 565, 683, 810, 818, 828, 845, 1096|35, 87, 148, 297, 379, 506, 546, 619, 1161, 1257|447, 653, 713, 777, 789, 828, 845, 909, 1257, 1278|218, 713, 784, 807, 882, 960, 1120, 1278, 1338, 1361|0, 43, 135, 546, 692, 799, 830, 1302, 1391, 1471|615, 807, 891, 915, 962, 1124, 1209, 1270, 1361, 1391|509, 697, 891, 962, 986, 1043, 1155, 1243, 1518, 1606|784, 859, 954, 1022, 1055, 1209, 1343, 1482, 1606, 1655|1029, 1133, 1158, 1168, 1189, 1389, 1395, 1454, 1647, 1722|382, 859, 1120, 1214, 1308, 1411, 1505, 1512, 1655, 1705|5, 1214, 1308, 1321, 1501, 1538, 1626, 1722, 1792, 1845|917, 1020, 1135, 1291, 1321, 1345, 1432, 1512, 1711, 1845|]
jobshop_swv01-dl-13	1899	180000	false	--	[|0, 19, 46, 85, 98, 123, 160, 200, 254, 328|46, 123, 153, 154, 158, 328, 399, 401, 485, 516|0, 158, 238, 324, 379, 433, 516, 588, 674, 733|115, 238, 253, 324, 341, 371, 415, 588, 733, 808|154, 253, 433, 507, 546, 876, 976, 1019, 1036, 1043|85, 153, 202, 340, 395, 485, 558, 619, 671, 753|0, 279, 404, 447, 644, 683, 753, 771, 976, 1055|227, 297, 341, 527, 589, 785, 810, 829, 1055, 1096|19, 414, 507, 565, 683, 810, 818, 828, 845, 1096|35, 87, 148, 297, 379, 506, 546, 619, 1161, 1257|447, 653, 713, 777, 789, 828, 845, 909, 1257, 1278|218, 713, 784, 807, 882, 960, 1120, 1278, 1338, 1361|0, 43, 135, 546, 692, 799, 830, 1302, 1391, 1471|615, 807, 891, 915, 962, 1124, 1209, 1270, 1361, 1391|509, 697, 891, 962, 986, 1043, 1155, 1243, 1518, 1606|784, 859, 954, 1022, 1055, 1209, 1343, 1482, 1606, 1655|1029, 1133, 1158, 1168, 1189, 1389, 1395, 1454, 1647, 1722|421, 859, 1120, 1214, 1308, 1411, 1505, 1512, 1655, 1705|5, 1214, 1308, 1321, 1351, 1538, 1626, 1722, 1792, 1845|932, 990, 1158, 1291, 1321, 1345, 1432, 1512, 1730, 1850|]
jobshop_swv01-dl-16	1899	180000	false	--	[|0, 19, 46, 85, 98, 123, 160, 200, 254, 328|46, 123, 153, 154, 158, 328, 399, 401, 485, 516|0, 158, 238, 324, 379, 433, 516, 588, 674, 733|115, 238, 253, 324, 341, 371, 415, 588, 733, 808|154, 253, 433, 507, 546, 876, 976, 1019, 1036, 1043|85, 153, 202, 340, 395, 485, 558, 619, 671, 753|0, 279, 404, 447, 644, 683, 753, 771, 976, 1055|227, 297, 341, 527, 589, 785, 810, 829, 1055, 1096|19, 414, 507, 565, 683, 810, 818, 828, 845, 1096|35, 87, 148, 297, 379, 506, 546, 619, 1161, 1257|447, 653, 713, 777, 789, 828, 845, 909, 1257, 1278|218, 713, 784, 807, 882, 960, 1120, 1278, 1338, 1361|0, 43, 135, 546, 692, 799, 830, 1302, 1391, 1471|615, 807, 891, 915, 962, 1124, 1209, 1270, 1361, 1391|509, 697, 891, 962, 986, 1043, 1155, 1243, 1518, 1606|784, 859, 954, 1022, 1055, 1209, 1343, 1482, 1606, 1655|1029, 1133, 1158, 1168, 1194, 1389, 1395, 1454, 1647, 1722|382, 859, 1120, 1214, 1308, 1411, 1505, 1512, 1655, 1705|222, 1220, 1308, 1321, 1351, 1538, 1699, 1722, 1792, 1845|5, 534, 618, 754, 780, 812, 1192, 1512, 1727, 1871|]
jobshop_swv01-dl-16	1899	180000	false	--	[|0, 19, 46, 85, 98, 123, 160, 200, 254, 328|46, 123, 153, 154, 158, 328, 399, 401, 485, 516|0, 158, 238, 324, 379, 433, 516, 588, 674, 733|115, 238, 253, 324, 341, 371, 415, 588, 733, 808|154, 253, 433, 507, 546, 876, 976, 1019, 1036, 1043|85, 153, 202, 340, 395, 485, 558, 619, 671, 753|0, 279, 404, 447, 644, 683, 753, 771, 976, 1055|227, 297, 341, 527, 589, 785, 810, 829, 1055, 1096|19, 414, 507, 565, 683, 810, 818, 828, 845, 1096|35, 87, 148, 297, 379, 506, 546, 619, 1161, 1257|447, 653, 713, 777, 789, 828, 845, 909, 1257, 1278|218, 713, 784, 807, 882, 960, 1120, 1278, 1338, 1361|0, 43, 135, 546, 692, 799, 830, 1302, 1391, 1471|615, 807, 891, 915, 962, 1124, 1209, 1270, 1361, 1391|509, 697, 891, 962, 986, 1043, 1155, 1243, 1518, 1606|784, 859, 954, 1022, 1055, 1209, 1343, 1482, 1606, 1655|1029, 1133, 1158, 1168, 1205, 1389, 1395, 1454, 1647, 1722|382, 859, 1120, 1214, 1308, 1411, 1505, 1512, 1655, 1705|5, 1214, 1308, 1321, 1351, 1538, 1626, 1722, 1792, 1845|932, 1082, 1152, 1291, 1325, 1349, 1432, 1512, 1707, 1868|]
jobshop_swv02-dl-10	2142	180000	false	--	[|0, 16, 74, 96, 120, 173, 182, 239, 302, 394|0, 74, 122, 136, 202, 226, 239, 437, 510, 529|136, 236, 326, 389, 403, 434, 461, 476, 510, 561|16, 173, 257, 309, 403, 499, 561, 635, 728, 773|0, 202, 326, 354, 499, 529, 635, 710, 719, 760|6, 100, 354, 529, 542, 586, 710, 779, 803, 874|257, 443, 542, 579, 594, 659, 773, 829, 920, 1003|434, 567, 666, 707, 775, 822, 920, 975, 1023, 1089|39, 114, 131, 256, 493, 728, 874, 971, 1069, 1137|182, 272, 309, 512, 605, 829, 975, 1069, 1088, 1112|364, 420, 656, 715, 753, 1137, 1236, 1265, 1318, 1325|715, 783, 833, 921, 1009, 1167, 1265, 1317, 1343, 1417|131, 547, 659, 921, 978, 1214, 1317, 1417, 1448, 1492|783, 872, 945, 978, 1009, 1228, 1339, 1530, 1571, 1608|872, 1058, 1155, 1255, 1347, 1372, 1448, 1571, 1622, 1680|420, 493, 948, 1033, 1155, 1343, 1608, 1647, 1745, 1832|0, 134, 362, 666, 751, 776, 1088, 1219, 1239, 1325|257, 1033, 1078, 1138, 1204, 1214, 1492, 1647, 1729, 1832|470, 775, 872, 987, 1546, 1707, 1888, 1981, 2081, 2091|100, 833, 1209, 1243, 1347, 1412, 1507, 1651, 1754, 1827|]
jobshop_swv02-dl-10	2142	180000	false	--	[|0, 16, 74, 96, 120, 173, 182, 239, 302, 394|0, 74, 122, 136, 202, 226, 239, 437, 510, 529|136, 236, 326, 389, 403, 434, 461, 476, 510, 561|16, 173, 257, 309, 403, 499, 561, 635, 728, 773|0, 202, 326, 354, 499, 529, 635, 710, 719, 760|6, 100, 354, 529, 542, 586, 710, 779, 803, 874|257, 443, 542, 579, 594, 659, 773, 829, 920, 1003|434, 567, 666, 707, 775, 822, 920, 975, 1023, 1089|39, 114, 131, 256, 493, 728, 874, 971, 1069, 1137|182, 272, 309, 512, 605, 829, 975, 1069, 1088, 1112|364, 420, 656, 715, 753, 1137, 1236, 1265, 1318, 1325|715, 783, 833, 921, 1009, 1167, 1265, 1317, 1343, 1417|131, 547, 659, 921, 978, 1214, 1317, 1417, 1448, 1492|783, 872, 945, 978, 1009, 1228, 1339, 1530, 1571, 1608|872, 1058, 1155, 1255, 1347, 1372, 1448, 1571, 1622, 1680|420, 493, 948, 1033, 1155, 1343, 1608, 1647, 1745, 1832|0, 134, 362, 666, 751, 776, 1088, 1219, 1239, 1325|257, 1033, 1078, 1138, 1204, 1209, 1492, 1647, 1707, 1832|470, 775, 872, 987, 1078, 1707, 1888, 1981, 2081, 2091|100, 833, 1209, 1243, 1347, 1410, 1528, 1636, 1768, 1882|]
jobshop_swv02-dl-13	2142	180000	false	--	[|0, 16, 74, 96, 120, 173, 182, 239, 302, 394|0, 74, 122, 136, 202, 226, 239, 437, 510, 529|136, 236, 326, 389, 403, 434, 461, 476, 510, 561|16, 173, 257, 309, 403, 499, 561, 635, 728, 773|0, 202, 326, 354, 499, 529, 635, 710, 719, 760|6, 100, 354, 529, 542, 586, 710, 779, 803, 874|257, 443, 542, 579, 594, 659, 773, 829, 920, 1003|434, 567, 666, 707, 775, 822, 920, 975, 1023, 1089|39, 114, 131, 256, 493, 728, 874, 971, 1069, 1137|182, 272, 309, 512, 605, 829, 975, 1069, 1088, 1112|364, 420, 656, 715, 753, 1137, 1236, 1265, 1318, 1325|715, 783, 833, 921, 1009, 1167, 1265, 1317, 1343, 1417|131, 547, 659, 921, 978, 1214, 1317, 1417, 1448, 1492|783, 872, 945, 978, 1009, 1228, 1339, 1530, 1571, 1608|872, 1058, 1155, 1255, 1347, 1372, 1448, 1571, 1622, 1680|420, 493, 948, 1033, 1155, 1343, 1608, 1647, 1745, 1832|0, 134, 362, 666, 751, 776, 1088, 1219, 1239, 1325|257, 1033, 1078, 1138, 1204, 1209, 1492, 1647, 1707, 1832|470, 775, 872, 987, 1078, 1707, 1888, 1981, 2081, 2091|100, 840, 1209, 1279, 1349, 1414, 1486, 1718, 1774, 1828|]
jobshop_swv02-dl-13	2000	180000	false	--	[|0, 16, 74, 96, 120, 173, 182, 239, 302, 394|0, 74, 122, 136, 202, 226, 239, 437, 510, 529|136, 236, 326, 389, 403, 434, 461, 476, 510, 561|16, 173, 257, 309, 403, 499, 561, 635, 728, 773|0, 202, 326, 354, 499, 529, 635, 710, 719, 760|6, 100, 354, 529, 542, 586, 710, 779, 803, 874|257, 443, 542, 579, 594, 659, 773, 829, 920, 1003|434, 567, 666, 707, 775, 822, 920, 975, 1023, 1089|39, 114, 131, 256, 493, 728, 874, 971, 1069, 1137|182, 272, 309, 512, 605, 829, 975, 1069, 1088, 1112|364, 420, 656, 715, 753, 1137, 1236, 1265, 1318, 1325|715, 783, 833, 921, 1009, 1167, 1265, 1317, 1343, 1417|131, 547, 659, 921, 978, 1214, 1317, 1417, 1448, 1492|783, 872, 945, 978, 1009, 1228, 1339, 1530, 1571, 1608|872, 1058, 1155, 1255, 1347, 1372, 1448, 1571, 1622, 1680|420, 493, 948, 1033, 1155, 1343, 1608, 1647, 1745, 1832|0, 134, 362, 666, 751, 776, 1088, 1219, 1239, 1325|257, 1033, 1078, 1138, 1204, 1209, 1492, 1694, 1754, 1832|470, 775, 872, 987, 1078, 1647, 1694, 1787, 1887, 1897|105, 858, 1209, 1243, 1347, 1410, 1507, 1622, 1798, 1914|]
jobshop_swv02-dl-16	2073	180000	false	--	[|0, 16, 74, 96, 120, 173, 182, 239, 302, 394|0, 74, 122, 136, 202, 226, 239, 437, 510, 529|136, 236, 326, 389, 403, 434, 461, 476, 510, 561|16, 173, 257, 309, 403, 499, 561, 635, 728, 773|0, 202, 326, 354, 499, 529, 635, 710, 719, 760|6, 100, 354, 529, 542, 586, 710, 779, 803, 874|257, 443, 542, 579, 594, 659, 773, 829, 920, 1003|434, 567, 666, 707, 775, 822, 920, 975, 1023, 1089|39, 114, 131, 256, 493, 728, 874, 971, 1069, 1137|182, 272, 309, 512, 605, 829, 975, 1069, 1088, 1112|364, 420, 656, 715, 753, 1137, 1236, 1265, 1318, 1325|715, 783, 833, 921, 1009, 1167, 1265, 1317, 1343, 1417|131, 547, 659, 921, 978, 1214, 1317, 1417, 1448, 1492|783, 872, 945, 978, 1009, 1228, 1339, 1530, 1571, 1608|872, 1058, 1155, 1255, 1347, 1372, 1448, 1571, 1622, 1680|420, 493, 948, 1033, 1155, 1343, 1608, 1647, 1745, 1832|1, 134, 362, 666, 751, 776, 1088, 1219, 1239, 1325|257, 1033, 1078, 1138, 1204, 1209, 1525, 1694, 1754, 1832|470, 775, 872, 1009, 1078, 1647, 1694, 1911, 2011, 2022|102, 851, 1209, 1285, 1352, 1439, 1513, 1622, 1775, 1825|]
jobshop_swv02-dl-16	1973	180000	false	--	[|0, 16, 74, 96, 120, 173, 182, 239, 302, 394|0, 74, 122, 136, 202, 226, 239, 437, 510, 529|136, 236, 326, 389, 403, 434, 461, 476, 510, 561|16, 173, 257, 309, 403, 499, 561, 635, 728, 773|0, 202, 326, 354, 499, 529, 635, 710, 719, 760|6, 100, 354, 529, 542, 586, 710, 779, 803, 874|257, 443, 542, 579, 594, 659, 773, 829, 920, 1003|434, 567, 666, 707, 775, 822, 920, 975, 1023, 1089|39, 114, 131, 256, 493, 728, 874, 971, 1069, 1137|182, 272, 309, 512, 605, 829, 975, 1069, 1088, 1112|364, 420, 656, 715, 753, 1137, 1236, 1265, 1318, 1325|715, 783, 833, 921, 1009, 1167, 1265, 1317, 1343, 1417|131, 547, 659, 921, 978, 1214, 1317, 1417, 1448, 1492|783, 872, 945, 978, 1009, 1228, 1339, 1530, 1571, 1608|872, 1058, 1155, 1255, 1347, 1372, 1448, 1571, 1622, 1680|420, 499, 948, 1033, 1155, 1343, 1608, 1647, 1745, 1832|0, 134, 362, 666, 751, 776, 1088, 1219, 1239, 1325|257, 1033, 1078, 1138, 1204, 1209, 1492, 1694, 1754, 1832|470, 775, 872, 991, 1078, 1647, 1694, 1787, 1887, 1898|108, 833, 1209, 1243, 1347, 1404, 1490, 1622, 1814, 1887|]
jobshop_swv03-dl-10	2095	180000	false	--	[|0, 19, 49, 117, 172, 196, 230, 302, 334, 396|19, 117, 172, 237, 253, 396, 491, 514, 596, 648|82, 237, 254, 333, 382, 394, 491, 558, 648, 701|49, 101, 196, 254, 349, 368, 598, 698, 729, 754|0, 128, 349, 417, 511, 743, 829, 864, 893, 949|0, 368, 421, 425, 511, 698, 864, 931, 1017, 1097|417, 499, 600, 612, 672, 797, 931, 1097, 1178, 1230|1, 421, 499, 568, 612, 949, 1017, 1046, 1157, 1178|93, 594, 676, 707, 752, 893, 1211, 1299, 1329, 1413|172, 186, 658, 753, 787, 800, 829, 936, 1012, 1230|562, 628, 707, 773, 819, 873, 981, 1290, 1296, 1358|628, 819, 871, 908, 982, 1074, 1117, 1213, 1302, 1375|871, 982, 1050, 1055, 1104, 1316, 1413, 1420, 1464, 1494|186, 720, 944, 1104, 1179, 1296, 1494, 1566, 1632, 1698|0, 717, 773, 842, 1050, 1441, 1566, 1592, 1754, 1831|207, 253, 1032, 1179, 1254, 1330, 1516, 1637, 1728, 1741|102, 104, 473, 754, 908, 1323, 1388, 1698, 1766, 1831|1114, 1243, 1292, 1296, 1298, 1766, 1865, 1892, 1960, 2006|125, 787, 1292, 1392, 1458, 1523, 1632, 1865, 1959, 2006|226, 324, 832, 1101, 1177, 1348, 1773, 1832, 1910, 1943|]
jobshop_swv03-dl-10	2095	180000	false	--	[|0, 19, 49, 117, 172, 196, 230, 302, 334, 396|19, 117, 172, 237, 253, 396, 491, 514, 596, 648|82, 237, 254, 333, 382, 394, 491, 558, 648, 701|49, 101, 196, 254, 349, 368, 598, 698, 729, 754|0, 128, 349, 417, 511, 743, 829, 864, 893, 949|0, 368, 421, 425, 511, 698, 864, 931, 1017, 1097|417, 499, 600, 612, 672, 797, 931, 1097, 1178, 1230|1, 421, 499, 568, 612, 949, 1017, 1046, 1157, 1178|93, 594, 676, 707, 752, 893, 1211, 1299, 1329, 1413|172, 186, 658, 753, 787, 800, 829, 936, 1012, 1230|562, 628, 707, 773, 819, 873, 981, 1290, 1296, 1358|628, 819, 871, 908, 982, 1074, 1117, 1213, 1302, 1375|871, 982, 1050, 1055, 1104, 1316, 1413, 1420, 1464, 1494|186, 720, 944, 1104, 1179, 1296, 1494, 1566, 1632, 1698|0, 717, 773, 842, 1050, 1441, 1566, 1592, 1754, 1831|207, 253, 1032, 1179, 1254, 1329, 1501, 1637, 1728, 1741|102, 104, 473, 753, 908, 1323, 1388, 1698, 1766, 1831|1114, 1243, 1292, 1296, 1298, 1766, 1865, 1892, 1960, 2006|125, 787, 1292, 1392, 1458, 1523, 1632, 1865, 1959, 2006|226, 320, 832, 1103, 1187, 1339, 1391, 1900, 1908, 1929|]
jobshop_swv03-dl-13	2095	180000	false	--	[|0, 19, 49, 117, 172, 196, 230, 302, 334, 396|19, 117, 172, 237, 253, 396, 491, 514, 596, 648|82, 237, 254, 333, 382, 394, 491, 558, 648, 701|49, 101, 196, 254, 349, 368, 598, 698, 729, 754|0, 128, 349, 417, 511, 743, 829, 864, 893, 949|0, 368, 421, 425, 511, 698, 864, 931, 1017, 1097|417, 499, 600, 612, 672, 797, 931, 1097, 1178, 1230|1, 421, 499, 568, 612, 949, 1017, 1046, 1157, 1178|93, 594, 676, 707, 752, 893, 1211, 1299, 1329, 1413|172, 186, 658, 753, 787, 800, 829, 936, 1012, 1230|562, 628, 707, 773, 819, 873, 981, 1290, 1296, 1358|628, 819, 871, 908, 982, 1074, 1117, 1213, 1302, 1375|871, 982, 1050, 1055, 1104, 1316, 1413, 1420, 1464, 1494|186, 720, 944, 1104, 1179, 1296, 1494, 1566, 1632, 1698|0, 717, 773, 842, 1050, 1441, 1566, 1592, 1754, 1831|207, 253, 1032, 1179, 1254, 1329, 1501, 1637, 1728, 1741|102, 104, 473, 753, 908, 1323, 1388, 1698, 1766, 1831|1114, 1243, 1292, 1296, 1298, 1766, 1865, 1892, 1960, 2006|125, 787, 1292, 1392, 1458, 1523, 1632, 1865, 1959, 2006|226, 320, 999, 1101, 1184, 1339, 1396, 1646, 1657, 1929|]
jobshop_swv03-dl-13	2095	180000	false	--	[|0, 19, 49, 117, 172, 196, 230, 302, 334, 396|19, 117, 172, 237, 253, 396, 491, 514, 596, 648|82, 237, 254, 333, 382, 394, 491, 558, 648, 701|49, 101, 196, 254, 349, 368, 598, 698, 729, 754|0, 128, 349, 417, 511, 743, 829, 864, 893, 949|0, 368, 421, 425, 511, 698, 864, 931, 1017, 1097|417, 499, 600, 612, 672, 797, 931, 1097, 1178, 1230|1, 421, 499, 568, 612, 949, 1017, 1046, 1157, 1178|93, 594, 676, 707, 752, 893, 1211, 1299, 1329, 1413|172, 186, 658, 753, 787, 800, 829, 936, 1012, 1230|562, 628, 707, 773, 819, 873, 981, 1290, 1296, 1358|628, 819, 871, 908, 982, 1074, 1117, 1213, 1302, 1375|871, 982, 1050, 1055, 1104, 1316, 1413, 1420, 1464, 1494|186, 720, 944, 1104, 1179, 1296, 1494, 1566, 1632, 1698|0, 717, 773, 842, 1050, 1441, 1566, 1592, 1754, 1831|207, 253, 1032, 1179, 1254, 1329, 1501, 1637, 1728, 1741|102, 104, 473, 753, 908, 1323, 1388, 1698, 1766, 1831|1114, 1243, 1292, 1296, 1298, 1766, 1865, 1892, 1960, 2006|125, 787, 1292, 1392, 1458, 1523, 1632, 1865, 1959, 2006|226, 320, 832, 1101, 1177, 1339, 1395, 1454, 1470, 1523|]
jobshop_swv03-dl-16	2095	180000	false	--	[|0, 19, 49, 117, 172, 196, 230, 302, 334, 396|19, 117, 172, 237, 253, 396, 491, 514, 596, 648|82, 237, 254, 333, 382, 394, 491, 558, 648, 701|49, 101, 196, 254, 349, 368, 598, 698, 729, 754|0, 128, 349, 417, 511, 743, 829, 864, 893, 949|0, 368, 421, 425, 511, 698, 864, 931, 1017, 1097|417, 499, 600, 612, 672, 797, 931, 1097, 1178, 1230|1, 421, 499, 568, 612, 949, 1017, 1046, 1157, 1178|93, 594, 676, 707, 752, 893, 1211, 1299, 1329, 1413|172, 186, 658, 753, 787, 800, 829, 936, 1012, 1230|562, 628, 707, 773, 819, 873, 981, 1290, 1296, 1358|628, 819, 871, 908, 982, 1074, 1117, 1213, 1302, 1375|871, 982, 1050, 1055, 1104, 1316, 1413, 1420, 1464, 1494|186, 720, 944, 1104, 1179, 1296, 1494, 1566, 1632, 1698|0, 717, 773, 842, 1050, 1441, 1566, 1592, 1754, 1831|207, 253, 1032, 1179, 1254, 1329, 1501, 1637, 1728, 1741|102, 104, 473, 753, 908, 1323, 1388, 1698, 1766, 1831|1114, 1243, 1292, 1296, 1298, 1766, 1865, 1892, 1960, 2006|125, 787, 1292, 1392, 1458, 1523, 1632, 1865, 1959, 2006|226, 320, 832, 1101, 1177, 1339, 1395, 1454, 1498, 1521|]
jobshop_swv03-dl-16	2095	180000	false	--	[|0, 19, 49, 117, 172, 196, 230, 302, 334, 396|19, 117, 172, 237, 253, 396, 491, 514, 596, 648|82, 237, 254, 333, 382, 394, 491, 558, 648, 701|49, 101, 196, 254, 349, 368, 598, 698, 729, 754|0, 128, 349, 417, 511, 743, 829, 864, 893, 949|0, 368, 421, 425, 511, 698, 864, 931, 1017, 1097|417, 499, 600, 612, 672, 797, 931, 1097, 1178, 1230|1, 421, 499, 568, 612, 949, 1017, 1046, 1157, 1178|93, 594, 676, 707, 752, 893, 1211, 1299, 1329, 1413|172, 186, 658, 753, 787, 800, 829, 936, 1012, 1230|562, 628, 707, 773, 819, 873, 981, 1290, 1296, 1358|628, 819, 871, 908, 982, 1074, 1117, 1213, 1302, 1375|871, 982, 1050, 1055, 1104, 1316, 1413, 1420, 1464, 1494|186, 720, 944, 1104, 1179, 1296, 1494, 1566, 1632, 1698|0, 717, 773, 842, 1050, 1441, 1566, 1592, 1754, 1834|207, 253, 1032, 1179, 1254, 1329, 1501, 1637, 1728, 1741|102, 104, 473, 753, 908, 1323, 1388, 1698, 1766, 1831|1114, 1243, 1292, 1296, 1298, 1766, 1865, 1892, 1960, 2006|125, 961, 1292, 1392, 1458, 1523, 1632, 1865, 1959, 2006|226, 322, 832, 1101, 1177, 1340, 1392, 1621, 1665, 1980|]
jobshop_swv04-dl-10	2182	180000	false	--	[|0, 16, 75, 85, 180, 244, 336, 392, 395, 468|0, 5, 180, 210, 224, 320, 336, 409, 485, 578|0, 85, 160, 244, 274, 392, 412, 444, 578, 668|160, 210, 320, 372, 465, 485, 490, 501, 554, 668|75, 231, 247, 288, 465, 590, 645, 766, 768, 855|247, 366, 398, 565, 636, 674, 738, 754, 768, 809|35, 76, 189, 372, 636, 809, 910, 957, 1051, 1130|92, 344, 411, 482, 728, 850, 933, 978, 1067, 1148|485, 573, 632, 791, 854, 945, 981, 1067, 1148, 1192|16, 45, 115, 411, 580, 631, 828, 830, 886, 981|485, 854, 945, 946, 981, 1080, 1151, 1246, 1324, 1377|436, 864, 960, 981, 1071, 1126, 1204, 1324, 1459, 1514|671, 761, 825, 960, 1080, 1244, 1377, 1559, 1644, 1720|560, 617, 993, 1126, 1128, 1196, 1246, 1451, 1488, 1525|5, 761, 946, 1080, 1196, 1295, 1363, 1400, 1454, 1491|288, 701, 1103, 1273, 1316, 1358, 1525, 1624, 1720, 1800|774, 1195, 1316, 1319, 1406, 1644, 1706, 1758, 1846, 1914|45, 617, 631, 674, 830, 995, 1033, 1800, 1872, 1914|0, 807, 909, 1246, 1406, 1706, 1932, 1975, 2074, 2141|319, 862, 995, 1186, 1276, 1447, 1518, 1943, 2037, 2113|]
jobshop_swv04-dl-10	2182	180000	false	--	[|0, 16, 75, 85, 180, 244, 336, 392, 395, 468|0, 5, 180, 210, 224, 320, 336, 409, 485, 578|0, 85, 160, 244, 274, 392, 412, 444, 578, 668|160, 210, 320, 372, 465, 485, 490, 501, 554, 668|75, 231, 247, 288, 465, 590, 645, 766, 768, 855|247, 366, 398, 565, 636, 674, 738, 754, 768, 809|35, 76, 189, 372, 636, 809, 910, 957, 1051, 1130|92, 344, 411, 482, 728, 850, 933, 978, 1067, 1148|485, 573, 632, 791, 854, 945, 981, 1067, 1148, 1192|16, 45, 115, 411, 580, 631, 828, 830, 886, 981|485, 854, 945, 946, 981, 1080, 1151, 1246, 1324, 1377|436, 864, 960, 981, 1071, 1126, 1204, 1324, 1459, 1514|671, 761, 825, 960, 1080, 1244, 1377, 1559, 1644, 1720|560, 617, 993, 1126, 1128, 1196, 1246, 1451, 1488, 1525|5, 761, 946, 1080, 1196, 1295, 1363, 1400, 1454, 1491|288, 701, 1103, 1273, 1316, 1358, 1525, 1624, 1720, 1800|774, 1195, 1316, 1319, 1406, 1644, 1706, 1758, 1846, 1914|45, 617, 631, 674, 830, 995, 1033, 1800, 1872, 1914|0, 807, 909, 1246, 1406, 1706, 1932, 1975, 2074, 2141|312, 865, 1064, 1188, 1275, 1323, 1514, 1943, 2037, 2073|]
jobshop_swv04-dl-13	2177	180000	false	--	[|0, 16, 75, 85, 180, 244, 336, 392, 395, 468|0, 5, 180, 210, 224, 320, 336, 409, 485, 578|0, 85, 160, 244, 274, 392, 412, 444, 578, 668|160, 210, 320, 372, 465, 485, 490, 501, 554, 668|75, 231, 247, 288, 465, 590, 645, 766, 768, 855|247, 366, 398, 565, 636, 674, 738, 754, 768, 809|35, 76, 189, 372, 636, 809, 910, 957, 1051, 1130|92, 344, 411, 482, 728, 850, 933, 978, 1067, 1148|485, 573, 632, 791, 854, 945, 981, 1067, 1148, 1192|16, 45, 115, 411, 580, 631, 828, 830, 886, 981|485, 854, 945, 946, 981, 1080, 1151, 1246, 1324, 1377|436, 864, 960, 981, 1071, 1126, 1204, 1324, 1459, 1514|671, 761, 825, 960, 1080, 1244, 1377, 1559, 1644, 1720|560, 617, 993, 1126, 1128, 1196, 1246, 1451, 1488, 1525|5, 761, 946, 1080, 1196, 1295, 1363, 1400, 1454, 1491|288, 701, 1103, 1273, 1316, 1358, 1525, 1624, 1720, 1800|774, 1195, 1316, 1319, 1406, 1644, 1706, 1758, 1846, 1914|45, 617, 631, 674, 830, 995, 1033, 1800, 1872, 1957|149, 807, 909, 1251, 1406, 1706, 1914, 1957, 2069, 2136|322, 869, 996, 1164, 1280, 1448, 1853, 1943, 2037, 2069|]
jobshop_swv04-dl-13	2182	180000	false	--	[|0, 16, 75, 85, 180, 244, 336, 392, 395, 468|0, 5, 180, 210, 224, 320, 336, 409, 485, 578|0, 85, 160, 244, 274, 392, 412, 444, 578, 668|160, 210, 320, 372, 465, 485, 490, 501, 554, 668|75, 231, 247, 288, 465, 590, 645, 766, 768, 855|247, 366, 398, 565, 636, 674, 738, 754, 768, 809|35, 76, 189, 372, 636, 809, 910, 957, 1051, 1130|92, 344, 411, 482, 728, 850, 933, 978, 1067, 1148|485, 573, 632, 791, 854, 945, 981, 1067, 1148, 1192|16, 45, 115, 411, 580, 631, 828, 830, 886, 981|485, 854, 945, 946, 981, 1080, 1151, 1246, 1324, 1377|436, 864, 960, 981, 1071, 1126, 1204, 1324, 1459, 1514|671, 761, 825, 960, 1080, 1244, 1377, 1559, 1644, 1720|560, 617, 993, 1126, 1128, 1196, 1246, 1451, 1488, 1525|5, 761, 946, 1080, 1196, 1295, 1363, 1400, 1454, 1491|288, 701, 1103, 1273, 1316, 1358, 1525, 1624, 1720, 1800|774, 1195, 1316, 1319, 1406, 1644, 1706, 1758, 1846, 1914|45, 617, 631, 674, 830, 995, 1033, 1800, 1872, 1914|0, 807, 909, 1246, 1406, 1706, 1932, 1975, 2074, 2141|312, 863, 994, 1237, 1275, 1323, 1514, 1943, 2037, 2073|]
jobshop_swv04-dl-16	2182	180000	false	--	[|0, 16, 75, 85, 180, 244, 336, 392, 395, 468|0, 5, 180, 210, 224, 320, 336, 409, 485, 578|0, 85, 160, 244, 274, 392, 412, 444, 578, 668|160, 210, 320, 372, 465, 485, 490, 501, 554, 668|75, 231, 247, 288, 465, 590, 645, 766, 768, 855|247, 366, 398, 565, 636, 674, 738, 754, 768, 809|35, 76, 189, 372, 636, 809, 910, 957, 1051, 1130|92, 344, 411, 482, 728, 850, 933, 978, 1067, 1148|485, 573, 632, 791, 854, 945, 981, 1067, 1148, 1192|16, 45, 115, 411, 580, 631, 828, 830, 886, 981|485, 854, 945, 946, 981, 1080, 1151, 1246, 1324, 1377|436, 864, 960, 981, 1071, 1126, 1204, 1324, 1459, 1514|671, 761, 825, 960, 1080, 1244, 1377, 1559, 1644, 1720|560, 617, 993, 1126, 1128, 1196, 1246, 1451, 1488, 1525|5, 761, 946, 1080, 1196, 1295, 1363, 1400, 1454, 1491|288, 701, 1103, 1273, 1316, 1358, 1525, 1624, 1720, 1800|774, 1195, 1316, 1319, 1406, 1644, 1706, 1758, 1846, 1914|45, 617, 631, 674, 830, 995, 1033, 1800, 1872, 1914|1, 807, 909, 1246, 1406, 1706, 1932, 1975, 2074, 2141|312, 862, 1055, 1221, 1302, 1335, 1514, 1943, 2037, 2077|]
jobshop_swv04-dl-16	2182	180000	false	--	[|0, 16, 75, 85, 180, 244, 336, 392, 395, 468|0, 5, 180, 210, 224, 320, 336, 409, 485, 578|0, 85, 160, 244, 274, 392, 412, 444, 578, 668|160, 210, 320, 372, 465, 485, 490, 501, 554, 668|75, 231, 247, 288, 465, 590, 645, 766, 768, 855|247, 366, 398, 565, 636, 674, 738, 754, 768, 809|35, 76, 189, 372, 636, 809, 910, 957, 1051, 1130|92, 344, 411, 482, 728, 850, 933, 978, 1067, 1148|485, 573, 632, 791, 854, 945, 981, 1067, 1148, 1192|16, 45, 115, 411, 580, 631, 828, 830, 886, 1019|485, 854, 945, 946, 981, 1080, 1151, 1246, 1324, 1377|436, 864, 960, 981, 1071, 1126, 1204, 1324, 1459, 1514|671, 761, 825, 960, 1080, 1244, 1377, 1559, 1644, 1720|560, 617, 993, 1126, 1128, 1196, 1246, 1451, 1488, 1525|5, 761, 946, 1080, 1196, 1295, 1363, 1400, 1454, 1491|288, 701, 1103, 1273, 1316, 1358, 1525, 1624, 1720, 1800|774, 1195, 1316, 1319, 1406, 1644, 1706, 1758, 1846, 1914|45, 617, 631, 674, 830, 981, 1025, 1800, 1872, 1914|0, 807, 909, 1246, 1406, 1706, 1932, 1975, 2074, 2141|316, 862, 1002, 1190, 1275, 1326, 1514, 1943, 2037, 2074|]
jobshop_swv05-dl-10	2194	180000	false	--	[|0, 19, 49, 129, 213, 227, 278, 351, 442, 523|19, 93, 172, 213, 220, 286, 351, 444, 520, 541|0, 129, 211, 249, 322, 383, 617, 693, 779, 807|90, 162, 184, 220, 297, 541, 639, 643, 670, 693|93, 172, 330, 425, 432, 520, 594, 639, 779, 839|0, 98, 177, 192, 213, 245, 269, 278, 444, 451|286, 337, 384, 425, 441, 492, 709, 873, 952, 955|192, 441, 500, 553, 573, 842, 862, 952, 1042, 1138|49, 322, 573, 670, 763, 1042, 1138, 1201, 1242, 1243|227, 337, 500, 592, 763, 1123, 1294, 1354, 1429, 1522|98, 414, 592, 650, 670, 839, 1198, 1354, 1429, 1555|384, 650, 675, 808, 897, 1278, 1522, 1595, 1623, 1717|675, 853, 938, 950, 1005, 1201, 1259, 1378, 1507, 1562|454, 553, 742, 826, 865, 1451, 1623, 1717, 1778, 1820|482, 590, 667, 750, 781, 807, 1525, 1778, 1812, 1846|297, 480, 764, 859, 941, 1021, 1033, 1602, 1631, 1825|0, 786, 882, 969, 1021, 1631, 1694, 1914, 1948, 2038|897, 1005, 1033, 1097, 1131, 1643, 1652, 1703, 1812, 1873|621, 781, 836, 1131, 1213, 1652, 1846, 1924, 2024, 2103|0, 314, 1067, 1158, 1311, 1466, 1719, 1875, 2073, 2125|]
jobshop_swv05-dl-10	2194	180000	false	--	[|0, 19, 49, 129, 213, 227, 278, 351, 442, 523|19, 93, 172, 213, 220, 286, 351, 444, 520, 541|0, 129, 211, 249, 322, 383, 617, 693, 779, 807|90, 162, 184, 220, 297, 541, 639, 643, 670, 693|93, 172, 330, 425, 432, 520, 594, 639, 779, 839|0, 98, 177, 192, 213, 245, 269, 278, 444, 451|286, 337, 384, 425, 441, 492, 709, 873, 952, 955|192, 441, 500, 553, 573, 842, 862, 952, 1042, 1138|49, 322, 573, 670, 763, 1042, 1138, 1201, 1242, 1243|227, 337, 500, 592, 763, 1123, 1294, 1354, 1429, 1522|98, 414, 592, 650, 670, 839, 1198, 1354, 1429, 1555|384, 650, 675, 808, 897, 1278, 1522, 1595, 1623, 1717|675, 853, 938, 950, 1005, 1201, 1259, 1378, 1507, 1562|454, 553, 742, 764, 803, 1451, 1623, 1717, 1778, 1820|482, 590, 667, 750, 781, 807, 1525, 1778, 1812, 1846|297, 480, 803, 865, 947, 1027, 1033, 1602, 1631, 1825|0, 786, 836, 897, 1027, 1631, 1694, 1914, 1948, 2038|919, 1005, 1033, 1097, 1131, 1643, 1652, 1703, 1812, 1873|621, 894, 947, 1131, 1213, 1652, 1846, 1924, 2024, 2103|0, 197, 1067, 1159, 1343, 1485, 1768, 1875, 2047, 2125|]
jobshop_swv05-dl-13	2194	180000	false	--	[|0, 19, 49, 129, 213, 227, 278, 351, 442, 523|19, 93, 172, 213, 220, 286, 351, 444, 520, 541|0, 129, 211, 249, 322, 383, 617, 693, 779, 807|90, 162, 184, 220, 297, 541, 639, 643, 670, 693|93, 172, 330, 425, 432, 520, 594, 639, 779, 839|0, 98, 177, 192, 213, 245, 269, 278, 444, 451|286, 337, 384, 425, 441, 492, 709, 873, 952, 955|192, 441, 500, 553, 573, 842, 862, 952, 1042, 1138|49, 322, 573, 670, 763, 1042, 1138, 1201, 1242, 1243|227, 337, 500, 592, 763, 1123, 1294, 1354, 1429, 1522|98, 414, 592, 650, 670, 839, 1198, 1354, 1429, 1555|384, 650, 675, 808, 897, 1278, 1522, 1595, 1623, 1717|675, 853, 938, 950, 1005, 1201, 1259, 1378, 1507, 1562|454, 553, 742, 764, 803, 1451, 1623, 1717, 1778, 1820|482, 590, 667, 750, 781, 807, 1525, 1778, 1812, 1846|297, 480, 803, 865, 947, 1027, 1033, 1602, 1631, 1825|0, 786, 836, 897, 1027, 1631, 1694, 1914, 1948, 2038|919, 1005, 1033, 1097, 1131, 1643, 1652, 1703, 1812, 1873|621, 894, 947, 1131, 1396, 1683, 1846, 1924, 2024, 2103|278, 629, 1067, 1157, 1311, 1435, 1652, 1877, 1970, 2125|]
jobshop_swv05-dl-13	2194	180000	false	--	[|0, 19, 49, 129, 213, 227, 278, 351, 442, 523|19, 93, 172, 213, 220, 286, 351, 444, 520, 541|0, 129, 211, 249, 322, 383, 617, 693, 779, 807|90, 162, 184, 220, 297, 541, 639, 643, 670, 693|93, 172, 330, 425, 432, 520, 594, 639, 779, 839|0, 98, 177, 192, 213, 245, 269, 278, 444, 451|286, 337, 384, 425, 441, 492, 709, 873, 952, 955|192, 441, 500, 553, 573, 842, 862, 952, 1042, 1138|49, 322, 573, 670, 763, 1042, 1138, 1201, 1242, 1243|227, 337, 500, 592, 763, 1123, 1294, 1354, 1429, 1522|98, 414, 592, 650, 670, 839, 1198, 1354, 1429, 1555|384, 650, 675, 808, 897, 1278, 1522, 1595, 1623, 1717|675, 853, 938, 950, 1005, 1201, 1259, 1378, 1507, 1562|454, 553, 742, 764, 803, 1451, 1623, 1717, 1778, 1820|482, 590, 667, 750, 781, 807, 1525, 1778, 1812, 1846|297, 480, 803, 865, 947, 1027, 1033, 1602, 1631, 1825|0, 786, 836, 982, 1027, 1631, 1694, 1914, 1948, 2038|897, 1005, 1033, 1097, 1131, 1643, 1652, 1703, 1812, 1873|621, 894, 947, 1131, 1213, 1652, 1846, 1924, 2024, 2103|0, 565, 1067, 1157, 1311, 1426, 1719, 1875, 2052, 2125|]
jobshop_swv05-dl-16	2194	180000	false	--	[|0, 19, 49, 129, 213, 227, 278, 351, 442, 523|19, 93, 172, 213, 220, 286, 351, 444, 520, 541|0, 129, 211, 249, 322, 383, 617, 693, 779, 807|90, 162, 184, 220, 297, 541, 639, 643, 670, 693|93, 172, 330, 425, 432, 520, 594, 639, 779, 839|0, 98, 177, 192, 213, 245, 269, 278, 444, 451|286, 337, 384, 425, 441, 492, 709, 873, 952, 955|192, 441, 500, 553, 573, 842, 862, 952, 1042, 1138|49, 322, 573, 670, 763, 1042, 1138, 1201, 1242, 1243|227, 337, 500, 592, 763, 1123, 1294, 1354, 1429, 1522|98, 414, 592, 650, 670, 839, 1198, 1354, 1429, 1555|384, 650, 675, 808, 897, 1278, 1522, 1595, 1623, 1717|675, 853, 938, 950, 1005, 1201, 1259, 1378, 1507, 1562|454, 553, 742, 764, 803, 1451, 1623, 1717, 1778, 1820|482, 590, 667, 750, 781, 807, 1525, 1778, 1812, 1846|297, 480, 803, 865, 947, 1027, 1033, 1602, 1632, 1825|0, 786, 836, 897, 1027, 1631, 1694, 1914, 1948, 2038|919, 1005, 1033, 1097, 1131, 1643, 1652, 1703, 1812, 1873|621, 894, 947, 1131, 1213, 1652, 1846, 1924, 2024, 2103|0, 195, 1083, 1194, 1351, 1431, 1742, 1876, 1924, 2125|]
jobshop_swv05-dl-16	2194	180000	false	--	[|0, 19, 49, 129, 213, 227, 278, 351, 442, 523|19, 93, 172, 213, 220, 286, 351, 444, 520, 541|0, 129, 211, 249, 322, 383, 617, 693, 779, 807|90, 162, 184, 220, 297, 541, 639, 643, 670, 693|93, 172, 330, 425, 432, 520, 594, 639, 779, 839|0, 98, 177, 192, 213, 245, 269, 278, 444, 451|286, 337, 384, 425, 441, 492, 709, 873, 952, 955|192, 441, 500, 553, 573, 842, 862, 952, 1042, 1138|49, 322, 573, 670, 763, 1042, 1138, 1201, 1242, 1243|227, 337, 500, 592, 763, 1123, 1294, 1354, 1429, 1522|98, 414, 592, 650, 670, 839, 1198, 1354, 1429, 1555|384, 650, 675, 808, 897, 1278, 1522, 1595, 1623, 1717|675, 853, 938, 950, 1005, 1201, 1259, 1378, 1507, 1562|454, 553, 742, 764, 803, 1451, 1623, 1717, 1778, 1820|482, 590, 667, 750, 781, 807, 1525, 1778, 1812, 1846|297, 480, 803, 865, 947, 1027, 1033, 1602, 1631, 1825|0, 786, 836, 897, 1027, 1631, 1769, 1914, 1948, 2038|919, 1005, 1033, 1097, 1131, 1643, 1652, 1703, 1812, 1873|621, 921, 968, 1131, 1213, 1652, 1846, 1924, 2024, 2103|6, 195, 1067, 1157, 1311, 1415, 1800, 1880, 1942, 2125|]
jobshop_swv06-dl-10	2555	180000	false	--	[|0, 16, 74, 96, 120, 173, 182, 239, 302, 394, 437, 478, 504, 524, 568|96, 185, 279, 365, 378, 432, 473, 528, 626, 664, 744, 745, 845, 935, 998|16, 74, 182, 214, 289, 365, 422, 461, 524, 552, 661, 691, 748, 823, 832|0, 37, 173, 239, 263, 334, 473, 552, 571, 616, 845, 916, 998, 1059, 1065|37, 94, 149, 298, 382, 432, 547, 691, 744, 803, 902, 943, 1012, 1026, 1097|0, 185, 279, 378, 456, 534, 544, 592, 699, 720, 1011, 1086, 1097, 1152, 1245|592, 692, 744, 798, 835, 861, 935, 1026, 1086, 1245, 1339, 1412, 1467, 1535, 1585|10, 382, 511, 518, 590, 652, 682, 777, 823, 888, 1152, 1296, 1412, 1476, 1557|0, 42, 652, 798, 935, 1027, 1080, 1169, 1221, 1385, 1393, 1462, 1585, 1611, 1687|170, 266, 313, 431, 534, 573, 857, 1059, 1115, 1213, 1269, 1365, 1476, 1611, 1673|0, 313, 456, 692, 733, 774, 835, 931, 948, 1043, 1072, 1339, 1467, 1622, 1719|1, 724, 811, 931, 993, 1080, 1169, 1264, 1571, 1613, 1699, 1767, 1849, 1931, 1983|214, 530, 590, 811, 813, 861, 1027, 1097, 1393, 1511, 1516, 1719, 1849, 1867, 2080|17, 334, 567, 620, 627, 646, 744, 807, 1516, 1751, 1828, 1943, 2030, 2143, 2187|733, 1031, 1122, 1264, 1322, 1399, 1450, 1464, 1465, 1531, 1867, 1907, 2002, 2187, 2241|0, 120, 620, 843, 882, 889, 944, 1241, 1410, 1557, 1758, 1784, 2030, 2099, 2146|57, 81, 1049, 1146, 1163, 1322, 1377, 1586, 1656, 1743, 1907, 1983, 2241, 2292, 2306|0, 672, 1146, 1170, 1266, 1464, 1531, 1743, 1834, 1927, 2099, 2146, 2292, 2338, 2421|69, 885, 1163, 1194, 1316, 1377, 1460, 1493, 1613, 1877, 1931, 2012, 2021, 2118, 2429|94, 1065, 1498, 1518, 1622, 1708, 1784, 1785, 1835, 2114, 2169, 2303, 2378, 2450, 2497|]
jobshop_swv06-dl-10	2526	180000	false	--	[|0, 16, 74, 96, 120, 173, 182, 239, 302, 394, 437, 478, 504, 524, 568|96, 185, 279, 365, 378, 432, 473, 528, 626, 664, 744, 745, 845, 935, 998|16, 74, 182, 214, 289, 365, 422, 461, 524, 552, 661, 691, 748, 823, 832|0, 37, 173, 239, 263, 334, 473, 552, 571, 616, 845, 916, 998, 1059, 1065|37, 94, 149, 298, 382, 432, 547, 691, 744, 803, 902, 943, 1012, 1026, 1097|0, 185, 279, 378, 456, 534, 544, 592, 699, 720, 1011, 1086, 1097, 1152, 1245|592, 692, 744, 798, 835, 861, 935, 1026, 1086, 1245, 1339, 1412, 1467, 1535, 1585|10, 382, 511, 518, 590, 652, 682, 777, 823, 888, 1152, 1296, 1412, 1476, 1557|0, 42, 652, 798, 935, 1027, 1080, 1169, 1221, 1385, 1393, 1462, 1585, 1611, 1687|170, 266, 313, 431, 534, 573, 857, 1059, 1115, 1213, 1269, 1365, 1476, 1611, 1673|0, 313, 456, 692, 733, 774, 835, 931, 948, 1043, 1072, 1339, 1467, 1622, 1719|1, 724, 811, 931, 993, 1080, 1169, 1264, 1571, 1613, 1699, 1767, 1849, 1931, 1983|214, 530, 590, 811, 813, 861, 1027, 1097, 1393, 1511, 1516, 1719, 1849, 1867, 2329|17, 334, 567, 620, 627, 646, 744, 807, 1516, 1751, 1828, 1943, 2030, 2143, 2187|733, 1031, 1122, 1264, 1322, 1399, 1450, 1464, 1465, 1531, 1867, 1907, 2002, 2187, 2241|0, 120, 620, 843, 882, 889, 944, 1241, 1410, 1557, 1758, 1784, 2030, 2099, 2146|57, 81, 1049, 1146, 1163, 1322, 1377, 1586, 1656, 1743, 1907, 1983, 2080, 2131, 2306|0, 672, 1146, 1170, 1266, 1464, 1531, 1743, 1844, 1927, 2099, 2146, 2241, 2338, 2421|46, 882, 1163, 1194, 1316, 1377, 1460, 1510, 1613, 1877, 1931, 2012, 2021, 2118, 2207|94, 1052, 1460, 1484, 1622, 1708, 1786, 1825, 1877, 2000, 2169, 2254, 2329, 2421, 2468|]
jobshop_swv06-dl-13	2555	180000	false	--	[|0, 16, 74, 96, 120, 173, 182, 239, 302, 394, 437, 478, 504, 524, 568|96, 185, 279, 365, 378, 432, 473, 528, 626, 664, 744, 745, 845, 935, 998|16, 74, 182, 214, 289, 365, 422, 461, 524, 552, 661, 691, 748, 823, 832|0, 37, 173, 239, 263, 334, 473, 552, 571, 616, 845, 916, 998, 1059, 1065|37, 94, 149, 298, 382, 432, 547, 691, 744, 803, 902, 943, 1012, 1026, 1097|0, 185, 279, 378, 456, 534, 544, 592, 699, 720, 1011, 1086, 1097, 1152, 1245|592, 692, 744, 798, 835, 861, 935, 1026, 1086, 1245, 1339, 1412, 1467, 1535, 1585|10, 382, 511, 518, 590, 652, 682, 777, 823, 888, 1152, 1296, 1412, 1476, 1557|0, 42, 652, 798, 935, 1027, 1080, 1169, 1221, 1385, 1393, 1462, 1585, 1611, 1687|170, 266, 313, 431, 534, 573, 857, 1059, 1115, 1213, 1269, 1365, 1476, 1611, 1673|0, 313, 456, 692, 733, 774, 835, 931, 948, 1043, 1072, 1339, 1467, 1622, 1719|1, 724, 811, 931, 993, 1080, 1169, 1264, 1571, 1613, 1699, 1767, 1849, 1931, 1983|214, 530, 590, 811, 813, 861, 1027, 1097, 1393, 1511, 1516, 1719, 1849, 1867, 2080|17, 334, 567, 620, 627, 646, 744, 807, 1516, 1751, 1828, 1943, 2030, 2143, 2187|733, 1031, 1122, 1264, 1322, 1399, 1450, 1464, 1465, 1531, 1867, 1907, 2002, 2187, 2241|0, 120, 620, 843, 882, 889, 944, 1241, 1410, 1557, 1758, 1784, 2030, 2099, 2146|57, 81, 1049, 1146, 1259, 1322, 1377, 1586, 1656, 1748, 1907, 1983, 2241, 2292, 2306|3, 672, 1146, 1163, 1266, 1464, 1531, 1743, 1834, 1927, 2099, 2146, 2292, 2338, 2421|431, 882, 1163, 1194, 1316, 1377, 1460, 1490, 1653, 1877, 1936, 2012, 2021, 2118, 2207|94, 1022, 1464, 1467, 1622, 1708, 1782, 1783, 1817, 1957, 2120, 2303, 2378, 2450, 2497|]
jobshop_swv06-dl-13	2555	180000	false	--	[|0, 16, 74, 96, 120, 173, 182, 239, 302, 394, 437, 478, 504, 524, 568|96, 185, 279, 365, 378, 432, 473, 528, 626, 664, 744, 745, 845, 935, 998|16, 74, 182, 214, 289, 365, 422, 461, 524, 552, 661, 691, 748, 823, 832|0, 37, 173, 239, 263, 334, 473, 552, 571, 616, 845, 916, 998, 1059, 1065|37, 94, 149, 298, 382, 432, 547, 691, 744, 803, 902, 943, 1012, 1026, 1097|0, 185, 279, 378, 456, 534, 544, 592, 699, 720, 1011, 1086, 1097, 1152, 1245|592, 692, 744, 798, 835, 861, 935, 1026, 1086, 1245, 1339, 1412, 1467, 1535, 1585|10, 382, 511, 518, 590, 652, 682, 777, 823, 888, 1152, 1296, 1412, 1476, 1557|0, 42, 652, 798, 935, 1027, 1080, 1169, 1221, 1385, 1393, 1462, 1585, 1611, 1687|170, 266, 313, 431, 534, 573, 857, 1059, 1115, 1213, 1269, 1365, 1476, 1611, 1673|0, 313, 456, 692, 733, 774, 835, 931, 948, 1043, 1072, 1339, 1467, 1622, 1719|1, 724, 811, 931, 993, 1080, 1169, 1264, 1571, 1613, 1699, 1767, 1849, 1931, 1983|214, 530, 590, 811, 813, 861, 1027, 1097, 1393, 1511, 1516, 1719, 1849, 1867, 2080|17, 334, 567, 620, 627, 646, 744, 807, 1516, 1751, 1828, 1943, 2030, 2143, 2187|733, 1031, 1122, 1264, 1322, 1399, 1450, 1464, 1465, 1531, 1867, 1907, 2002, 2187, 2241|0, 120, 620, 843, 882, 889, 944, 1241, 1410, 1557, 1758, 1784, 2030, 2099, 2146|57, 81, 1049, 1146, 1163, 1322, 1377, 1586, 1656, 1743, 1907, 1983, 2241, 2292, 2306|0, 672, 1146, 1170, 1266, 1464, 1531, 1743, 1834, 1927, 2099, 2146, 2292, 2338, 2421|46, 882, 1163, 1194, 1316, 1377, 1460, 1494, 1613, 1877, 1931, 2012, 2021, 2118, 2207|94, 1058, 1461, 1470, 1622, 1708, 1782, 1783, 1817, 1942, 2071, 2303, 2378, 2450, 2497|]
jobshop_swv06-dl-16	2555	180000	false	--	[|0, 16, 74, 96, 120, 173, 182, 239, 302, 394, 437, 478, 504, 524, 568|96, 185, 279, 365, 378, 432, 473, 528, 626, 664, 744, 745, 845, 935, 998|16, 74, 182, 214, 289, 365, 422, 461, 524, 552, 661, 691, 748, 823, 832|0, 37, 173, 239, 263, 334, 473, 552, 571, 616, 845, 916, 998, 1059, 1065|37, 94, 149, 298, 382, 432, 547, 691, 744, 803, 902, 943, 1012, 1026, 1097|0, 185, 279, 378, 456, 534, 544, 592, 699, 720, 1011, 1086, 1097, 1152, 1245|592, 692, 744, 798, 835, 861, 935, 1026, 1086, 1245, 1339, 1412, 1467, 1535, 1585|10, 382, 511, 518, 590, 652, 682, 777, 823, 888, 1152, 1296, 1412, 1476, 1557|0, 42, 652, 798, 935, 1027, 1080, 1169, 1221, 1385, 1393, 1462, 1585, 1611, 1687|170, 266, 313, 431, 534, 573, 857, 1059, 1115, 1213, 1269, 1365, 1476, 1611, 1673|0, 313, 456, 692, 733, 774, 835, 931, 948, 1043, 1072, 1339, 1467, 1622, 1719|1, 724, 811, 931, 993, 1080, 1169, 1264, 1571, 1613, 1699, 1767, 1849, 1931, 1983|214, 530, 590, 811, 813, 861, 1027, 1097, 1393, 1511, 1516, 1719, 1849, 1867, 2080|17, 334, 567, 620, 627, 646, 744, 807, 1516, 1751, 1828, 1943, 2030, 2143, 2187|733, 1031, 1122, 1264, 1322, 1399, 1450, 1464, 1465, 1531, 1867, 1907, 2002, 2187, 2241|0, 120, 620, 843, 882, 889, 944, 1241, 1410, 1557, 1758, 1784, 2030, 2099, 2146|57, 81, 1049, 1146, 1163, 1322, 1377, 1586, 1656, 1743, 1907, 1983, 2241, 2292, 2306|0, 672, 1146, 1170, 1266, 1464, 1531, 1743, 1834, 1927, 2099, 2146, 2292, 2338, 2421|46, 882, 1163, 1213, 1317, 1377, 1460, 1490, 1722, 1877, 1933, 2012, 2021, 2118, 2207|94, 1022, 1460, 1462, 1622, 1708, 1782, 1783, 1817, 1941, 2135, 2303, 2378, 2450, 2497|]
jobshop_swv06-dl-16	2555	180000	false	--	[|0, 16, 74, 96, 120, 173, 182, 239, 302, 394, 437, 478, 504, 524, 568|96, 185, 279, 365, 378, 432, 473, 528, 626, 664, 744, 745, 845, 935, 998|16, 74, 182, 214, 289, 365, 422, 461, 524, 552, 661, 691, 748, 823, 832|0, 37, 173, 239, 263, 334, 473, 552, 571, 616, 845, 916, 998, 1059, 1065|37, 94, 149, 298, 382, 432, 547, 691, 744, 803, 902, 943, 1012, 1026, 1097|0, 185, 279, 378, 456, 534, 544, 592, 699, 720, 1011, 1086, 1097, 1152, 1245|592, 692, 744, 798, 835, 861, 935, 1026, 1086, 1245, 1339, 1412, 1467, 1535, 1585|10, 382, 511, 518, 590, 652, 682, 777, 823, 888, 1152, 1296, 1412, 1476, 1557|0, 42, 652, 798, 935, 1027, 1080, 1169, 1221, 1385, 1393, 1462, 1585, 1611, 1687|170, 266, 313, 431, 534, 573, 857, 1059, 1115, 1213, 1269, 1365, 1476, 1611, 1673|0, 313, 456, 692, 733, 774, 835, 931, 948, 1043, 1072, 1339, 1467, 1622, 1719|6, 724, 811, 931, 993, 1080, 1169, 1295, 1571, 1613, 1699, 1767, 1849, 1931, 1983|214, 530, 590, 811, 813, 861, 1027, 1097, 1393, 1511, 1516, 1719, 1849, 1867, 2080|17, 334, 567, 620, 627, 646, 744, 807, 1516, 1751, 1828, 1943, 2030, 2143, 2187|733, 1031, 1122, 1264, 1322, 1399, 1450, 1464, 1465, 1531, 1867, 1907, 2002, 2187, 2241|0, 120, 620, 843, 882, 889, 944, 1241, 1410, 1557, 1758, 1784, 2030, 2099, 2146|57, 81, 1049, 1146, 1163, 1322, 1377, 1586, 1656, 1743, 1907, 1983, 2241, 2292, 2306|0, 672, 1146, 1170, 1266, 1464, 1531, 1743, 1834, 1927, 2099, 2146, 2292, 2338, 2421|46, 882, 1163, 1194, 1322, 1377, 1460, 1490, 1613, 1877, 1931, 2012, 2021, 2118, 2207|550, 1023, 1460, 1477, 1622, 1708, 1782, 1783, 1817, 1941, 2039, 2303, 2378, 2450, 2497|]
jobshop_swv07-dl-10	2617	180000	false	--	[|0, 92, 141, 234, 282, 283, 335, 392, 408, 414, 420, 439, 535, 562, 638|0, 92, 282, 334, 421, 515, 598, 607, 698, 745, 808, 839, 865, 911, 960|0, 34, 68, 234, 316, 392, 435, 535, 638, 693, 727, 804, 824, 913, 936|188, 237, 334, 515, 607, 671, 722, 806, 848, 853, 913, 933, 1026, 1074, 1149|0, 35, 237, 386, 435, 598, 678, 839, 960, 1026, 1046, 1146, 1174, 1245, 1246|252, 435, 513, 678, 722, 750, 777, 848, 881, 927, 977, 985, 990, 1003, 1074|0, 105, 316, 459, 534, 539, 604, 704, 936, 1045, 1149, 1249, 1341, 1379, 1426|68, 166, 591, 819, 876, 969, 1043, 1134, 1246, 1305, 1522, 1604, 1669, 1677, 1689|0, 83, 321, 539, 666, 747, 777, 1146, 1246, 1327, 1356, 1387, 1434, 1604, 1681|35, 53, 127, 164, 368, 486, 969, 1060, 1245, 1302, 1402, 1502, 1561, 1638, 1659|446, 488, 681, 777, 847, 876, 950, 1003, 1053, 1174, 1302, 1390, 1502, 1544, 1578|0, 190, 378, 385, 421, 488, 614, 684, 977, 1081, 1390, 1681, 1768, 1773, 1872|335, 684, 950, 1000, 1043, 1066, 1094, 1230, 1253, 1435, 1544, 1638, 1700, 1872, 1956|506, 1000, 1067, 1152, 1240, 1258, 1271, 1356, 1475, 1485, 1537, 1773, 1942, 1961, 1982|120, 164, 224, 723, 793, 847, 849, 1246, 1700, 1765, 1818, 1914, 1915, 1959, 2025|166, 276, 400, 519, 700, 758, 793, 865, 932, 943, 1379, 1457, 1855, 1899, 1961|36, 235, 535, 854, 922, 1067, 1152, 1321, 1899, 1942, 1959, 2025, 2102, 2202, 2284|4, 224, 704, 1240, 1310, 1373, 1432, 1474, 1638, 2102, 2152, 2173, 2202, 2285, 2349|598, 1078, 1106, 1185, 1210, 1341, 1365, 1982, 2202, 2295, 2369, 2391, 2464, 2539, 2608|95, 922, 1101, 1185, 1310, 1313, 1472, 1579, 1942, 2047, 2077, 2173, 2284, 2370, 2527|]
jobshop_swv07-dl-10	2617	180000	false	--	[|0, 92, 141, 234, 282, 283, 335, 392, 408, 414, 420, 439, 535, 562, 638|0, 92, 282, 334, 421, 515, 598, 607, 698, 745, 808, 839, 865, 911, 960|0, 34, 68, 234, 316, 392, 435, 535, 638, 693, 727, 804, 824, 913, 936|188, 237, 334, 515, 607, 671, 722, 806, 848, 853, 913, 933, 1026, 1074, 1149|0, 35, 237, 386, 435, 598, 678, 839, 960, 1026, 1046, 1146, 1174, 1245, 1246|252, 435, 513, 678, 722, 750, 777, 848, 881, 927, 977, 985, 990, 1003, 1074|0, 105, 316, 459, 534, 539, 604, 704, 936, 1045, 1149, 1249, 1341, 1379, 1426|68, 166, 591, 819, 876, 969, 1043, 1134, 1246, 1305, 1522, 1604, 1669, 1677, 1689|0, 83, 321, 539, 666, 747, 777, 1146, 1246, 1327, 1356, 1387, 1434, 1604, 1681|35, 53, 127, 164, 368, 486, 969, 1060, 1245, 1302, 1402, 1502, 1561, 1638, 1659|446, 488, 681, 777, 847, 876, 950, 1003, 1053, 1174, 1302, 1390, 1502, 1544, 1578|0, 190, 378, 385, 421, 488, 614, 684, 977, 1081, 1390, 1681, 1768, 1773, 1872|335, 684, 950, 1000, 1043, 1066, 1094, 1230, 1253, 1435, 1544, 1638, 1700, 1872, 1956|506, 1000, 1067, 1152, 1240, 1258, 1271, 1356, 1475, 1485, 1537, 1773, 1942, 1961, 1982|120, 164, 224, 723, 793, 847, 849, 1246, 1700, 1765, 1818, 1914, 1915, 1959, 2025|166, 276, 400, 519, 700, 758, 793, 865, 932, 943, 1379, 1457, 1855, 1899, 1961|36, 235, 535, 854, 922, 1067, 1152, 1321, 1899, 1942, 1959, 2025, 2102, 2202, 2284|4, 224, 704, 1240, 1310, 1373, 1432, 1474, 1638, 2102, 2152, 2173, 2202, 2285, 2349|598, 1078, 1106, 1185, 1210, 1341, 1365, 1982, 2202, 2295, 2369, 2391, 2464, 2539, 2608|131, 922, 1008, 1185, 1352, 1389, 1465, 1579, 1942, 2047, 2077, 2174, 2284, 2370, 2453|]
jobshop_swv07-dl-13	2617	180000	false	--	[|0, 92, 141, 234, 282, 283, 335, 392, 408, 414, 420, 439, 535, 562, 638|0, 92, 282, 334, 421, 515, 598, 607, 698, 745, 808, 839, 865, 911, 960|0, 34, 68, 234, 316, 392, 435, 535, 638, 693, 727, 804, 824, 913, 936|188, 237, 334, 515, 607, 671, 722, 806, 848, 853, 913, 933, 1026, 1074, 1149|0, 35, 237, 386, 435, 598, 678, 839, 960, 1026, 1046, 1146, 1174, 1245, 1246|252, 435, 513, 678, 722, 750, 777, 848, 881, 927, 977, 985, 990, 1003, 1074|0, 105, 316, 459, 534, 539, 604, 704, 936, 1045, 1149, 1249, 1341, 1379, 1426|68, 166, 591, 819, 876, 969, 1043, 1134, 1246, 1305, 1522, 1604, 1669, 1677, 1689|0, 83, 321, 539, 666, 747, 777, 1146, 1246, 1327, 1356, 1387, 1434, 1604, 1681|35, 53, 127, 164, 368, 486, 969, 1060, 1245, 1302, 1402, 1502, 1561, 1638, 1659|446, 488, 681, 777, 847, 876, 950, 1003, 1053, 1174, 1302, 1390, 1502, 1544, 1578|0, 190, 378, 385, 421, 488, 614, 684, 977, 1081, 1390, 1681, 1768, 1773, 1872|335, 684, 950, 1000, 1043, 1066, 1094, 1230, 1253, 1435, 1544, 1638, 1700, 1872, 1956|506, 1000, 1067, 1152, 1240, 1258, 1271, 1356, 1475, 1485, 1537, 1773, 1942, 1961, 1982|120, 164, 224, 723, 793, 847, 849, 1246, 1700, 1765, 1818, 1914, 1915, 1959, 2025|166, 276, 400, 519, 700, 758, 793, 865, 932, 943, 1379, 1457, 1855, 1899, 1961|36, 235, 535, 854, 922, 1067, 1152, 1321, 1899, 1942, 1959, 2025, 2102, 2202, 2284|4, 224, 704, 1240, 1310, 1373, 1432, 1474, 1638, 2102, 2152, 2173, 2202, 2285, 2349|598, 1078, 1106, 1185, 1210, 1341, 1365, 1982, 2202, 2295, 2369, 2391, 2464, 2539, 2608|121, 1039, 1109, 1185, 1310, 1314, 1507, 1819, 1942, 2047, 2077, 2241, 2284, 2370, 2454|]
jobshop_swv07-dl-13	2617	180000	false	--	[|0, 92, 141, 234, 282, 283, 335, 392, 408, 414, 420, 439, 535, 562, 638|0, 92, 282, 334, 421, 515, 598, 607, 698, 745, 808, 839, 865, 911, 960|0, 34, 68, 234, 316, 392, 435, 535, 638, 693, 727, 804, 824, 913, 936|188, 237, 334, 515, 607, 671, 722, 806, 848, 853, 913, 933, 1026, 1074, 1149|0, 35, 237, 386, 435, 598, 678, 839, 960, 1026, 1046, 1146, 1174, 1245, 1246|252, 435, 513, 678, 722, 750, 777, 848, 881, 927, 977, 985, 990, 1003, 1074|0, 105, 316, 459, 534, 539, 604, 704, 936, 1045, 1149, 1249, 1341, 1379, 1426|68, 166, 591, 819, 876, 969, 1043, 1134, 1246, 1305, 1522, 1604, 1669, 1677, 1689|0, 83, 321, 539, 666, 747, 777, 1146, 1246, 1327, 1356, 1387, 1434, 1604, 1681|35, 53, 127, 164, 368, 486, 969, 1060, 1245, 1302, 1402, 1502, 1561, 1638, 1659|446, 488, 681, 777, 847, 876, 950, 1003, 1053, 1174, 1302, 1390, 1502, 1544, 1578|0, 190, 378, 385, 421, 488, 614, 684, 977, 1081, 1390, 1681, 1768, 1773, 1872|335, 684, 950, 1000, 1043, 1066, 1094, 1230, 1253, 1435, 1544, 1638, 1700, 1872, 1956|506, 1000, 1067, 1152, 1240, 1258, 1271, 1356, 1475, 1485, 1537, 1773, 1942, 1961, 1982|120, 164, 224, 723, 793, 847, 849, 1246, 1700, 1765, 1818, 1914, 1915, 1959, 2025|166, 276, 400, 519, 700, 758, 793, 865, 932, 943, 1379, 1457, 1855, 1899, 1961|36, 235, 535, 854, 922, 1067, 1152, 1321, 1899, 1942, 1959, 2025, 2102, 2202, 2284|4, 224, 704, 1240, 1310, 1373, 1432, 1474, 1638, 2102, 2152, 2173, 2202, 2285, 2349|598, 1078, 1106, 1185, 1210, 1341, 1365, 1982, 2202, 2295, 2369, 2391, 2464, 2539, 2608|95, 922, 1001, 1273, 1318, 1405, 1469, 1579, 1942, 2047, 2077, 2189, 2284, 2370, 2453|]
jobshop_swv07-dl-16	2617	180000	false	--	[|0, 92, 141, 234, 282, 283, 335, 392, 408, 414, 420, 439, 535, 562, 638|0, 92, 282, 334, 421, 515, 598, 607, 698, 745, 808, 839, 865, 911, 960|0, 34, 68, 234, 316, 392, 435, 535, 638, 693, 727, 804, 824, 913, 936|188, 237, 334, 515, 607, 671, 722, 806, 848, 853, 913, 933, 1026, 1074, 1149|0, 35, 237, 386, 435, 598, 678, 839, 960, 1026, 1046, 1146, 1174, 1245, 1246|252, 435, 513, 678, 722, 750, 777, 848, 881, 927, 977, 985, 990, 1003, 1074|0, 105, 316, 459, 534, 539, 604, 704, 936, 1045, 1149, 1249, 1341, 1379, 1426|68, 166, 591, 819, 876, 969, 1043, 1134, 1246, 1305, 1522, 1604, 1669, 1677, 1689|0, 83, 321, 539, 666, 747, 777, 1146, 1246, 1327, 1356, 1387, 1434, 1604, 1681|35, 53, 127, 164, 368, 486, 969, 1060, 1245, 1302, 1402, 1502, 1561, 1638, 1659|446, 488, 681, 777, 847, 876, 950, 1003, 1053, 1174, 1302, 1390, 1502, 1544, 1578|0, 190, 378, 385, 421, 488, 614, 684, 977, 1081, 1390, 1681, 1768, 1773, 1872|335, 684, 950, 1000, 1043, 1066, 1094, 1230, 1253, 1435, 1544, 1638, 1700, 1872, 1956|506, 1000, 1067, 1152, 1240, 1258, 1271, 1356, 1475, 1485, 1537, 1773, 1942, 1961, 1982|120, 164, 224, 723, 793, 847, 849, 1246, 1700, 1765, 1818, 1914, 1915, 1959, 2025|166, 276, 400, 519, 700, 758, 793, 865, 932, 943, 1379, 1457, 1855, 1899, 1961|36, 235, 535, 854, 922, 1067, 1152, 1321, 1899, 1942, 1959, 2025, 2102, 2202, 2284|4, 224, 704, 1240, 1310, 1373, 1432, 1474, 1638, 2102, 2152, 2173, 2202, 2285, 2349|598, 1078, 1106, 1185, 1210, 1341, 1365, 1982, 2202, 2295, 2369, 2391, 2464, 2539, 2608|95, 922, 1035, 1185, 1310, 1313, 1356, 1822, 1942, 2047, 2077, 2173, 2294, 2380, 2524|]
jobshop_swv07-dl-16	2617	180000	false	--	[|0, 92, 141, 234, 282, 283, 335, 392, 408, 414, 420, 439, 535, 562, 638|0, 92, 282, 334, 421, 515, 598, 607, 698, 745, 808, 839, 865, 911, 960|0, 34, 68, 234, 316, 392, 435, 535, 638, 693, 727, 804, 824, 913, 936|188, 237, 334, 515, 607, 671, 722, 806, 848, 853, 913, 933, 1026, 1074, 1149|0, 35, 237, 386, 435, 598, 678, 839, 960, 1026, 1046, 1146, 1174, 1245, 1246|252, 435, 513, 678, 722, 750, 777, 848, 881, 927, 977, 985, 990, 1003, 1074|0, 105, 316, 459, 534, 539, 604, 704, 936, 1045, 1149, 1249, 1341, 1379, 1426|68, 166, 591, 819, 876, 969, 1043, 1134, 1246, 1305, 1522, 1604, 1669, 1677, 1689|0, 83, 321, 539, 666, 747, 777, 1146, 1246, 1327, 1356, 1387, 1434, 1604, 1681|35, 53, 127, 164, 368, 486, 969, 1060, 1245, 1302, 1402, 1502, 1561, 1638, 1659|446, 488, 681, 777, 847, 876, 950, 1003, 1053, 1174, 1302, 1390, 1502, 1544, 1578|0, 190, 378, 385, 421, 488, 614, 684, 977, 1081, 1390, 1681, 1768, 1773, 1872|335, 684, 950, 1000, 1043, 1066, 1094, 1230, 1253, 1435, 1544, 1638, 1700, 1872, 1956|506, 1000, 1067, 1152, 1240, 1258, 1271, 1356, 1475, 1485, 1537, 1773, 1942, 1961, 1982|120, 164, 224, 723, 793, 847, 849, 1246, 1700, 1765, 1818, 1914, 1915, 1959, 2025|166, 276, 414, 519, 700, 758, 793, 865, 932, 943, 1379, 1457, 1855, 1899, 1961|36, 235, 535, 854, 922, 1067, 1163, 1321, 1899, 1942, 1959, 2025, 2102, 2202, 2284|4, 224, 704, 1240, 1310, 1373, 1432, 1474, 1638, 2102, 2152, 2173, 2202, 2285, 2349|598, 1078, 1106, 1185, 1210, 1341, 1365, 1982, 2202, 2295, 2369, 2391, 2464, 2539, 2608|95, 926, 1029, 1185, 1311, 1316, 1363, 1843, 1943, 2047, 2077, 2173, 2284, 2370, 2453|]
jobshop_swv08-dl-10	2603	180000	false	--	[|0, 8, 81, 130, 154, 235, 303, 326, 395, 469, 514, 518, 577, 602, 672|8, 42, 75, 82, 151, 235, 253, 291, 395, 407, 514, 672, 753, 834, 925|0, 8, 42, 205, 288, 306, 388, 456, 577, 631, 637, 740, 834, 854, 947|0, 41, 456, 547, 599, 629, 630, 925, 977, 1018, 1063, 1106, 1203, 1267, 1338|113, 161, 205, 254, 346, 388, 417, 631, 710, 809, 977, 1063, 1203, 1338, 1414|161, 346, 417, 459, 552, 632, 686, 780, 860, 991, 1030, 1267, 1362, 1374, 1482|326, 686, 761, 770, 816, 907, 1000, 1106, 1183, 1401, 1451, 1533, 1607, 1674, 1746|416, 471, 561, 630, 761, 836, 859, 1030, 1084, 1272, 1374, 1441, 1456, 1504, 1604|28, 306, 561, 601, 690, 859, 918, 1056, 1183, 1304, 1375, 1403, 1546, 1628, 1629|99, 288, 334, 384, 552, 601, 695, 698, 758, 1124, 1246, 1247, 1362, 1384, 1746|0, 217, 471, 770, 1000, 1095, 1127, 1217, 1265, 1533, 1674, 1758, 1835, 1881, 1946|41, 1093, 1190, 1267, 1349, 1363, 1381, 1504, 1556, 1631, 1835, 1870, 1946, 2030, 2036|632, 698, 907, 964, 1190, 1227, 1349, 1819, 1891, 2040, 2081, 2088, 2144, 2250, 2323|0, 94, 471, 867, 935, 996, 1030, 1181, 1238, 1334, 1724, 1809, 1881, 1974, 2081|388, 836, 996, 1047, 1051, 1227, 1321, 1384, 1441, 1497, 1570, 1758, 1796, 1851, 1941|437, 527, 784, 871, 889, 964, 1047, 1115, 1891, 1986, 2088, 2182, 2250, 2272, 2300|130, 505, 528, 629, 694, 1095, 1192, 1285, 1429, 1451, 1556, 1986, 2047, 2149, 2300|81, 210, 230, 519, 545, 871, 1087, 1607, 1809, 1847, 1941, 2049, 2152, 2193, 2224|572, 1032, 1192, 1267, 1295, 1394, 1435, 1643, 1703, 2117, 2144, 2247, 2290, 2402, 2491|1056, 1155, 1201, 1226, 1267, 1426, 1434, 1705, 2142, 2224, 2323, 2402, 2489, 2560, 2584|]
jobshop_swv08-dl-10	2637	180000	false	--	[|0, 8, 81, 130, 154, 235, 303, 326, 395, 469, 514, 518, 577, 602, 672|8, 42, 75, 82, 151, 235, 253, 291, 395, 407, 514, 672, 753, 834, 925|0, 8, 42, 205, 288, 306, 388, 456, 577, 631, 637, 740, 834, 854, 947|0, 41, 456, 547, 599, 629, 630, 925, 977, 1018, 1063, 1106, 1203, 1267, 1338|113, 161, 205, 254, 346, 388, 417, 631, 710, 809, 977, 1063, 1203, 1338, 1414|161, 346, 417, 459, 552, 632, 686, 780, 860, 991, 1030, 1267, 1362, 1374, 1482|326, 686, 761, 770, 816, 907, 1000, 1106, 1183, 1401, 1451, 1533, 1607, 1674, 1746|416, 471, 561, 630, 761, 836, 859, 1030, 1084, 1272, 1374, 1441, 1456, 1504, 1604|28, 306, 561, 601, 690, 859, 918, 1056, 1183, 1304, 1375, 1403, 1546, 1628, 1629|99, 288, 334, 384, 552, 601, 695, 698, 758, 1124, 1246, 1247, 1362, 1384, 1746|0, 217, 471, 770, 1000, 1095, 1127, 1217, 1265, 1533, 1674, 1758, 1835, 1881, 1946|41, 1093, 1190, 1267, 1349, 1363, 1381, 1504, 1556, 1631, 1835, 1870, 1946, 2030, 2036|632, 698, 907, 964, 1190, 1227, 1349, 1796, 1870, 1896, 1937, 1944, 2030, 2128, 2195|0, 94, 471, 867, 935, 996, 1030, 1181, 1238, 1334, 1724, 1809, 2036, 2129, 2218|388, 836, 996, 1047, 1051, 1227, 1321, 1384, 1441, 1497, 1570, 1758, 1868, 1891, 1981|437, 527, 784, 871, 889, 964, 1047, 1115, 1891, 1986, 2129, 2223, 2291, 2313, 2341|130, 505, 528, 629, 694, 1095, 1192, 1285, 1429, 1451, 1556, 1986, 2020, 2032, 2130|81, 210, 230, 519, 545, 871, 1087, 1607, 1809, 1847, 1981, 2130, 2313, 2354, 2360|572, 1032, 1192, 1267, 1295, 1394, 1583, 1643, 1727, 2117, 2218, 2277, 2360, 2436, 2525|1046, 1155, 1201, 1231, 1302, 1426, 1458, 1663, 2142, 2242, 2354, 2436, 2523, 2594, 2618|]
jobshop_swv08-dl-13	2637	180000	false	--	[|0, 8, 81, 130, 154, 235, 303, 326, 395, 469, 514, 518, 577, 602, 672|8, 42, 75, 82, 151, 235, 253, 291, 395, 407, 514, 672, 753, 834, 925|0, 8, 42, 205, 288, 306, 388, 456, 577, 631, 637, 740, 834, 854, 947|0, 41, 456, 547, 599, 629, 630, 925, 977, 1018, 1063, 1106, 1203, 1267, 1338|113, 161, 205, 254, 346, 388, 417, 631, 710, 809, 977, 1063, 1203, 1338, 1414|161, 346, 417, 459, 552, 632, 686, 780, 860, 991, 1030, 1267, 1362, 1374, 1482|326, 686, 761, 770, 816, 907, 1000, 1106, 1183, 1401, 1451, 1533, 1607, 1674, 1746|416, 471, 561, 630, 761, 836, 859, 1030, 1084, 1272, 1374, 1441, 1456, 1504, 1604|28, 306, 561, 601, 690, 859, 918, 1056, 1183, 1304, 1375, 1403, 1546, 1628, 1629|99, 288, 334, 384, 552, 601, 695, 698, 758, 1124, 1246, 1247, 1362, 1384, 1746|0, 217, 471, 770, 1000, 1095, 1127, 1217, 1265, 1533, 1674, 1758, 1835, 1881, 1946|41, 1093, 1190, 1267, 1349, 1363, 1381, 1504, 1556, 1631, 1835, 1872, 1946, 2030, 2036|632, 698, 907, 964, 1190, 1227, 1349, 1796, 1870, 1896, 1937, 1944, 2030, 2128, 2195|0, 94, 471, 867, 935, 996, 1030, 1181, 1238, 1334, 1724, 1809, 2036, 2129, 2218|388, 836, 996, 1047, 1051, 1227, 1321, 1384, 1441, 1497, 1570, 1758, 1868, 1891, 1981|437, 527, 784, 871, 889, 964, 1047, 1115, 1891, 1986, 2129, 2223, 2291, 2313, 2341|130, 505, 528, 656, 694, 1095, 1192, 1285, 1429, 1451, 1556, 1986, 2020, 2032, 2130|81, 210, 230, 519, 545, 871, 1087, 1607, 1809, 1847, 1981, 2130, 2313, 2354, 2360|572, 1127, 1192, 1267, 1295, 1394, 1435, 1643, 1703, 2117, 2218, 2277, 2360, 2436, 2525|1044, 1155, 1201, 1245, 1359, 1620, 1639, 1705, 2142, 2248, 2356, 2436, 2523, 2594, 2618|]
jobshop_swv08-dl-13	2637	180000	false	--	[|0, 8, 81, 130, 154, 235, 303, 326, 395, 469, 514, 518, 577, 602, 672|8, 42, 75, 82, 151, 235, 253, 291, 395, 407, 514, 672, 753, 834, 925|0, 8, 42, 205, 288, 306, 388, 456, 577, 631, 637, 740, 834, 854, 947|0, 41, 456, 547, 599, 629, 630, 925, 977, 1018, 1063, 1106, 1203, 1267, 1338|113, 161, 205, 254, 346, 388, 417, 631, 710, 809, 977, 1063, 1203, 1338, 1414|161, 346, 417, 459, 552, 632, 686, 780, 860, 991, 1030, 1267, 1362, 1374, 1482|326, 686, 761, 770, 816, 907, 1000, 1106, 1183, 1401, 1451, 1533, 1607, 1674, 1746|416, 471, 561, 630, 761, 836, 859, 1030, 1084, 1272, 1374, 1441, 1456, 1504, 1604|28, 306, 561, 601, 690, 859, 918, 1056, 1183, 1304, 1375, 1403, 1546, 1628, 1629|99, 288, 334, 384, 552, 601, 695, 698, 758, 1124, 1246, 1247, 1362, 1384, 1746|0, 217, 471, 770, 1000, 1095, 1127, 1217, 1265, 1533, 1674, 1758, 1835, 1881, 1946|41, 1093, 1190, 1267, 1349, 1363, 1381, 1504, 1556, 1631, 1835, 1870, 1946, 2030, 2036|632, 698, 907, 964, 1190, 1227, 1349, 1796, 1870, 1896, 1937, 1944, 2030, 2128, 2195|0, 94, 471, 867, 935, 996, 1030, 1181, 1238, 1334, 1724, 1809, 2036, 2129, 2218|388, 836, 996, 1047, 1051, 1227, 1321, 1384, 1441, 1497, 1570, 1758, 1868, 1891, 1981|437, 527, 784, 871, 889, 964, 1047, 1115, 1891, 1986, 2129, 2223, 2291, 2313, 2341|130, 505, 528, 629, 694, 1095, 1192, 1285, 1429, 1451, 1556, 1986, 2020, 2032, 2130|81, 210, 230, 519, 545, 871, 1087, 1607, 1809, 1847, 1981, 2130, 2313, 2354, 2360|572, 1032, 1192, 1267, 1295, 1394, 1435, 1643, 1708, 2117, 2218, 2277, 2360, 2436, 2525|1080, 1155, 1201, 1234, 1365, 1465, 1657, 1767, 2143, 2242, 2356, 2436, 2523, 2594, 2618|]
jobshop_swv08-dl-16	2637	180000	false	--	[|0, 8, 81, 130, 154, 235, 303, 326, 395, 469, 514, 518, 577, 602, 672|8, 42, 75, 82, 151, 235, 253, 291, 395, 407, 514, 672, 753, 834, 925|0, 8, 42, 205, 288, 306, 388, 456, 577, 631, 637, 740, 834, 854, 947|0, 41, 456, 547, 599, 629, 630, 925, 977, 1018, 1063, 1106, 1203, 1267, 1338|113, 161, 205, 254, 346, 388, 417, 631, 710, 809, 977, 1063, 1203, 1338, 1414|161, 346, 417, 459, 552, 632, 686, 780, 860, 991, 1030, 1267, 1362, 1374, 1482|326, 686, 761, 770, 816, 907, 1000, 1106, 1183, 1401, 1451, 1533, 1607, 1674, 1746|416, 471, 561, 630, 761, 836, 859, 1030, 1084, 1272, 1374, 1441, 1456, 1504, 1604|28, 306, 561, 601, 690, 859, 918, 1056, 1183, 1304, 1375, 1403, 1546, 1628, 1629|99, 288, 334, 384, 552, 601, 695, 698, 758, 1124, 1246, 1247, 1362, 1384, 1746|0, 217, 471, 770, 1000, 1095, 1127, 1217, 1265, 1533, 1674, 1758, 1835, 1881, 1946|41, 1093, 1190, 1267, 1349, 1363, 1381, 1504, 1556, 1631, 1835, 1870, 1946, 2030, 2036|632, 698, 907, 964, 1190, 1227, 1349, 1796, 1870, 1896, 1937, 1944, 2030, 2128, 2195|0, 94, 471, 867, 935, 996, 1030, 1181, 1238, 1334, 1724, 1809, 2036, 2129, 2218|388, 836, 996, 1047, 1051, 1227, 1321, 1384, 1441, 1497, 1570, 1758, 1868, 1891, 1981|437, 527, 784, 871, 889, 964, 1047, 1115, 1891, 1986, 2129, 2223, 2291, 2313, 2341|130, 505, 528, 629, 694, 1095, 1192, 1285, 1429, 1451, 1556, 1986, 2020, 2032, 2130|81, 210, 230, 519, 545, 871, 1087, 1607, 1809, 1847, 1981, 2130, 2313, 2354, 2360|572, 1032, 1192, 1267, 1295, 1394, 1435, 1643, 1837, 2117, 2218, 2277, 2360, 2436, 2525|1044, 1155, 1201, 1228, 1285, 1441, 1636, 1771, 2142, 2242, 2354, 2436, 2523, 2594, 2618|]
jobshop_swv08-dl-16	2637	180000	false	--	[|0, 8, 81, 130, 154, 235, 303, 326, 395, 469, 514, 518, 577, 602, 672|8, 42, 75, 82, 151, 235, 253, 291, 395, 407, 514, 672, 753, 834, 925|0, 8, 42, 205, 288, 306, 388, 456, 577, 631, 637, 740, 834, 854, 947|0, 41, 456, 547, 599, 629, 630, 925, 977, 1018, 1063, 1106, 1203, 1267, 1338|113, 161, 205, 254, 346, 388, 417, 631, 710, 809, 977, 1063, 1203, 1338, 1414|161, 346, 417, 459, 552, 632, 686, 780, 860, 991, 1030, 1267, 1362, 1374, 1482|326, 686, 761, 770, 816, 907, 1000, 1106, 1183, 1401, 1451, 1533, 1607, 1674, 1746|416, 471, 561, 630, 761, 836, 859, 1030, 1084, 1272, 1374, 1441, 1456, 1504, 1604|28, 306, 561, 601, 690, 859, 918, 1056, 1183, 1304, 1375, 1403, 1546, 1628, 1629|99, 288, 334, 384, 552, 601, 695, 698, 758, 1124, 1246, 1247, 1362, 1384, 1746|0, 217, 471, 770, 1000, 1095, 1127, 1217, 1265, 1533, 1674, 1758, 1835, 1881, 1946|41, 1093, 1190, 1267, 1349, 1363, 1381, 1504, 1556, 1631, 1835, 1870, 1946, 2030, 2036|632, 698, 907, 964, 1190, 1227, 1349, 1796, 1870, 1896, 1937, 1944, 2030, 2128, 2195|0, 94, 471, 867, 935, 996, 1030, 1181, 1238, 1334, 1724, 1809, 2036, 2129, 2218|388, 836, 996, 1047, 1051, 1227, 1321, 1384, 1441, 1497, 1570, 1758, 1868, 1891, 1981|437, 527, 784, 871, 889, 964, 1047, 1115, 1891, 1986, 2129, 2223, 2291, 2313, 2341|130, 505, 528, 629, 694, 1095, 1192, 1285, 1429, 1451, 1556, 1986, 2020, 2032, 2130|81, 210, 230, 519, 545, 871, 1087, 1607, 1809, 1847, 1981, 2130, 2313, 2354, 2360|572, 1129, 1192, 1267, 1295, 1394, 1435, 1643, 1703, 2117, 2218, 2277, 2360, 2436, 2525|1082, 1155, 1201, 1226, 1353, 1426, 1464, 1705, 2142, 2242, 2354, 2436, 2523, 2594, 2618|]
jobshop_swv09-dl-10	2610	180000	false	--	[|0, 8, 81, 150, 188, 194, 256, 334, 413, 472, 549, 571, 651, 709, 758|81, 115, 188, 257, 262, 334, 416, 510, 571, 665, 694, 699, 806, 821, 882|0, 52, 150, 194, 211, 257, 343, 346, 416, 450, 473, 549, 625, 709, 821|0, 50, 115, 175, 416, 513, 592, 684, 780, 832, 907, 981, 1040, 1115, 1199|82, 262, 323, 370, 510, 592, 613, 665, 678, 758, 841, 943, 981, 1115, 1185|0, 48, 257, 323, 559, 561, 619, 694, 882, 948, 960, 996, 1000, 1199, 1298|139, 228, 253, 346, 433, 513, 557, 749, 960, 1046, 1120, 1263, 1322, 1416, 1474|70, 257, 415, 613, 682, 726, 819, 1120, 1200, 1263, 1322, 1325, 1404, 1443, 1523|52, 121, 509, 682, 701, 787, 803, 834, 1200, 1325, 1344, 1387, 1490, 1527, 1562|323, 398, 911, 952, 1012, 1071, 1113, 1173, 1263, 1294, 1562, 1616, 1676, 1696, 1757|408, 561, 581, 701, 779, 781, 802, 865, 944, 1046, 1269, 1416, 1616, 1713, 1754|0, 97, 643, 779, 857, 871, 880, 931, 1000, 1387, 1487, 1552, 1595, 1605, 1619|98, 398, 476, 952, 1027, 1113, 1194, 1339, 1523, 1577, 1614, 1621, 1659, 1684, 1762|475, 619, 851, 880, 922, 1027, 1194, 1439, 1621, 1762, 1776, 1868, 1968, 2017, 2063|519, 591, 644, 877, 1100, 1283, 1370, 1383, 1454, 1500, 1706, 1868, 1968, 2044, 2075|591, 787, 942, 975, 1011, 1017, 1113, 1571, 1870, 1949, 2063, 2102, 2136, 2190, 2210|148, 411, 525, 727, 819, 871, 1159, 1479, 1676, 1754, 1761, 2190, 2285, 2347, 2401|433, 644, 696, 1193, 1290, 1377, 1464, 1475, 1852, 1949, 2102, 2145, 2184, 2218, 2248|121, 230, 657, 834, 1290, 1383, 1475, 1638, 1713, 1795, 1891, 1918, 2065, 2141, 2203|160, 167, 931, 1044, 1353, 1396, 1494, 1659, 1726, 1781, 1873, 2262, 2401, 2435, 2514|]
jobshop_swv09-dl-10	2610	180000	false	--	[|0, 8, 81, 150, 188, 194, 256, 334, 413, 472, 549, 571, 651, 709, 758|81, 115, 188, 257, 262, 334, 416, 510, 571, 665, 694, 699, 806, 821, 882|0, 52, 150, 194, 211, 257, 343, 346, 416, 450, 473, 549, 625, 709, 821|0, 50, 115, 175, 416, 513, 592, 684, 780, 832, 907, 981, 1040, 1115, 1199|82, 262, 323, 370, 510, 592, 613, 665, 678, 758, 841, 943, 981, 1115, 1185|0, 48, 257, 323, 559, 561, 619, 694, 882, 948, 960, 996, 1000, 1199, 1298|139, 228, 253, 346, 433, 513, 557, 749, 960, 1046, 1120, 1263, 1322, 1416, 1474|70, 257, 415, 613, 682, 726, 819, 1120, 1200, 1263, 1322, 1325, 1404, 1443, 1523|52, 121, 509, 682, 701, 787, 803, 834, 1200, 1325, 1344, 1387, 1490, 1527, 1562|323, 398, 911, 952, 1012, 1071, 1113, 1173, 1263, 1294, 1562, 1616, 1676, 1696, 1757|408, 561, 581, 701, 779, 781, 802, 865, 944, 1046, 1269, 1416, 1616, 1713, 1754|0, 97, 643, 779, 857, 871, 880, 931, 1000, 1387, 1487, 1552, 1595, 1605, 1619|98, 398, 476, 952, 1027, 1113, 1194, 1339, 1523, 1577, 1614, 1621, 1659, 1684, 1762|475, 619, 851, 880, 922, 1027, 1194, 1439, 1621, 1762, 1776, 1868, 1968, 2017, 2063|519, 591, 644, 877, 1100, 1283, 1370, 1383, 1454, 1500, 1706, 1868, 1968, 2044, 2075|591, 787, 942, 975, 1011, 1017, 1113, 1571, 1870, 1949, 2063, 2102, 2136, 2190, 2210|148, 411, 525, 727, 819, 871, 1159, 1479, 1676, 1754, 1761, 2190, 2285, 2347, 2401|433, 644, 696, 1193, 1290, 1377, 1464, 1475, 1852, 1949, 2102, 2145, 2184, 2218, 2248|121, 230, 657, 834, 1290, 1386, 1475, 1638, 1713, 1795, 1891, 1918, 2065, 2141, 2203|160, 167, 931, 1297, 1353, 1396, 1573, 1659, 1726, 1784, 1868, 2262, 2401, 2435, 2514|]
jobshop_swv09-dl-13	2610	180000	false	--	[|0, 8, 81, 150, 188, 194, 256, 334, 413, 472, 549, 571, 651, 709, 758|81, 115, 188, 257, 262, 334, 416, 510, 571, 665, 694, 699, 806, 821, 882|0, 52, 150, 194, 211, 257, 343, 346, 416, 450, 473, 549, 625, 709, 821|0, 50, 115, 175, 416, 513, 592, 684, 780, 832, 907, 981, 1040, 1115, 1199|82, 262, 323, 370, 510, 592, 613, 665, 678, 758, 841, 943, 981, 1115, 1185|0, 48, 257, 323, 559, 561, 619, 694, 882, 948, 960, 996, 1000, 1199, 1298|139, 228, 253, 346, 433, 513, 557, 749, 960, 1046, 1120, 1263, 1322, 1416, 1474|70, 257, 415, 613, 682, 726, 819, 1120, 1200, 1263, 1322, 1325, 1404, 1443, 1523|52, 121, 509, 682, 701, 787, 803, 834, 1200, 1325, 1344, 1387, 1490, 1527, 1562|323, 398, 911, 952, 1012, 1071, 1113, 1173, 1263, 1294, 1562, 1616, 1676, 1696, 1757|408, 561, 581, 701, 779, 781, 802, 865, 944, 1046, 1269, 1416, 1616, 1713, 1754|0, 97, 643, 779, 857, 871, 880, 931, 1000, 1387, 1487, 1552, 1595, 1605, 1619|98, 398, 476, 952, 1027, 1113, 1194, 1339, 1523, 1577, 1614, 1621, 1659, 1684, 1762|475, 619, 851, 880, 922, 1027, 1194, 1439, 1621, 1762, 1776, 1868, 1968, 2017, 2063|519, 591, 644, 877, 1100, 1283, 1370, 1383, 1454, 1500, 1706, 1868, 1968, 2044, 2075|591, 787, 942, 975, 1011, 1017, 1113, 1571, 1870, 1949, 2063, 2102, 2136, 2190, 2210|148, 411, 525, 727, 819, 871, 1159, 1479, 1676, 1754, 1761, 2190, 2285, 2347, 2401|433, 644, 696, 1193, 1290, 1377, 1464, 1475, 1852, 1949, 2102, 2145, 2184, 2218, 2248|136, 230, 657, 834, 1290, 1383, 1475, 1638, 1713, 1795, 1891, 1918, 2065, 2141, 2203|121, 144, 931, 1070, 1353, 1396, 1492, 1659, 1726, 1779, 1791, 2307, 2401, 2435, 2514|]
jobshop_swv09-dl-13	2610	180000	false	--	[|0, 8, 81, 150, 188, 194, 256, 334, 413, 472, 549, 571, 651, 709, 758|81, 115, 188, 257, 262, 334, 416, 510, 571, 665, 694, 699, 806, 821, 882|0, 52, 150, 194, 211, 257, 343, 346, 416, 450, 473, 549, 625, 709, 821|0, 50, 115, 175, 416, 513, 592, 684, 780, 832, 907, 981, 1040, 1115, 1199|82, 262, 323, 370, 510, 592, 613, 665, 678, 758, 841, 943, 981, 1115, 1185|0, 48, 257, 323, 559, 561, 619, 694, 882, 948, 960, 996, 1000, 1199, 1298|139, 228, 253, 346, 433, 513, 557, 749, 960, 1046, 1120, 1263, 1322, 1416, 1474|70, 257, 415, 613, 682, 726, 819, 1120, 1200, 1263, 1322, 1325, 1404, 1443, 1523|52, 121, 509, 682, 701, 787, 803, 834, 1200, 1325, 1344, 1387, 1490, 1527, 1562|323, 398, 911, 952, 1012, 1071, 1113, 1173, 1263, 1294, 1562, 1616, 1676, 1696, 1757|408, 561, 581, 701, 779, 781, 802, 865, 944, 1046, 1269, 1416, 1616, 1713, 1754|0, 97, 643, 779, 857, 871, 880, 931, 1000, 1387, 1487, 1552, 1595, 1605, 1619|98, 398, 476, 952, 1027, 1113, 1194, 1339, 1523, 1577, 1614, 1621, 1659, 1684, 1762|475, 619, 851, 880, 922, 1027, 1194, 1439, 1621, 1762, 1776, 1868, 1968, 2017, 2063|519, 591, 644, 877, 1100, 1283, 1370, 1383, 1454, 1500, 1706, 1868, 1968, 2044, 2075|591, 787, 942, 975, 1011, 1017, 1113, 1571, 1870, 1949, 2063, 2102, 2136, 2190, 2210|148, 411, 525, 727, 819, 871, 1159, 1479, 1676, 1754, 1761, 2190, 2285, 2347, 2401|433, 644, 696, 1193, 1290, 1377, 1464, 1475, 1852, 1949, 2102, 2145, 2184, 2218, 2248|121, 230, 657, 834, 1290, 1383, 1475, 1638, 1713, 1795, 1891, 1918, 2065, 2141, 2209|160, 167, 931, 1057, 1353, 1397, 1514, 1659, 1726, 1776, 1832, 2262, 2401, 2435, 2514|]
jobshop_swv09-dl-16	2610	180000	false	--	[|0, 8, 81, 150, 188, 194, 256, 334, 413, 472, 549, 571, 651, 709, 758|81, 115, 188, 257, 262, 334, 416, 510, 571, 665, 694, 699, 806, 821, 882|0, 52, 150, 194, 211, 257, 343, 346, 416, 450, 473, 549, 625, 709, 821|0, 50, 115, 175, 416, 513, 592, 684, 780, 832, 907, 981, 1040, 1115, 1199|82, 262, 323, 370, 510, 592, 613, 665, 678, 758, 841, 943, 981, 1115, 1185|0, 48, 257, 323, 559, 561, 619, 694, 882, 948, 960, 996, 1000, 1199, 1298|139, 228, 253, 346, 433, 513, 557, 749, 960, 1046, 1120, 1263, 1322, 1416, 1474|70, 257, 415, 613, 682, 726, 819, 1120, 1200, 1263, 1322, 1325, 1404, 1443, 1523|52, 121, 509, 682, 701, 787, 803, 834, 1200, 1325, 1344, 1387, 1490, 1527, 1562|323, 398, 911, 952, 1012, 1071, 1113, 1173, 1263, 1294, 1562, 1616, 1676, 1696, 1757|408, 561, 581, 701, 779, 781, 802, 865, 944, 1046, 1269, 1416, 1616, 1713, 1754|0, 97, 643, 779, 857, 871, 880, 931, 1000, 1387, 1487, 1552, 1595, 1605, 1619|98, 398, 476, 952, 1027, 1113, 1194, 1339, 1523, 1577, 1614, 1621, 1659, 1684, 1762|475, 619, 851, 880, 922, 1027, 1194, 1439, 1621, 1762, 1776, 1868, 1968, 2017, 2063|519, 591, 644, 877, 1100, 1283, 1370, 1383, 1454, 1500, 1706, 1868, 1968, 2044, 2075|591, 787, 942, 975, 1011, 1017, 1113, 1571, 1870, 1949, 2063, 2102, 2136, 2190, 2210|148, 411, 525, 727, 819, 871, 1159, 1479, 1676, 1754, 1761, 2190, 2285, 2347, 2401|433, 644, 696, 1193, 1290, 1377, 1464, 1475, 1852, 1949, 2102, 2145, 2184, 2218, 2248|121, 230, 657, 834, 1290, 1383, 1475, 1638, 1713, 1795, 1891, 1918, 2065, 2141, 2203|161, 168, 931, 1150, 1353, 1396, 1492, 1659, 1726, 1779, 1839, 2262, 2401, 2435, 2514|]
jobshop_swv09-dl-16	2610	180000	false	--	[|0, 8, 81, 150, 188, 194, 256, 334, 413, 472, 549, 571, 651, 709, 758|81, 115, 188, 257, 262, 334, 416, 510, 571, 665, 694, 699, 806, 821, 882|0, 52, 150, 194, 211, 257, 343, 346, 416, 450, 473, 549, 625, 709, 821|0, 50, 115, 175, 416, 513, 592, 684, 780, 832, 907, 981, 1040, 1115, 1199|82, 262, 323, 370, 510, 592, 613, 665, 678, 758, 841, 943, 981, 1115, 1185|0, 48, 257, 323, 559, 561, 619, 694, 882, 948, 960, 996, 1000, 1199, 1298|139, 228, 253, 346, 433, 513, 557, 749, 960, 1046, 1120, 1263, 1322, 1416, 1474|70, 257, 415, 613, 682, 726, 819, 1120, 1200, 1263, 1322, 1325, 1404, 1443, 1523|52, 121, 509, 682, 701, 787, 803, 834, 1200, 1325, 1344, 1387, 1490, 1527, 1562|323, 398, 911, 952, 1012, 1071, 1113, 1173, 1263, 1294, 1562, 1616, 1676, 1696, 1757|408, 561, 581, 701, 779, 781, 802, 865, 944, 1046, 1269, 1416, 1616, 1713, 1754|0, 97, 643, 779, 857, 871, 880, 931, 1000, 1387, 1487, 1552, 1595, 1605, 1619|98, 398, 476, 952, 1027, 1113, 1194, 1339, 1523, 1577, 1614, 1621, 1659, 1684, 1762|475, 619, 851, 880, 922, 1027, 1194, 1439, 1621, 1762, 1776, 1868, 1968, 2017, 2063|519, 591, 644, 877, 1100, 1283, 1370, 1383, 1454, 1500, 1706, 1868, 1968, 2044, 2075|591, 787, 942, 975, 1011, 1017, 1113, 1571, 1870, 1949, 2063, 2102, 2136, 2190, 2210|148, 411, 525, 727, 819, 871, 1256, 1479, 1676, 1754, 1761, 2190, 2285, 2347, 2401|433, 644, 696, 1159, 1256, 1370, 1457, 1474, 1852, 1949, 2102, 2145, 2184, 2218, 2248|121, 230, 657, 834, 1290, 1384, 1468, 1638, 1713, 1795, 1891, 1918, 2065, 2141, 2203|209, 355, 931, 1199, 1357, 1400, 1583, 1659, 1727, 1776, 1882, 2262, 2401, 2435, 2514|]
jobshop_swv10-dl-10	2539	180000	false	--	[|0, 8, 81, 160, 255, 324, 333, 338, 423, 475, 518, 550, 641, 665, 754|0, 160, 230, 314, 338, 356, 376, 447, 468, 528, 665, 754, 806, 840, 863|45, 61, 230, 315, 356, 447, 545, 735, 812, 872, 945, 1011, 1095, 1111, 1154|0, 315, 338, 406, 545, 639, 737, 812, 900, 1011, 1071, 1132, 1140, 1228, 1276|61, 139, 163, 376, 495, 516, 606, 658, 690, 773, 900, 929, 977, 1071, 1228|0, 139, 191, 205, 449, 585, 660, 773, 840, 912, 1114, 1159, 1341, 1372, 1433|129, 332, 396, 488, 658, 751, 765, 872, 1159, 1203, 1234, 1276, 1348, 1395, 1460|72, 360, 488, 751, 830, 849, 902, 941, 1242, 1290, 1395, 1444, 1536, 1558, 1599|124, 170, 255, 289, 516, 613, 708, 781, 842, 1290, 1363, 1536, 1621, 1696, 1738|0, 419, 531, 664, 737, 816, 818, 1203, 1323, 1456, 1500, 1505, 1696, 1738, 1794|81, 205, 324, 406, 781, 863, 941, 977, 996, 1291, 1372, 1500, 1585, 1621, 1683|8, 342, 608, 621, 849, 923, 960, 1095, 1250, 1327, 1494, 1683, 1764, 1782, 1841|94, 960, 1035, 1080, 1121, 1218, 1283, 1375, 1585, 1629, 1669, 1835, 1926, 1992, 2045|1035, 1118, 1170, 1254, 1320, 1323, 1375, 1446, 1555, 1926, 1989, 2039, 2082, 2085, 2120|333, 621, 863, 922, 1003, 1087, 1320, 1487, 1782, 1989, 2085, 2148, 2237, 2252, 2316|0, 647, 793, 974, 1411, 1482, 1570, 1639, 1683, 2042, 2094, 2128, 2202, 2281, 2291|38, 375, 625, 923, 1118, 1175, 1254, 1386, 1683, 1841, 1862, 2039, 2099, 2202, 2216|765, 1003, 1170, 1211, 1251, 1323, 1482, 1501, 1703, 1794, 1892, 2127, 2291, 2367, 2427|860, 948, 1186, 1446, 1570, 1580, 1639, 1691, 1892, 1941, 2099, 2237, 2260, 2267, 2281|189, 921, 1235, 1334, 1447, 1501, 1584, 1629, 1769, 1938, 2210, 2316, 2411, 2439, 2517|]
jobshop_swv10-dl-10	2539	180000	false	--	[|0, 8, 81, 160, 255, 324, 333, 338, 423, 475, 518, 550, 641, 665, 754|0, 160, 230, 314, 338, 356, 376, 447, 468, 528, 665, 754, 806, 840, 863|45, 61, 230, 315, 356, 447, 545, 735, 812, 872, 945, 1011, 1095, 1111, 1154|0, 315, 338, 406, 545, 639, 737, 812, 900, 1011, 1071, 1132, 1140, 1228, 1276|61, 139, 163, 376, 495, 516, 606, 658, 690, 773, 900, 929, 977, 1071, 1228|0, 139, 191, 205, 449, 585, 660, 773, 840, 912, 1114, 1159, 1341, 1372, 1433|129, 332, 396, 488, 658, 751, 765, 872, 1159, 1203, 1234, 1276, 1348, 1395, 1460|72, 360, 488, 751, 830, 849, 902, 941, 1242, 1290, 1395, 1444, 1536, 1558, 1599|124, 170, 255, 289, 516, 613, 708, 781, 842, 1290, 1363, 1536, 1621, 1696, 1738|0, 419, 531, 664, 737, 816, 818, 1203, 1323, 1456, 1500, 1505, 1696, 1738, 1794|81, 205, 324, 406, 781, 863, 941, 977, 996, 1291, 1372, 1500, 1585, 1621, 1683|8, 342, 608, 621, 849, 923, 960, 1095, 1250, 1327, 1494, 1683, 1764, 1782, 1841|94, 960, 1035, 1080, 1121, 1218, 1283, 1375, 1585, 1629, 1669, 1835, 1926, 1992, 2045|1035, 1118, 1170, 1254, 1320, 1323, 1375, 1446, 1555, 1926, 1989, 2039, 2082, 2085, 2120|333, 621, 863, 922, 1003, 1087, 1320, 1487, 1782, 1989, 2085, 2148, 2237, 2252, 2316|0, 647, 793, 974, 1411, 1482, 1570, 1639, 1683, 2042, 2094, 2128, 2202, 2281, 2291|38, 375, 625, 923, 1118, 1175, 1254, 1386, 1683, 1841, 1862, 2039, 2099, 2202, 2216|765, 1003, 1170, 1211, 1251, 1323, 1482, 1501, 1703, 1794, 1892, 2127, 2291, 2367, 2427|860, 948, 1175, 1446, 1570, 1580, 1639, 1691, 1892, 1941, 2099, 2237, 2260, 2267, 2281|163, 954, 1210, 1328, 1473, 1501, 1590, 1629, 1773, 1879, 2210, 2316, 2411, 2439, 2517|]
jobshop_swv10-dl-13	2539	180000	false	--	[|0, 8, 81, 160, 255, 324, 333, 338, 423, 475, 518, 550, 641, 665, 754|0, 160, 230, 314, 338, 356, 376, 447, 468, 528, 665, 754, 806, 840, 863|45, 61, 230, 315, 356, 447, 545, 735, 812, 872, 945, 1011, 1095, 1111, 1154|0, 315, 338, 406, 545, 639, 737, 812, 900, 1011, 1071, 1132, 1140, 1228, 1276|61, 139, 163, 376, 495, 516, 606, 658, 690, 773, 900, 929, 977, 1071, 1228|0, 139, 191, 205, 449, 585, 660, 773, 840, 912, 1114, 1159, 1341, 1372, 1433|129, 332, 396, 488, 658, 751, 765, 872, 1159, 1203, 1234, 1276, 1348, 1395, 1460|72, 360, 488, 751, 830, 849, 902, 941, 1242, 1290, 1395, 1444, 1536, 1558, 1599|124, 170, 255, 289, 516, 613, 708, 781, 842, 1290, 1363, 1536, 1621, 1696, 1738|0, 419, 531, 664, 737, 816, 818, 1203, 1323, 1456, 1500, 1505, 1696, 1738, 1794|81, 205, 324, 406, 781, 863, 941, 977, 996, 1291, 1372, 1500, 1585, 1621, 1683|8, 342, 608, 621, 849, 923, 960, 1095, 1250, 1327, 1494, 1683, 1764, 1782, 1841|94, 960, 1035, 1080, 1121, 1218, 1283, 1375, 1585, 1629, 1669, 1835, 1926, 1992, 2045|1035, 1118, 1170, 1254, 1320, 1323, 1375, 1446, 1555, 1926, 1989, 2039, 2082, 2085, 2120|333, 621, 863, 922, 1003, 1087, 1320, 1487, 1782, 1989, 2085, 2148, 2237, 2252, 2316|0, 647, 793, 974, 1411, 1482, 1570, 1639, 1683, 2042, 2094, 2128, 2202, 2281, 2291|38, 375, 625, 923, 1118, 1175, 1254, 1386, 1683, 1841, 1862, 2039, 2099, 2202, 2216|765, 1003, 1170, 1211, 1251, 1323, 1482, 1501, 1703, 1794, 1892, 2127, 2291, 2367, 2427|860, 948, 1175, 1446, 1570, 1580, 1639, 1691, 1892, 1941, 2099, 2237, 2260, 2267, 2281|163, 921, 1214, 1328, 1428, 1509, 1597, 1631, 1769, 2060, 2210, 2316, 2411, 2439, 2517|]
jobshop_swv10-dl-13	2539	180000	false	--	[|0, 8, 81, 160, 255, 324, 333, 338, 423, 475, 518, 550, 641, 665, 754|0, 160, 230, 314, 338, 356, 376, 447, 468, 528, 665, 754, 806, 840, 863|45, 61, 230, 315, 356, 447, 545, 735, 812, 872, 945, 1011, 1095, 1111, 1154|0, 315, 338, 406, 545, 639, 737, 812, 900, 1011, 1071, 1132, 1140, 1228, 1276|61, 139, 163, 376, 495, 516, 606, 658, 690, 773, 900, 929, 977, 1071, 1228|0, 139, 191, 205, 449, 585, 660, 773, 840, 912, 1114, 1159, 1341, 1372, 1433|129, 332, 396, 488, 658, 751, 765, 872, 1159, 1203, 1234, 1276, 1348, 1395, 1460|72, 360, 488, 751, 830, 849, 902, 941, 1242, 1290, 1395, 1444, 1536, 1558, 1599|124, 170, 255, 289, 516, 613, 708, 781, 842, 1290, 1363, 1536, 1621, 1696, 1738|0, 419, 531, 664, 737, 816, 818, 1203, 1323, 1456, 1500, 1505, 1696, 1738, 1794|81, 205, 324, 406, 781, 863, 941, 977, 996, 1291, 1372, 1500, 1585, 1621, 1683|8, 342, 608, 621, 849, 923, 960, 1095, 1250, 1327, 1494, 1683, 1764, 1782, 1841|94, 960, 1035, 1080, 1121, 1218, 1283, 1375, 1585, 1629, 1669, 1835, 1926, 1992, 2045|1035, 1118, 1170, 1254, 1320, 1323, 1375, 1446, 1555, 1926, 1989, 2039, 2082, 2085, 2120|333, 621, 863, 922, 1003, 1087, 1320, 1487, 1782, 1989, 2085, 2148, 2237, 2252, 2316|0, 647, 793, 974, 1411, 1482, 1570, 1639, 1683, 2042, 2094, 2128, 2202, 2281, 2291|38, 375, 625, 923, 1118, 1175, 1254, 1386, 1683, 1841, 1862, 2039, 2099, 2202, 2216|765, 1003, 1170, 1211, 1251, 1323, 1482, 1501, 1703, 1794, 1892, 2127, 2291, 2367, 2427|860, 948, 1175, 1446, 1570, 1580, 1639, 1691, 1892, 1941, 2099, 2237, 2260, 2267, 2281|163, 921, 1248, 1346, 1452, 1501, 1584, 1629, 1783, 2000, 2210, 2316, 2411, 2439, 2517|]
jobshop_swv10-dl-16	2539	180000	false	--	[|0, 8, 81, 160, 255, 324, 333, 338, 423, 475, 518, 550, 641, 665, 754|0, 160, 230, 314, 338, 356, 376, 447, 468, 528, 665, 754, 806, 840, 863|45, 61, 230, 315, 356, 447, 545, 735, 812, 872, 945, 1011, 1095, 1111, 1154|0, 315, 338, 406, 545, 639, 737, 812, 900, 1011, 1071, 1132, 1140, 1228, 1276|61, 139, 163, 376, 495, 516, 606, 658, 690, 773, 900, 929, 977, 1071, 1228|0, 139, 191, 205, 449, 585, 660, 773, 840, 912, 1114, 1159, 1341, 1372, 1433|129, 332, 396, 488, 658, 751, 765, 872, 1159, 1203, 1234, 1276, 1348, 1395, 1460|72, 360, 488, 751, 830, 849, 902, 941, 1242, 1290, 1395, 1444, 1536, 1558, 1599|124, 170, 255, 289, 516, 613, 708, 781, 842, 1290, 1363, 1536, 1621, 1696, 1738|0, 419, 531, 664, 737, 816, 818, 1203, 1323, 1456, 1500, 1505, 1696, 1738, 1794|81, 205, 324, 406, 781, 863, 941, 977, 996, 1291, 1372, 1500, 1585, 1621, 1683|8, 342, 608, 621, 849, 923, 960, 1095, 1250, 1327, 1494, 1683, 1764, 1782, 1841|94, 960, 1035, 1080, 1121, 1218, 1283, 1375, 1585, 1629, 1669, 1835, 1926, 1992, 2045|1035, 1118, 1170, 1254, 1320, 1323, 1375, 1446, 1555, 1926, 1989, 2039, 2082, 2085, 2120|333, 621, 863, 922, 1003, 1087, 1320, 1487, 1782, 1989, 2085, 2148, 2237, 2252, 2316|0, 647, 793, 974, 1411, 1482, 1570, 1639, 1683, 2042, 2094, 2128, 2202, 2281, 2291|38, 375, 625, 923, 1118, 1175, 1254, 1386, 1683, 1841, 1862, 2039, 2099, 2202, 2216|765, 1003, 1170, 1211, 1251, 1323, 1482, 1501, 1703, 1794, 1892, 2127, 2291, 2367, 2427|860, 948, 1334, 1446, 1570, 1580, 1645, 1697, 1892, 1941, 2099, 2237, 2260, 2270, 2281|163, 970, 1199, 1328, 1419, 1501, 1584, 1629, 1769, 1866, 2210, 2316, 2411, 2439, 2517|]
jobshop_swv10-dl-16	2539	180000	false	--	[|0, 8, 81, 160, 255, 324, 333, 338, 423, 475, 518, 550, 641, 665, 754|0, 160, 230, 314, 338, 356, 376, 447, 468, 528, 665, 754, 806, 840, 863|45, 61, 230, 315, 356, 447, 545, 735, 812, 872, 945, 1011, 1095, 1111, 1154|0, 315, 338, 406, 545, 639, 737, 812, 900, 1011, 1071, 1132, 1140, 1228, 1276|61, 139, 163, 376, 495, 516, 606, 658, 690, 773, 900, 929, 977, 1071, 1228|0, 139, 191, 205, 449, 585, 660, 773, 840, 912, 1114, 1159, 1341, 1372, 1433|129, 332, 396, 488, 658, 751, 765, 872, 1159, 1203, 1234, 1276, 1348, 1395, 1460|72, 360, 488, 751, 830, 849, 902, 941, 1242, 1290, 1395, 1444, 1536, 1558, 1599|124, 170, 255, 289, 516, 613, 708, 781, 842, 1290, 1363, 1536, 1621, 1696, 1738|0, 419, 531, 664, 737, 816, 818, 1203, 1323, 1456, 1500, 1505, 1696, 1738, 1794|81, 205, 324, 406, 781, 863, 941, 977, 996, 1291, 1372, 1500, 1585, 1621, 1683|8, 342, 608, 621, 849, 923, 960, 1095, 1250, 1327, 1494, 1683, 1764, 1782, 1841|94, 960, 1035, 1080, 1121, 1218, 1283, 1375, 1585, 1629, 1669, 1835, 1926, 1992, 2045|1035, 1118, 1170, 1254, 1320, 1323, 1375, 1446, 1555, 1926, 1989, 2039, 2082, 2085, 2120|333, 621, 863, 922, 1003, 1087, 1320, 1487, 1782, 1989, 2085, 2148, 2237, 2252, 2316|0, 647, 793, 974, 1411, 1482, 1570, 1639, 1683, 2042, 2094, 2128, 2202, 2281, 2291|38, 375, 625, 923, 1118, 1175, 1254, 1386, 1683, 1841, 1862, 2039, 2099, 2202, 2216|765, 1003, 1170, 1211, 1251, 1323, 1482, 1501, 1703, 1794, 1892, 2127, 2291, 2367, 2427|860, 948, 1175, 1446, 1570, 1580, 1639, 1691, 1892, 1941, 2099, 2237, 2260, 2267, 2281|171, 927, 1242, 1328, 1421, 1501, 1584, 1629, 1797, 1906, 2210, 2316, 2411, 2439, 2517|]
jobshop_swv11-dl-10	4018	180000	false	--	[|0, 92, 139, 195, 286, 335, 374, 437, 449, 450|92, 286, 386, 461, 553, 643, 654, 739, 793, 893|0, 139, 233, 386, 426, 518, 571, 611, 654, 739|0, 178, 226, 426, 553, 611, 766, 893, 920, 1003|226, 461, 643, 719, 783, 827, 920, 1011, 1042, 1140|0, 309, 539, 719, 737, 761, 1011, 1094, 1140, 1169|324, 352, 405, 518, 639, 812, 912, 946, 1003, 1093|0, 233, 405, 724, 758, 1181, 1228, 1230, 1327, 1354|518, 603, 758, 791, 863, 912, 946, 1230, 1327, 1414|61, 85, 105, 304, 603, 678, 1042, 1320, 1364, 1451|85, 195, 337, 352, 791, 857, 935, 1228, 1257, 1364|827, 906, 910, 971, 1017, 1169, 1408, 1496, 1515, 1565|375, 489, 588, 678, 857, 1496, 1584, 1681, 1730, 1809|4, 678, 737, 906, 1017, 1126, 1257, 1584, 1681, 1831|338, 771, 999, 1065, 1115, 1414, 1462, 1515, 1599, 1687|277, 347, 1007, 1072, 1104, 1193, 1462, 1508, 1687, 1759|391, 565, 882, 1115, 1206, 1550, 1640, 1784, 1882, 1921|44, 133, 910, 971, 1206, 1299, 1331, 1630, 1683, 1921|170, 222, 681, 752, 961, 1819, 1886, 2010, 2078, 2079|783, 863, 1072, 1108, 1156, 1364, 1518, 1759, 1894, 1986|191, 717, 889, 1299, 1373, 1886, 1986, 2078, 2158, 2185|1373, 1444, 1484, 1570, 1593, 1772, 2001, 2195, 2295, 2372|1264, 1347, 1444, 1484, 1593, 1871, 2158, 2218, 2372, 2456|1347, 1570, 1664, 1710, 1770, 2014, 2218, 2456, 2519, 2589|520, 908, 1108, 1471, 1570, 2057, 2185, 2295, 2519, 2546|1415, 1498, 1608, 1692, 1704, 1848, 1963, 2304, 2363, 2400|1199, 1261, 1473, 1528, 1632, 2079, 2139, 2258, 2589, 2666|1478, 1707, 1742, 1795, 1869, 2139, 2173, 2216, 2546, 2633|94, 412, 1261, 1567, 1622, 1640, 1695, 2400, 2454, 2513|49, 1640, 1803, 1886, 1903, 1926, 2319, 2626, 2722, 2800|1712, 1775, 1869, 1939, 2036, 2666, 2737, 2870, 2911, 2984|1421, 1664, 1775, 1886, 1939, 2173, 2363, 2829, 2906, 2923|105, 1014, 1349, 1799, 1926, 2025, 2318, 2454, 2464, 2678|1817, 1994, 2072, 2135, 2198, 2307, 2722, 2729, 2758, 2842|1061, 1167, 1449, 1621, 1728, 2379, 2737, 2911, 2958, 3081|921, 1811, 2072, 2119, 2142, 2204, 2555, 2874, 2958, 3028|665, 1906, 2198, 2227, 2262, 2906, 2984, 3028, 3137, 3222|2119, 2262, 2308, 2382, 2478, 2743, 2895, 3222, 3310, 3314|211, 1710, 1991, 2038, 2063, 2073, 2620, 2842, 2974, 3118|1156, 1903, 2218, 2284, 2289, 2464, 3067, 3164, 3310, 3395|1246, 1308, 2038, 2284, 2478, 2800, 3041, 3137, 3297, 3331|1358, 1954, 2078, 2108, 2307, 3123, 3200, 3395, 3404, 3426|761, 895, 2322, 2407, 2411, 3192, 3397, 3487, 3535, 3625|1408, 2407, 2456, 2526, 2615, 3225, 3297, 3345, 3428, 3487|2142, 2227, 2679, 2752, 2777, 2861, 3344, 3382, 3428, 3454|120, 2123, 2375, 2383, 2502, 3441, 3553, 3555, 3625, 3682|2382, 2615, 2712, 2779, 2820, 3448, 3557, 3682, 3713, 3811|2537, 2910, 2977, 3015, 3092, 3555, 3621, 3728, 3823, 3920|864, 2752, 2820, 2825, 2871, 2923, 3331, 3628, 3823, 3920|2977, 3092, 3201, 3303, 3343, 3513, 3713, 3811, 3880, 3896|]
jobshop_swv11-dl-10	4036	180000	false	--	[|0, 92, 139, 195, 286, 335, 374, 437, 449, 450|92, 286, 386, 461, 553, 643, 654, 739, 793, 893|0, 139, 233, 386, 426, 518, 571, 611, 654, 739|0, 178, 226, 426, 553, 611, 766, 893, 920, 1003|226, 461, 643, 719, 783, 827, 920, 1011, 1042, 1140|0, 309, 539, 719, 737, 761, 1011, 1094, 1140, 1169|324, 352, 405, 518, 639, 812, 912, 946, 1003, 1093|0, 233, 405, 724, 758, 1181, 1228, 1230, 1327, 1354|518, 603, 758, 791, 863, 912, 946, 1230, 1327, 1414|61, 85, 105, 304, 603, 678, 1042, 1320, 1364, 1451|85, 195, 337, 352, 791, 857, 935, 1228, 1257, 1364|827, 906, 910, 971, 1017, 1169, 1408, 1496, 1515, 1565|375, 489, 588, 678, 857, 1496, 1584, 1681, 1730, 1809|4, 678, 737, 906, 1017, 1126, 1257, 1584, 1681, 1831|338, 771, 999, 1065, 1115, 1414, 1462, 1515, 1599, 1687|277, 347, 1007, 1072, 1104, 1193, 1462, 1508, 1687, 1759|391, 565, 882, 1115, 1206, 1550, 1640, 1784, 1882, 1921|44, 133, 910, 971, 1206, 1299, 1331, 1630, 1683, 1921|170, 222, 681, 752, 961, 1819, 1886, 2010, 2078, 2079|783, 863, 1072, 1108, 1156, 1364, 1518, 1759, 1894, 1986|191, 717, 889, 1299, 1373, 1886, 1986, 2078, 2158, 2185|1373, 1444, 1484, 1570, 1593, 1772, 2001, 2195, 2295, 2372|1264, 1347, 1444, 1484, 1593, 1871, 2158, 2218, 2372, 2456|1347, 1570, 1664, 1710, 1770, 2014, 2218, 2456, 2519, 2589|520, 908, 1108, 1471, 1570, 2057, 2185, 2295, 2519, 2546|1415, 1498, 1608, 1692, 1704, 1848, 1963, 2304, 2363, 2400|1199, 1261, 1473, 1528, 1632, 2079, 2139, 2258, 2589, 2666|1478, 1707, 1742, 1795, 1869, 2139, 2173, 2216, 2546, 2633|94, 412, 1261, 1567, 1622, 1640, 1695, 2400, 2454, 2513|49, 1640, 1803, 1886, 1903, 1926, 2319, 2626, 2722, 2800|1712, 1775, 1869, 1939, 2036, 2666, 2737, 2870, 2911, 2984|1421, 1664, 1775, 1886, 1939, 2173, 2363, 2829, 2906, 2923|105, 1014, 1349, 1799, 1926, 2025, 2318, 2454, 2464, 2678|1817, 1994, 2072, 2135, 2198, 2307, 2722, 2729, 2758, 2842|1061, 1167, 1449, 1621, 1728, 2379, 2737, 2911, 2958, 3081|921, 1811, 2072, 2119, 2142, 2204, 2555, 2874, 2958, 3028|665, 1906, 2198, 2227, 2262, 2906, 2984, 3028, 3137, 3222|2119, 2262, 2308, 2382, 2478, 2743, 2895, 3222, 3310, 3314|211, 1710, 1991, 2038, 2063, 2073, 2620, 2842, 2974, 3118|1156, 1903, 2218, 2284, 2289, 2464, 3067, 3164, 3310, 3395|1246, 1308, 2038, 2284, 2478, 2800, 3041, 3137, 3297, 3331|1358, 1954, 2078, 2108, 2307, 3123, 3200, 3395, 3404, 3426|761, 895, 2322, 2407, 2411, 3192, 3397, 3487, 3535, 3625|1408, 2407, 2456, 2526, 2615, 3225, 3297, 3345, 3428, 3487|2142, 2227, 2679, 2752, 2777, 2861, 3344, 3382, 3428, 3454|120, 2123, 2375, 2383, 2502, 3441, 3553, 3555, 3625, 3682|2382, 2615, 2712, 2777, 2799, 3448, 3536, 3682, 3713, 3811|912, 2957, 3024, 3173, 3250, 3555, 3621, 3728, 3823, 3920|864, 2889, 2957, 2962, 3010, 3616, 3687, 3811, 3869, 3938|3024, 3092, 3214, 3226, 3274, 3512, 3713, 3869, 3989, 4003|]
jobshop_swv11-dl-13	4036	180000	false	--	[|0, 92, 139, 195, 286, 335, 374, 437, 449, 450|92, 286, 386, 461, 553, 643, 654, 739, 793, 893|0, 139, 233, 386, 426, 518, 571, 611, 654, 739|0, 178, 226, 426, 553, 611, 766, 893, 920, 1003|226, 461, 643, 719, 783, 827, 920, 1011, 1042, 1140|0, 309, 539, 719, 737, 761, 1011, 1094, 1140, 1169|324, 352, 405, 518, 639, 812, 912, 946, 1003, 1093|0, 233, 405, 724, 758, 1181, 1228, 1230, 1327, 1354|518, 603, 758, 791, 863, 912, 946, 1230, 1327, 1414|61, 85, 105, 304, 603, 678, 1042, 1320, 1364, 1451|85, 195, 337, 352, 791, 857, 935, 1228, 1257, 1364|827, 906, 910, 971, 1017, 1169, 1408, 1496, 1515, 1565|375, 489, 588, 678, 857, 1496, 1584, 1681, 1730, 1809|4, 678, 737, 906, 1017, 1126, 1257, 1584, 1681, 1831|338, 771, 999, 1065, 1115, 1414, 1462, 1515, 1599, 1687|277, 347, 1007, 1072, 1104, 1193, 1462, 1508, 1687, 1759|391, 565, 882, 1115, 1206, 1550, 1640, 1784, 1882, 1921|44, 133, 910, 971, 1206, 1299, 1331, 1630, 1683, 1921|170, 222, 681, 752, 961, 1819, 1886, 2010, 2078, 2079|783, 863, 1072, 1108, 1156, 1364, 1518, 1759, 1894, 1986|191, 717, 889, 1299, 1373, 1886, 1986, 2078, 2158, 2185|1373, 1444, 1484, 1570, 1593, 1772, 2001, 2195, 2295, 2372|1264, 1347, 1444, 1484, 1593, 1871, 2158, 2218, 2372, 2456|1347, 1570, 1664, 1710, 1770, 2014, 2218, 2456, 2519, 2589|520, 908, 1108, 1471, 1570, 2057, 2185, 2295, 2519, 2546|1415, 1498, 1608, 1692, 1704, 1848, 1963, 2304, 2363, 2400|1199, 1261, 1473, 1528, 1632, 2079, 2139, 2258, 2589, 2666|1478, 1707, 1742, 1795, 1869, 2139, 2173, 2216, 2546, 2633|94, 412, 1261, 1567, 1622, 1640, 1695, 2400, 2454, 2513|49, 1640, 1803, 1886, 1903, 1926, 2319, 2626, 2722, 2800|1712, 1775, 1869, 1939, 2036, 2666, 2737, 2870, 2911, 2984|1421, 1664, 1775, 1886, 1939, 2173, 2363, 2829, 2906, 2923|105, 1014, 1349, 1799, 1926, 2025, 2318, 2454, 2464, 2678|1817, 1994, 2072, 2135, 2198, 2307, 2722, 2729, 2758, 2842|1061, 1167, 1449, 1621, 1728, 2379, 2737, 2911, 2958, 3081|921, 1811, 2072, 2119, 2142, 2204, 2555, 2874, 2958, 3028|665, 1906, 2198, 2227, 2262, 2906, 2984, 3028, 3137, 3222|2119, 2262, 2308, 2382, 2478, 2743, 2895, 3222, 3310, 3314|211, 1710, 1991, 2038, 2063, 2073, 2620, 2842, 2974, 3118|1156, 1903, 2218, 2284, 2289, 2464, 3067, 3164, 3310, 3395|1246, 1308, 2038, 2284, 2478, 2800, 3041, 3137, 3297, 3331|1358, 1954, 2078, 2108, 2307, 3123, 3200, 3395, 3404, 3426|761, 895, 2322, 2407, 2411, 3192, 3397, 3487, 3535, 3625|1408, 2407, 2456, 2526, 2615, 3225, 3297, 3345, 3428, 3487|2142, 2227, 2679, 2752, 2777, 2861, 3344, 3382, 3428, 3454|120, 2123, 2375, 2383, 2502, 3441, 3553, 3555, 3625, 3682|2382, 2615, 2712, 2777, 2799, 3448, 3536, 3682, 3713, 3811|912, 2889, 2956, 2994, 3071, 3555, 3621, 3728, 3823, 3920|864, 2956, 3071, 3076, 3122, 3616, 3687, 3811, 3869, 3938|3024, 3092, 3173, 3176, 3440, 3560, 3713, 3869, 3989, 4003|]
jobshop_swv11-dl-13	4036	180000	false	--	[|0, 92, 139, 195, 286, 335, 374, 437, 449, 450|92, 286, 386, 461, 553, 643, 654, 739, 793, 893|0, 139, 233, 386, 426, 518, 571, 611, 654, 739|0, 178, 226, 426, 553, 611, 766, 893, 920, 1003|226, 461, 643, 719, 783, 827, 920, 1011, 1042, 1140|0, 309, 539, 719, 737, 761, 1011, 1094, 1140, 1169|324, 352, 405, 518, 639, 812, 912, 946, 1003, 1093|0, 233, 405, 724, 758, 1181, 1228, 1230, 1327, 1354|518, 603, 758, 791, 863, 912, 946, 1230, 1327, 1414|61, 85, 105, 304, 603, 678, 1042, 1320, 1364, 1451|85, 195, 337, 352, 791, 857, 935, 1228, 1257, 1364|827, 906, 910, 971, 1017, 1169, 1408, 1496, 1515, 1565|375, 489, 588, 678, 857, 1496, 1584, 1681, 1730, 1809|4, 678, 737, 906, 1017, 1126, 1257, 1584, 1681, 1831|338, 771, 999, 1065, 1115, 1414, 1462, 1515, 1599, 1687|277, 347, 1007, 1072, 1104, 1193, 1462, 1508, 1687, 1759|391, 565, 882, 1115, 1206, 1550, 1640, 1784, 1882, 1921|44, 133, 910, 971, 1206, 1299, 1331, 1630, 1683, 1921|170, 222, 681, 752, 961, 1819, 1886, 2010, 2078, 2079|783, 863, 1072, 1108, 1156, 1364, 1518, 1759, 1894, 1986|191, 717, 889, 1299, 1373, 1886, 1986, 2078, 2158, 2185|1373, 1444, 1484, 1570, 1593, 1772, 2001, 2195, 2295, 2372|1264, 1347, 1444, 1484, 1593, 1871, 2158, 2218, 2372, 2456|1347, 1570, 1664, 1710, 1770, 2014, 2218, 2456, 2519, 2589|520, 908, 1108, 1471, 1570, 2057, 2185, 2295, 2519, 2546|1415, 1498, 1608, 1692, 1704, 1848, 1963, 2304, 2363, 2400|1199, 1261, 1473, 1528, 1632, 2079, 2139, 2258, 2589, 2666|1478, 1707, 1742, 1795, 1869, 2139, 2173, 2216, 2546, 2633|94, 412, 1261, 1567, 1622, 1640, 1695, 2400, 2454, 2513|49, 1640, 1803, 1886, 1903, 1926, 2319, 2626, 2722, 2800|1712, 1775, 1869, 1939, 2036, 2666, 2737, 2870, 2911, 2984|1421, 1664, 1775, 1886, 1939, 2173, 2363, 2829, 2906, 2923|105, 1014, 1349, 1799, 1926, 2025, 2318, 2454, 2464, 2678|1817, 1994, 2072, 2135, 2198, 2307, 2722, 2729, 2758, 2842|1061, 1167, 1449, 1621, 1728, 2379, 2737, 2911, 2958, 3081|921, 1811, 2072, 2119, 2142, 2204, 2555, 2874, 2958, 3028|665, 1906, 2198, 2227, 2262, 2906, 2984, 3028, 3137, 3222|2119, 2262, 2308, 2382, 2478, 2743, 2895, 3222, 3310, 3314|211, 1710, 1991, 2038, 2063, 2073, 2620, 2842, 2974, 3118|1156, 1903, 2218, 2284, 2289, 2464, 3067, 3164, 3310, 3395|1246, 1308, 2038, 2284, 2478, 2800, 3041, 3137, 3297, 3331|1358, 1954, 2078, 2108, 2307, 3123, 3200, 3395, 3404, 3426|761, 895, 2322, 2407, 2411, 3192, 3397, 3487, 3535, 3625|1408, 2407, 2456, 2526, 2615, 3225, 3297, 3345, 3428, 3487|2142, 2227, 2679, 2752, 2777, 2861, 3344, 3382, 3428, 3454|120, 2123, 2375, 2383, 2502, 3441, 3553, 3555, 3625, 3682|2382, 2615, 2712, 2777, 2799, 3448, 3536, 3682, 3713, 3811|912, 2889, 2956, 2994, 3071, 3555, 3621, 3728, 3823, 3920|864, 2956, 3071, 3076, 3122, 3616, 3687, 3811, 3869, 3938|3024, 3093, 3181, 3195, 3356, 3512, 3713, 3869, 3989, 4003|]
jobshop_swv11-dl-16	4036	180000	false	--	[|0, 92, 139, 195, 286, 335, 374, 437, 449, 450|92, 286, 386, 461, 553, 643, 654, 739, 793, 893|0, 139, 233, 386, 426, 518, 571, 611, 654, 739|0, 178, 226, 426, 553, 611, 766, 893, 920, 1003|226, 461, 643, 719, 783, 827, 920, 1011, 1042, 1140|0, 309, 539, 719, 737, 761, 1011, 1094, 1140, 1169|324, 352, 405, 518, 639, 812, 912, 946, 1003, 1093|0, 233, 405, 724, 758, 1181, 1228, 1230, 1327, 1354|518, 603, 758, 791, 863, 912, 946, 1230, 1327, 1414|61, 85, 105, 304, 603, 678, 1042, 1320, 1364, 1451|85, 195, 337, 352, 791, 857, 935, 1228, 1257, 1364|827, 906, 910, 971, 1017, 1169, 1408, 1496, 1515, 1565|375, 489, 588, 678, 857, 1496, 1584, 1681, 1730, 1809|4, 678, 737, 906, 1017, 1126, 1257, 1584, 1681, 1831|338, 771, 999, 1065, 1115, 1414, 1462, 1515, 1599, 1687|277, 347, 1007, 1072, 1104, 1193, 1462, 1508, 1687, 1759|391, 565, 882, 1115, 1206, 1550, 1640, 1784, 1882, 1921|44, 133, 910, 971, 1206, 1299, 1331, 1630, 1683, 1921|170, 222, 681, 752, 961, 1819, 1886, 2010, 2078, 2079|783, 863, 1072, 1108, 1156, 1364, 1518, 1759, 1894, 1986|191, 717, 889, 1299, 1373, 1886, 1986, 2078, 2158, 2185|1373, 1444, 1484, 1570, 1593, 1772, 2001, 2195, 2295, 2372|1264, 1347, 1444, 1484, 1593, 1871, 2158, 2218, 2372, 2456|1347, 1570, 1664, 1710, 1770, 2014, 2218, 2456, 2519, 2589|520, 908, 1108, 1471, 1570, 2057, 2185, 2295, 2519, 2546|1415, 1498, 1608, 1692, 1704, 1848, 1963, 2304, 2363, 2400|1199, 1261, 1473, 1528, 1632, 2079, 2139, 2258, 2589, 2666|1478, 1707, 1742, 1795, 1869, 2139, 2173, 2216, 2546, 2633|94, 412, 1261, 1567, 1622, 1640, 1695, 2400, 2454, 2513|49, 1640, 1803, 1886, 1903, 1926, 2319, 2626, 2722, 2800|1712, 1775, 1869, 1939, 2036, 2666, 2737, 2870, 2911, 2984|1421, 1664, 1775, 1886, 1939, 2173, 2363, 2829, 2906, 2923|105, 1014, 1349, 1799, 1926, 2025, 2318, 2454, 2464, 2678|1817, 1994, 2072, 2135, 2198, 2307, 2722, 2729, 2758, 2842|1061, 1167, 1449, 1621, 1728, 2379, 2737, 2911, 2958, 3081|921, 1811, 2072, 2119, 2142, 2204, 2555, 2874, 2958, 3028|665, 1906, 2198, 2227, 2262, 2906, 2984, 3028, 3137, 3222|2119, 2262, 2308, 2382, 2478, 2743, 2895, 3222, 3310, 3314|211, 1710, 1991, 2038, 2063, 2073, 2620, 2842, 2974, 3118|1156, 1903, 2218, 2284, 2289, 2464, 3067, 3164, 3310, 3395|1246, 1308, 2038, 2284, 2478, 2800, 3041, 3137, 3297, 3331|1358, 1954, 2078, 2108, 2307, 3123, 3200, 3395, 3404, 3426|761, 895, 2322, 2407, 2411, 3192, 3397, 3487, 3535, 3625|1408, 2407, 2456, 2526, 2615, 3225, 3297, 3345, 3428, 3487|2142, 2227, 2679, 2752, 2777, 2861, 3344, 3382, 3428, 3454|120, 2123, 2375, 2383, 2502, 3441, 3553, 3555, 3625, 3682|2382, 2615, 2712, 2777, 2799, 3448, 3545, 3682, 3713, 3811|912, 2889, 2956, 2994, 3071, 3555, 3621, 3728, 3823, 3920|2427, 2956, 3071, 3076, 3124, 3616, 3687, 3811, 3869, 3938|3024, 3092, 3173, 3250, 3352, 3512, 3717, 3869, 3989, 4010|]
jobshop_swv11-dl-16	4036	180000	false	--	[|0, 92, 139, 195, 286, 335, 374, 437, 449, 450|92, 286, 386, 461, 553, 643, 654, 739, 793, 893|0, 139, 233, 386, 426, 518, 571, 611, 654, 739|0, 178, 226, 426, 553, 611, 766, 893, 920, 1003|226, 461, 643, 719, 783, 827, 920, 1011, 1042, 1140|0, 309, 539, 719, 737, 761, 1011, 1094, 1140, 1169|324, 352, 405, 518, 639, 812, 912, 946, 1003, 1093|0, 233, 405, 724, 758, 1181, 1228, 1230, 1327, 1354|518, 603, 758, 791, 863, 912, 946, 1230, 1327, 1414|61, 85, 105, 304, 603, 678, 1042, 1320, 1364, 1451|85, 195, 337, 352, 791, 857, 935, 1228, 1257, 1364|827, 906, 910, 971, 1017, 1169, 1408, 1496, 1515, 1565|375, 489, 588, 678, 857, 1496, 1584, 1681, 1730, 1809|4, 678, 737, 906, 1017, 1126, 1257, 1584, 1681, 1831|338, 771, 999, 1065, 1115, 1414, 1462, 1515, 1599, 1687|277, 347, 1007, 1072, 1104, 1193, 1462, 1508, 1687, 1759|391, 565, 882, 1115, 1206, 1550, 1640, 1784, 1882, 1921|44, 133, 910, 971, 1206, 1299, 1331, 1630, 1683, 1921|170, 222, 681, 752, 961, 1819, 1886, 2010, 2078, 2079|783, 863, 1072, 1108, 1156, 1364, 1518, 1759, 1894, 1986|191, 717, 889, 1299, 1373, 1886, 1986, 2078, 2158, 2185|1373, 1444, 1484, 1570, 1593, 1772, 2001, 2195, 2295, 2372|1264, 1347, 1444, 1484, 1593, 1871, 2158, 2218, 2372, 2456|1347, 1570, 1664, 1710, 1770, 2014, 2218, 2456, 2519, 2589|520, 908, 1108, 1471, 1570, 2057, 2185, 2295, 2519, 2546|1415, 1498, 1608, 1692, 1704, 1848, 1963, 2304, 2363, 2400|1199, 1261, 1473, 1528, 1632, 2079, 2139, 2258, 2589, 2666|1478, 1707, 1742, 1795, 1869, 2139, 2173, 2216, 2546, 2633|94, 412, 1261, 1567, 1622, 1640, 1695, 2400, 2454, 2513|49, 1640, 1803, 1886, 1903, 1926, 2319, 2626, 2722, 2800|1712, 1775, 1869, 1939, 2036, 2666, 2737, 2870, 2911, 2984|1421, 1664, 1775, 1886, 1939, 2173, 2363, 2829, 2906, 2923|105, 1014, 1349, 1799, 1926, 2025, 2318, 2454, 2464, 2678|1817, 1994, 2072, 2135, 2198, 2307, 2722, 2729, 2758, 2842|1061, 1167, 1449, 1621, 1728, 2379, 2737, 2911, 2958, 3081|921, 1811, 2072, 2119, 2142, 2204, 2555, 2874, 2958, 3028|665, 1906, 2198, 2227, 2262, 2906, 2984, 3028, 3137, 3222|2119, 2262, 2308, 2382, 2478, 2743, 2895, 3222, 3310, 3314|211, 1710, 1991, 2038, 2063, 2073, 2620, 2842, 2974, 3118|1156, 1903, 2218, 2284, 2289, 2464, 3067, 3164, 3310, 3395|1246, 1308, 2038, 2284, 2478, 2800, 3041, 3137, 3297, 3331|1358, 1954, 2078, 2108, 2307, 3123, 3200, 3395, 3404, 3426|761, 895, 2322, 2407, 2411, 3192, 3397, 3487, 3535, 3625|1408, 2407, 2456, 2526, 2615, 3225, 3297, 3345, 3428, 3487|2142, 2227, 2679, 2752, 2777, 2861, 3344, 3382, 3428, 3454|120, 2123, 2375, 2453, 2502, 3441, 3553, 3555, 3625, 3682|2382, 2615, 2712, 2777, 2819, 3448, 3554, 3682, 3713, 3811|912, 2752, 2819, 2857, 2934, 3555, 3621, 3728, 3823, 3920|866, 2909, 2977, 2982, 3028, 3616, 3687, 3811, 3869, 3938|2977, 3045, 3152, 3188, 3350, 3628, 3715, 3869, 3989, 4007|]
jobshop_swv12-dl-10	4090	180000	false	--	[|0, 92, 141, 234, 282, 283, 335, 392, 408, 414|0, 82, 107, 234, 320, 392, 414, 445, 450, 456|92, 320, 346, 392, 441, 489, 563, 645, 692, 785|123, 157, 346, 428, 453, 496, 507, 578, 645, 679|194, 216, 453, 507, 556, 653, 679, 725, 876, 903|0, 107, 428, 431, 489, 578, 643, 823, 992, 1050|0, 475, 653, 733, 807, 903, 975, 1029, 1127, 1187|507, 733, 820, 856, 913, 1050, 1086, 1127, 1221, 1268|53, 58, 431, 574, 631, 659, 756, 975, 1221, 1338|631, 820, 824, 913, 956, 1072, 1265, 1267, 1348, 1437|176, 216, 603, 727, 824, 899, 1187, 1437, 1511, 1521|177, 290, 295, 374, 899, 1280, 1342, 1416, 1511, 1596|199, 490, 701, 995, 1076, 1169, 1528, 1628, 1709, 1738|0, 157, 884, 972, 1076, 1267, 1373, 1596, 1647, 1709|2, 751, 972, 1072, 1172, 1342, 1419, 1521, 1647, 1740|295, 556, 989, 1072, 1171, 1738, 1832, 1891, 1981, 2059|58, 243, 1059, 1129, 1231, 1305, 1416, 1466, 1698, 1744|282, 513, 628, 856, 1129, 1466, 1685, 1692, 1824, 1846|1171, 1227, 1230, 1305, 1330, 1744, 1843, 1981, 2072, 2123|175, 392, 1141, 1190, 1330, 1440, 1540, 1619, 1877, 1942|1230, 1420, 1506, 1514, 1555, 1865, 2046, 2154, 2248, 2328|659, 776, 908, 1318, 1418, 1681, 2123, 2194, 2212, 2328|836, 999, 1227, 1290, 1506, 1942, 1981, 2026, 2248, 2329|23, 1290, 1557, 1623, 1642, 1707, 2122, 2145, 2194, 2329|24, 262, 1347, 1623, 1702, 1724, 2145, 2212, 2364, 2454|213, 392, 1190, 1218, 1418, 1891, 2305, 2358, 2454, 2482|927, 1334, 1515, 1533, 1604, 1769, 1832, 2351, 2440, 2533|656, 1339, 1702, 1744, 1818, 1962, 2187, 2208, 2390, 2510|393, 1533, 1654, 1724, 1768, 2574, 2655, 2684, 2779, 2845|1398, 1642, 1818, 1854, 1896, 2012, 2587, 2672, 2779, 2783|1850, 1950, 1996, 2065, 2106, 2358, 2406, 2480, 2672, 2799|1453, 1726, 1761, 1854, 1996, 2655, 2845, 2862, 2934, 3019|1081, 1779, 2065, 2164, 2167, 2447, 2533, 2585, 2862, 2928|1009, 1487, 1604, 1623, 1660, 2829, 3019, 3064, 3088, 3142|740, 1772, 1960, 2259, 2351, 2585, 2684, 2928, 2957, 2997|331, 2094, 2154, 2215, 2351, 3097, 3154, 3248, 3325, 3326|1567, 1707, 2167, 2246, 2447, 2614, 2774, 2957, 3215, 3266|1299, 2047, 2423, 2517, 2576, 2915, 3154, 3204, 3248, 3326|46, 2246, 2518, 2601, 2676, 2783, 3204, 3236, 3325, 3355|604, 2109, 2598, 2692, 2741, 3303, 3392, 3472, 3522, 3547|1768, 1950, 2276, 2329, 2336, 2748, 2844, 3340, 3381, 3436|1272, 1428, 1609, 1999, 2517, 3064, 3092, 3472, 3547, 3568|2207, 2692, 2792, 2839, 2867, 2871, 3381, 3436, 3522, 3594|82, 2409, 2483, 2792, 2871, 3148, 3236, 3266, 3296, 3660|807, 1030, 1819, 1912, 2060, 2376, 3436, 3733, 3791, 3852|366, 422, 1652, 2831, 2905, 3468, 3568, 3633, 3667, 3758|920, 2576, 2741, 2905, 2950, 3003, 3058, 3105, 3758, 3856|54, 78, 1446, 1871, 2154, 3092, 3142, 3540, 3667, 3687|2950, 3048, 3125, 3190, 3241, 3632, 3856, 3935, 3965, 4010|2064, 2428, 2613, 2650, 3052, 3288, 3791, 3935, 3968, 4010|]
jobshop_swv12-dl-10	4090	180000	false	--	[|0, 92, 141, 234, 282, 283, 335, 392, 408, 414|0, 82, 107, 234, 320, 392, 414, 445, 450, 456|92, 320, 346, 392, 441, 489, 563, 645, 692, 785|123, 157, 346, 428, 453, 496, 507, 578, 645, 679|194, 216, 453, 507, 556, 653, 679, 725, 876, 903|0, 107, 428, 431, 489, 578, 643, 823, 992, 1050|0, 475, 653, 733, 807, 903, 975, 1029, 1127, 1187|507, 733, 820, 856, 913, 1050, 1086, 1127, 1221, 1268|53, 58, 431, 574, 631, 659, 756, 975, 1221, 1338|631, 820, 824, 913, 956, 1072, 1265, 1267, 1348, 1437|176, 216, 603, 727, 824, 899, 1187, 1437, 1511, 1521|177, 290, 295, 374, 899, 1280, 1342, 1416, 1511, 1596|199, 490, 701, 995, 1076, 1169, 1528, 1628, 1709, 1738|0, 157, 884, 972, 1076, 1267, 1373, 1596, 1647, 1709|2, 751, 972, 1072, 1172, 1342, 1419, 1521, 1647, 1740|295, 556, 989, 1072, 1171, 1738, 1832, 1891, 1981, 2059|58, 243, 1059, 1129, 1231, 1305, 1416, 1466, 1698, 1744|282, 513, 628, 856, 1129, 1466, 1685, 1692, 1824, 1846|1171, 1227, 1230, 1305, 1330, 1744, 1843, 1981, 2072, 2123|175, 392, 1141, 1190, 1330, 1440, 1540, 1619, 1877, 1942|1230, 1420, 1506, 1514, 1555, 1865, 2046, 2154, 2248, 2328|659, 776, 908, 1318, 1418, 1681, 2123, 2194, 2212, 2328|836, 999, 1227, 1290, 1506, 1942, 1981, 2026, 2248, 2329|23, 1290, 1557, 1623, 1642, 1707, 2122, 2145, 2194, 2329|24, 262, 1347, 1623, 1702, 1724, 2145, 2212, 2364, 2454|213, 392, 1190, 1218, 1418, 1891, 2305, 2358, 2454, 2482|927, 1334, 1515, 1533, 1604, 1769, 1832, 2351, 2440, 2533|656, 1339, 1702, 1744, 1818, 1962, 2187, 2208, 2390, 2510|393, 1533, 1654, 1724, 1768, 2574, 2655, 2684, 2779, 2845|1398, 1642, 1818, 1854, 1896, 2012, 2587, 2672, 2779, 2783|1850, 1950, 1996, 2065, 2106, 2358, 2406, 2480, 2672, 2799|1453, 1726, 1761, 1854, 1996, 2655, 2845, 2862, 2934, 3019|1081, 1779, 2065, 2164, 2167, 2447, 2533, 2585, 2862, 2928|1009, 1487, 1604, 1623, 1660, 2829, 3019, 3064, 3088, 3142|740, 1772, 1960, 2259, 2351, 2585, 2684, 2928, 2957, 2997|331, 2094, 2154, 2215, 2351, 3097, 3154, 3248, 3325, 3326|1567, 1707, 2167, 2246, 2447, 2614, 2774, 2957, 3215, 3266|1299, 2047, 2423, 2517, 2576, 2915, 3154, 3204, 3248, 3326|46, 2246, 2518, 2601, 2676, 2783, 3204, 3236, 3325, 3355|604, 2109, 2598, 2692, 2741, 3303, 3392, 3472, 3522, 3547|1768, 1950, 2276, 2329, 2336, 2748, 2844, 3340, 3381, 3436|1272, 1428, 1609, 1999, 2535, 3064, 3092, 3472, 3547, 3568|2207, 2692, 2792, 2839, 2867, 2871, 3381, 3436, 3522, 3594|82, 2409, 2483, 2792, 2871, 3148, 3236, 3266, 3296, 3660|807, 1030, 1819, 1912, 2060, 2376, 3436, 3733, 3791, 3852|366, 422, 1652, 2831, 2905, 3468, 3568, 3633, 3667, 3758|920, 2576, 2741, 2905, 2950, 3003, 3058, 3105, 3758, 3856|54, 78, 1446, 1871, 2154, 3092, 3142, 3540, 3667, 3687|2950, 3048, 3125, 3190, 3241, 3632, 3856, 3935, 3965, 4010|2064, 2360, 2618, 2643, 3052, 3702, 3791, 3935, 3968, 4010|]
jobshop_swv12-dl-13	4090	180000	false	--	[|0, 92, 141, 234, 282, 283, 335, 392, 408, 414|0, 82, 107, 234, 320, 392, 414, 445, 450, 456|92, 320, 346, 392, 441, 489, 563, 645, 692, 785|123, 157, 346, 428, 453, 496, 507, 578, 645, 679|194, 216, 453, 507, 556, 653, 679, 725, 876, 903|0, 107, 428, 431, 489, 578, 643, 823, 992, 1050|0, 475, 653, 733, 807, 903, 975, 1029, 1127, 1187|507, 733, 820, 856, 913, 1050, 1086, 1127, 1221, 1268|53, 58, 431, 574, 631, 659, 756, 975, 1221, 1338|631, 820, 824, 913, 956, 1072, 1265, 1267, 1348, 1437|176, 216, 603, 727, 824, 899, 1187, 1437, 1511, 1521|177, 290, 295, 374, 899, 1280, 1342, 1416, 1511, 1596|199, 490, 701, 995, 1076, 1169, 1528, 1628, 1709, 1738|0, 157, 884, 972, 1076, 1267, 1373, 1596, 1647, 1709|2, 751, 972, 1072, 1172, 1342, 1419, 1521, 1647, 1740|295, 556, 989, 1072, 1171, 1738, 1832, 1891, 1981, 2059|58, 243, 1059, 1129, 1231, 1305, 1416, 1466, 1698, 1744|282, 513, 628, 856, 1129, 1466, 1685, 1692, 1824, 1846|1171, 1227, 1230, 1305, 1330, 1744, 1843, 1981, 2072, 2123|175, 392, 1141, 1190, 1330, 1440, 1540, 1619, 1877, 1942|1230, 1420, 1506, 1514, 1555, 1865, 2046, 2154, 2248, 2328|659, 776, 908, 1318, 1418, 1681, 2123, 2194, 2212, 2328|836, 999, 1227, 1290, 1506, 1942, 1981, 2026, 2248, 2329|23, 1290, 1557, 1623, 1642, 1707, 2122, 2145, 2194, 2329|24, 262, 1347, 1623, 1702, 1724, 2145, 2212, 2364, 2454|213, 392, 1190, 1218, 1418, 1891, 2305, 2358, 2454, 2482|927, 1334, 1515, 1533, 1604, 1769, 1832, 2351, 2440, 2533|656, 1339, 1702, 1744, 1818, 1962, 2187, 2208, 2390, 2510|393, 1533, 1654, 1724, 1768, 2574, 2655, 2684, 2779, 2845|1398, 1642, 1818, 1854, 1896, 2012, 2587, 2672, 2779, 2783|1850, 1950, 1996, 2065, 2106, 2358, 2406, 2480, 2672, 2799|1453, 1726, 1761, 1854, 1996, 2655, 2845, 2862, 2934, 3019|1081, 1779, 2065, 2164, 2167, 2447, 2533, 2585, 2862, 2928|1009, 1487, 1604, 1623, 1660, 2829, 3019, 3064, 3088, 3142|740, 1772, 1960, 2259, 2351, 2585, 2684, 2928, 2957, 2997|331, 2094, 2154, 2215, 2351, 3097, 3154, 3248, 3325, 3326|1567, 1707, 2167, 2246, 2447, 2614, 2774, 2957, 3215, 3266|1299, 2047, 2423, 2517, 2576, 2915, 3154, 3204, 3248, 3326|46, 2246, 2518, 2601, 2676, 2783, 3204, 3236, 3325, 3355|604, 2109, 2598, 2692, 2741, 3303, 3392, 3472, 3522, 3547|1768, 1950, 2276, 2329, 2336, 2748, 2844, 3340, 3381, 3436|1272, 1428, 1609, 1999, 2517, 3064, 3092, 3472, 3547, 3568|2207, 2692, 2792, 2839, 2867, 2871, 3381, 3436, 3522, 3594|82, 2409, 2483, 2792, 2871, 3148, 3236, 3266, 3296, 3660|807, 1030, 1819, 1912, 2060, 2376, 3436, 3733, 3791, 3852|366, 422, 1652, 2831, 2905, 3468, 3568, 3633, 3667, 3758|920, 2576, 2741, 2905, 2950, 3003, 3058, 3105, 3758, 3856|54, 78, 1446, 1871, 2154, 3092, 3142, 3540, 3667, 3687|2950, 3048, 3125, 3190, 3241, 3632, 3856, 3935, 3965, 4010|2064, 2336, 2584, 3051, 3182, 3288, 3791, 3935, 3968, 4010|]
jobshop_swv12-dl-13	4145	180000	false	--	[|0, 92, 141, 234, 282, 283, 335, 392, 408, 414|0, 82, 107, 234, 320, 392, 414, 445, 450, 456|92, 320, 346, 392, 441, 489, 563, 645, 692, 785|123, 157, 346, 428, 453, 496, 507, 578, 645, 679|194, 216, 453, 507, 556, 653, 679, 725, 876, 903|0, 107, 428, 431, 489, 578, 643, 823, 992, 1050|0, 475, 653, 733, 807, 903, 975, 1029, 1127, 1187|507, 733, 820, 856, 913, 1050, 1086, 1127, 1221, 1268|53, 58, 431, 574, 631, 659, 756, 975, 1221, 1338|631, 820, 824, 913, 956, 1072, 1265, 1267, 1348, 1437|176, 216, 603, 727, 824, 899, 1187, 1437, 1511, 1521|177, 290, 295, 374, 899, 1280, 1342, 1416, 1511, 1596|199, 490, 701, 995, 1076, 1169, 1528, 1628, 1709, 1738|0, 157, 884, 972, 1076, 1267, 1373, 1596, 1647, 1709|2, 751, 972, 1072, 1172, 1342, 1419, 1521, 1647, 1740|295, 556, 989, 1072, 1171, 1738, 1832, 1891, 1981, 2059|58, 243, 1059, 1129, 1231, 1305, 1416, 1466, 1698, 1744|282, 513, 628, 856, 1129, 1466, 1685, 1692, 1824, 1846|1171, 1227, 1230, 1305, 1330, 1744, 1843, 1981, 2072, 2123|175, 392, 1141, 1190, 1330, 1440, 1540, 1619, 1877, 1942|1230, 1420, 1506, 1514, 1555, 1865, 2046, 2154, 2248, 2328|659, 776, 908, 1318, 1418, 1681, 2123, 2194, 2212, 2328|836, 999, 1227, 1290, 1506, 1942, 1981, 2026, 2248, 2329|23, 1290, 1557, 1623, 1642, 1707, 2122, 2145, 2194, 2329|24, 262, 1347, 1623, 1702, 1724, 2145, 2212, 2364, 2454|213, 392, 1190, 1218, 1418, 1891, 2305, 2358, 2454, 2482|927, 1334, 1515, 1533, 1604, 1769, 1832, 2351, 2440, 2533|656, 1339, 1702, 1744, 1818, 1962, 2187, 2208, 2390, 2510|393, 1533, 1654, 1724, 1768, 2574, 2655, 2684, 2779, 2845|1398, 1642, 1818, 1854, 1896, 2012, 2587, 2672, 2779, 2783|1850, 1950, 1996, 2065, 2106, 2358, 2406, 2480, 2672, 2799|1453, 1726, 1761, 1854, 1996, 2655, 2845, 2862, 2934, 3019|1081, 1779, 2065, 2164, 2167, 2447, 2533, 2585, 2862, 2928|1009, 1487, 1604, 1623, 1660, 2829, 3019, 3064, 3088, 3142|740, 1772, 1960, 2259, 2351, 2585, 2684, 2928, 2957, 2997|331, 2094, 2154, 2215, 2351, 3097, 3154, 3248, 3325, 3326|1567, 1707, 2167, 2246, 2447, 2614, 2774, 2957, 3215, 3266|1299, 2047, 2423, 2517, 2576, 2915, 3154, 3204, 3248, 3326|46, 2246, 2518, 2601, 2676, 2783, 3204, 3236, 3325, 3355|604, 2109, 2598, 2692, 2741, 3303, 3392, 3472, 3522, 3547|1768, 1950, 2276, 2329, 2336, 2748, 2844, 3340, 3381, 3436|1272, 1428, 1609, 1999, 2517, 3064, 3092, 3472, 3547, 3568|2207, 2692, 2792, 2839, 2867, 2871, 3381, 3436, 3522, 3594|82, 2409, 2483, 2792, 2871, 3148, 3236, 3266, 3296, 3660|807, 1030, 1819, 1912, 2060, 2376, 3436, 3733, 3791, 3852|366, 943, 1652, 2831, 2959, 3468, 3568, 3633, 3667, 3758|2486, 2576, 2741, 2905, 2975, 3003, 3058, 3105, 3758, 3856|54, 78, 1446, 1871, 2154, 3092, 3142, 3540, 3667, 3687|2950, 3048, 3125, 3190, 3241, 3649, 3856, 3935, 3965, 4006|2076, 2339, 2583, 3043, 3149, 3288, 3791, 3935, 4023, 4065|]
jobshop_swv12-dl-16	4090	180000	false	--	[|0, 92, 141, 234, 282, 283, 335, 392, 408, 414|0, 82, 107, 234, 320, 392, 414, 445, 450, 456|92, 320, 346, 392, 441, 489, 563, 645, 692, 785|123, 157, 346, 428, 453, 496, 507, 578, 645, 679|194, 216, 453, 507, 556, 653, 679, 725, 876, 903|0, 107, 428, 431, 489, 578, 643, 823, 992, 1050|0, 475, 653, 733, 807, 903, 975, 1029, 1127, 1187|507, 733, 820, 856, 913, 1050, 1086, 1127, 1221, 1268|53, 58, 431, 574, 631, 659, 756, 975, 1221, 1338|631, 820, 824, 913, 956, 1072, 1265, 1267, 1348, 1437|176, 216, 603, 727, 824, 899, 1187, 1437, 1511, 1521|177, 290, 295, 374, 899, 1280, 1342, 1416, 1511, 1596|199, 490, 701, 995, 1076, 1169, 1528, 1628, 1709, 1738|0, 157, 884, 972, 1076, 1267, 1373, 1596, 1647, 1709|2, 751, 972, 1072, 1172, 1342, 1419, 1521, 1647, 1740|295, 556, 989, 1072, 1171, 1738, 1832, 1891, 1981, 2059|58, 243, 1059, 1129, 1231, 1305, 1416, 1466, 1698, 1744|282, 513, 628, 856, 1129, 1466, 1685, 1692, 1824, 1846|1171, 1227, 1230, 1305, 1330, 1744, 1843, 1981, 2072, 2123|175, 392, 1141, 1190, 1330, 1440, 1540, 1619, 1877, 1942|1230, 1420, 1506, 1514, 1555, 1865, 2046, 2154, 2248, 2328|659, 776, 908, 1318, 1418, 1681, 2123, 2194, 2212, 2328|836, 999, 1227, 1290, 1506, 1942, 1981, 2026, 2248, 2329|23, 1290, 1557, 1623, 1642, 1707, 2122, 2145, 2194, 2329|24, 262, 1347, 1623, 1702, 1724, 2145, 2212, 2364, 2454|213, 392, 1190, 1218, 1418, 1891, 2305, 2358, 2454, 2482|927, 1334, 1515, 1533, 1604, 1769, 1832, 2351, 2440, 2533|656, 1339, 1702, 1744, 1818, 1962, 2187, 2208, 2390, 2510|393, 1533, 1654, 1724, 1768, 2574, 2655, 2684, 2779, 2845|1398, 1642, 1818, 1854, 1896, 2012, 2587, 2672, 2779, 2783|1850, 1950, 1996, 2065, 2106, 2358, 2406, 2480, 2672, 2799|1453, 1726, 1761, 1854, 1996, 2655, 2845, 2862, 2934, 3019|1081, 1779, 2065, 2164, 2167, 2447, 2533, 2585, 2862, 2928|1009, 1487, 1604, 1623, 1660, 2829, 3019, 3064, 3088, 3142|740, 1772, 1960, 2259, 2351, 2585, 2684, 2928, 2957, 2997|331, 2094, 2154, 2215, 2351, 3097, 3154, 3248, 3325, 3326|1567, 1707, 2167, 2246, 2447, 2614, 2774, 2957, 3215, 3266|1299, 2047, 2423, 2517, 2576, 2915, 3154, 3204, 3248, 3326|46, 2246, 2518, 2601, 2676, 2783, 3204, 3236, 3325, 3355|604, 2109, 2598, 2692, 2741, 3303, 3392, 3472, 3522, 3547|1768, 1950, 2276, 2329, 2336, 2748, 2844, 3340, 3381, 3436|1272, 1428, 1609, 1999, 2517, 3064, 3092, 3472, 3547, 3568|2207, 2692, 2792, 2839, 2867, 2871, 3381, 3436, 3522, 3594|82, 2409, 2483, 2792, 2871, 3148, 3236, 3266, 3296, 3660|807, 1030, 1819, 1912, 2060, 2376, 3436, 3733, 3791, 3852|366, 422, 1652, 2831, 2905, 3468, 3568, 3633, 3667, 3758|920, 2576, 2741, 2905, 2950, 3003, 3058, 3105, 3758, 3856|54, 78, 1446, 1871, 2154, 3092, 3142, 3540, 3667, 3687|2950, 3048, 3125, 3190, 3241, 3632, 3856, 3935, 3965, 4010|2065, 2339, 2583, 2984, 3212, 3663, 3791, 3935, 3968, 4010|]
jobshop_swv12-dl-16	4090	180000	false	--	[|0, 92, 141, 234, 282, 283, 335, 392, 408, 414|0, 82, 107, 234, 320, 392, 414, 445, 450, 456|92, 320, 346, 392, 441, 489, 563, 645, 692, 785|123, 157, 346, 428, 453, 496, 507, 578, 645, 679|194, 216, 453, 507, 556, 653, 679, 725, 876, 903|0, 107, 428, 431, 489, 578, 643, 823, 992, 1050|0, 475, 653, 733, 807, 903, 975, 1029, 1127, 1187|507, 733, 820, 856, 913, 1050, 1086, 1127, 1221, 1268|53, 58, 431, 574, 631, 659, 756, 975, 1221, 1338|631, 820, 824, 913, 956, 1072, 1265, 1267, 1348, 1437|176, 216, 603, 727, 824, 899, 1187, 1437, 1511, 1521|177, 290, 295, 374, 899, 1280, 1342, 1416, 1511, 1596|199, 490, 701, 995, 1076, 1169, 1528, 1628, 1709, 1738|0, 157, 884, 972, 1076, 1267, 1373, 1596, 1647, 1709|2, 751, 972, 1072, 1172, 1342, 1419, 1521, 1647, 1740|295, 556, 989, 1072, 1171, 1738, 1832, 1891, 1981, 2059|58, 243, 1059, 1129, 1231, 1305, 1416, 1466, 1698, 1744|282, 513, 628, 856, 1129, 1466, 1685, 1692, 1824, 1846|1171, 1227, 1230, 1305, 1330, 1744, 1843, 1981, 2072, 2123|175, 392, 1141, 1190, 1330, 1440, 1540, 1619, 1877, 1942|1230, 1420, 1506, 1514, 1555, 1865, 2046, 2154, 2248, 2328|659, 776, 908, 1318, 1418, 1681, 2123, 2194, 2212, 2328|836, 999, 1227, 1290, 1506, 1942, 1981, 2026, 2248, 2329|23, 1290, 1557, 1623, 1642, 1707, 2122, 2145, 2194, 2329|24, 262, 1347, 1623, 1702, 1724, 2145, 2212, 2364, 2454|213, 392, 1190, 1218, 1418, 1891, 2305, 2358, 2454, 2482|927, 1334, 1515, 1533, 1604, 1769, 1832, 2351, 2440, 2533|656, 1339, 1702, 1744, 1818, 1962, 2187, 2208, 2390, 2510|393, 1533, 1654, 1724, 1768, 2574, 2655, 2684, 2779, 2845|1398, 1642, 1818, 1854, 1896, 2012, 2587, 2672, 2779, 2783|1850, 1950, 1996, 2065, 2106, 2358, 2406, 2480, 2672, 2799|1453, 1726, 1761, 1854, 1996, 2655, 2845, 2862, 2934, 3019|1081, 1779, 2065, 2164, 2167, 2447, 2533, 2585, 2862, 2928|1009, 1487, 1604, 1623, 1660, 2829, 3019, 3064, 3088, 3142|740, 1772, 1960, 2259, 2351, 2585, 2684, 2928, 2957, 2997|331, 2094, 2154, 2215, 2351, 3097, 3154, 3248, 3325, 3326|1567, 1707, 2167, 2246, 2447, 2614, 2774, 2957, 3215, 3266|1299, 2047, 2423, 2517, 2576, 2915, 3154, 3204, 3248, 3326|46, 2246, 2518, 2601, 2676, 2783, 3204, 3236, 3325, 3355|604, 2109, 2598, 2692, 2741, 3303, 3392, 3472, 3522, 3547|1768, 1950, 2276, 2329, 2336, 2748, 2844, 3340, 3381, 3436|1272, 1428, 1609, 1999, 2517, 3064, 3092, 3472, 3547, 3568|2207, 2692, 2792, 2839, 2867, 2871, 3381, 3436, 3522, 3594|82, 2409, 2483, 2792, 2871, 3148, 3236, 3266, 3296, 3660|807, 1030, 1819, 1912, 2060, 2376, 3436, 3733, 3791, 3852|366, 422, 1652, 2831, 2905, 3468, 3568, 3633, 3667, 3758|920, 2576, 2741, 2905, 2950, 3003, 3058, 3105, 3758, 3856|54, 78, 1446, 1871, 2154, 3092, 3142, 3540, 3667, 3687|2950, 3048, 3125, 3190, 3244, 3632, 3856, 3935, 3965, 4010|2423, 2539, 2583, 3032, 3181, 3681, 3848, 3935, 3968, 4010|]
jobshop_swv13-dl-10	4050	180000	false	--	[|0, 68, 107, 186, 258, 323, 405, 438, 520, 586|0, 14, 59, 77, 149, 176, 233, 323, 342, 405|149, 176, 258, 323, 341, 360, 520, 641, 722, 787|59, 129, 186, 253, 292, 387, 399, 455, 546, 644|14, 174, 341, 379, 406, 735, 802, 897, 957, 1043|354, 444, 499, 568, 644, 787, 881, 938, 1003, 1083|0, 225, 499, 589, 741, 1003, 1072, 1107, 1188, 1282|129, 292, 329, 444, 448, 802, 1072, 1151, 1155, 1188|217, 589, 665, 762, 833, 1155, 1282, 1379, 1443, 1527|253, 406, 665, 762, 835, 1185, 1273, 1373, 1443, 1512|148, 448, 736, 782, 852, 1151, 1273, 1389, 1527, 1616|273, 345, 379, 544, 644, 1302, 1381, 1616, 1696, 1781|238, 483, 566, 744, 839, 957, 1080, 1373, 1512, 1675|0, 703, 882, 973, 1058, 1085, 1221, 1383, 1570, 1664|68, 203, 363, 763, 843, 939, 1460, 1569, 1696, 1772|294, 340, 641, 887, 928, 939, 1541, 1597, 1664, 1781|8, 892, 973, 1085, 1157, 1242, 1381, 1429, 1813, 1865|0, 666, 839, 939, 1013, 1197, 1772, 1948, 2038, 2089|213, 329, 841, 1013, 1017, 1139, 1855, 1912, 2038, 2169|23, 1157, 1250, 1315, 1381, 1597, 1689, 1924, 2009, 2132|107, 360, 703, 939, 1058, 1912, 2009, 2226, 2249, 2260|1028, 1124, 1134, 1315, 1374, 1975, 2001, 2037, 2249, 2286|969, 1065, 1250, 1326, 1381, 1445, 2102, 2197, 2202, 2344|29, 1468, 1552, 1652, 1728, 1818, 2197, 2292, 2386, 2442|416, 516, 1124, 1208, 1250, 2292, 2406, 2527, 2586, 2646|613, 1208, 1477, 1557, 1652, 2308, 2430, 2437, 2530, 2586|379, 725, 898, 1096, 1287, 1602, 1756, 2389, 2530, 2561|44, 1073, 1374, 1601, 1658, 1705, 2089, 2437, 2646, 2700|387, 1134, 1347, 1557, 1728, 1874, 2472, 2620, 2709, 2782|52, 1389, 1428, 1472, 1658, 1721, 2202, 2336, 2487, 2782|567, 1012, 1151, 1388, 1428, 2561, 2652, 2751, 2835, 2902|70, 1712, 1794, 1813, 1832, 2577, 2736, 2769, 2848, 2930|1473, 1782, 1858, 1928, 2011, 2102, 2386, 2647, 2819, 2978|1472, 1568, 1592, 1717, 1858, 1886, 1907, 2800, 3070, 3124|1250, 1730, 2011, 2109, 2199, 2769, 2930, 2951, 2960, 3124|1612, 1770, 1886, 2109, 2237, 2365, 2887, 3171, 3264, 3265|77, 1902, 2102, 2197, 2199, 2709, 3264, 3345, 3371, 3377|219, 1789, 2001, 2020, 2269, 2535, 2963, 3371, 3469, 3528|2199, 2296, 2394, 2437, 2465, 2650, 2669, 3035, 3078, 3296|226, 1670, 2020, 2325, 2407, 2960, 3078, 3136, 3367, 3469|257, 2117, 2296, 2407, 2437, 3013, 3204, 3229, 3427, 3568|1928, 2183, 2207, 2391, 2488, 3093, 3577, 3664, 3697, 3707|1758, 1812, 1834, 1841, 2471, 2814, 2951, 3452, 3484, 3570|261, 568, 801, 2217, 2520, 3093, 3664, 3728, 3766, 3824|344, 1841, 2616, 2699, 2782, 3168, 3265, 3347, 3728, 3766|2301, 2472, 2567, 2699, 2763, 3164, 3548, 3618, 3824, 3911|1411, 2763, 2832, 2928, 2929, 3018, 3249, 3380, 3821, 3886|928, 2465, 2556, 2812, 3018, 3484, 3528, 3541, 3570, 3738|2556, 2642, 2733, 2912, 2981, 3337, 3809, 3896, 3994, 4037|1236, 2366, 2509, 2981, 3152, 3191, 3229, 3504, 3639, 3979|]
jobshop_swv13-dl-10	4050	180000	false	--	[|0, 68, 107, 186, 258, 323, 405, 438, 520, 586|0, 14, 59, 77, 149, 176, 233, 323, 342, 405|149, 176, 258, 323, 341, 360, 520, 641, 722, 787|59, 129, 186, 253, 292, 387, 399, 455, 546, 644|14, 174, 341, 379, 406, 735, 802, 897, 957, 1043|354, 444, 499, 568, 644, 787, 881, 938, 1003, 1083|0, 225, 499, 589, 741, 1003, 1072, 1107, 1188, 1282|129, 292, 329, 444, 448, 802, 1072, 1151, 1155, 1188|217, 589, 665, 762, 833, 1155, 1282, 1379, 1443, 1527|253, 406, 665, 762, 835, 1185, 1273, 1373, 1443, 1512|148, 448, 736, 782, 852, 1151, 1273, 1389, 1527, 1616|273, 345, 379, 544, 644, 1302, 1381, 1616, 1696, 1781|238, 483, 566, 744, 839, 957, 1080, 1373, 1512, 1675|0, 703, 882, 973, 1058, 1085, 1221, 1383, 1570, 1664|68, 203, 363, 763, 843, 939, 1460, 1569, 1696, 1772|294, 340, 641, 887, 928, 939, 1541, 1597, 1664, 1781|8, 892, 973, 1085, 1157, 1242, 1381, 1429, 1813, 1865|0, 666, 839, 939, 1013, 1197, 1772, 1948, 2038, 2089|213, 329, 841, 1013, 1017, 1139, 1855, 1912, 2038, 2169|23, 1157, 1250, 1315, 1381, 1597, 1689, 1924, 2009, 2132|107, 360, 703, 939, 1058, 1912, 2009, 2226, 2249, 2260|1028, 1124, 1134, 1315, 1374, 1975, 2001, 2037, 2249, 2286|969, 1065, 1250, 1326, 1381, 1445, 2102, 2197, 2202, 2344|29, 1468, 1552, 1652, 1728, 1818, 2197, 2292, 2386, 2442|416, 516, 1124, 1208, 1250, 2292, 2406, 2527, 2586, 2646|613, 1208, 1477, 1557, 1652, 2308, 2430, 2437, 2530, 2586|379, 725, 898, 1096, 1287, 1602, 1756, 2389, 2530, 2561|44, 1073, 1374, 1601, 1658, 1705, 2089, 2437, 2646, 2700|387, 1134, 1347, 1557, 1728, 1874, 2472, 2620, 2709, 2782|52, 1389, 1428, 1472, 1658, 1721, 2202, 2336, 2487, 2782|567, 1012, 1151, 1388, 1428, 2561, 2652, 2751, 2835, 2902|70, 1712, 1794, 1813, 1832, 2577, 2736, 2769, 2848, 2930|1473, 1782, 1858, 1928, 2011, 2102, 2386, 2647, 2819, 2978|1472, 1568, 1592, 1717, 1858, 1886, 1907, 2800, 3070, 3124|1250, 1730, 2011, 2109, 2199, 2769, 2930, 2951, 2960, 3124|1612, 1770, 1886, 2109, 2237, 2365, 2887, 3171, 3264, 3265|77, 1902, 2102, 2197, 2199, 2709, 3264, 3345, 3371, 3377|219, 1789, 2001, 2020, 2269, 2535, 2963, 3371, 3469, 3528|2199, 2296, 2394, 2437, 2465, 2650, 2669, 3035, 3078, 3296|226, 1670, 2020, 2325, 2407, 2960, 3078, 3136, 3367, 3469|257, 2117, 2296, 2407, 2437, 3013, 3204, 3229, 3427, 3568|1928, 2183, 2207, 2391, 2488, 3093, 3577, 3664, 3697, 3707|1758, 1812, 1834, 1841, 2471, 2814, 2951, 3452, 3484, 3570|261, 568, 801, 2217, 2520, 3093, 3664, 3728, 3766, 3824|344, 1841, 2616, 2699, 2782, 3168, 3265, 3347, 3728, 3766|2301, 2472, 2567, 2699, 2763, 3164, 3548, 3618, 3824, 3911|1411, 2763, 2832, 2928, 2929, 3018, 3249, 3380, 3821, 3886|928, 2465, 2556, 2812, 3018, 3484, 3528, 3541, 3570, 3738|2556, 2642, 2733, 3005, 3074, 3337, 3809, 3896, 3994, 4037|2167, 2366, 2506, 2912, 3033, 3200, 3229, 3505, 3639, 3979|]
jobshop_swv13-dl-13	4050	180000	false	--	[|0, 68, 107, 186, 258, 323, 405, 438, 520, 586|0, 14, 59, 77, 149, 176, 233, 323, 342, 405|149, 176, 258, 323, 341, 360, 520, 641, 722, 787|59, 129, 186, 253, 292, 387, 399, 455, 546, 644|14, 174, 341, 379, 406, 735, 802, 897, 957, 1043|354, 444, 499, 568, 644, 787, 881, 938, 1003, 1083|0, 225, 499, 589, 741, 1003, 1072, 1107, 1188, 1282|129, 292, 329, 444, 448, 802, 1072, 1151, 1155, 1188|217, 589, 665, 762, 833, 1155, 1282, 1379, 1443, 1527|253, 406, 665, 762, 835, 1185, 1273, 1373, 1443, 1512|148, 448, 736, 782, 852, 1151, 1273, 1389, 1527, 1616|273, 345, 379, 544, 644, 1302, 1381, 1616, 1696, 1781|238, 483, 566, 744, 839, 957, 1080, 1373, 1512, 1675|0, 703, 882, 973, 1058, 1085, 1221, 1383, 1570, 1664|68, 203, 363, 763, 843, 939, 1460, 1569, 1696, 1772|294, 340, 641, 887, 928, 939, 1541, 1597, 1664, 1781|8, 892, 973, 1085, 1157, 1242, 1381, 1429, 1813, 1865|0, 666, 839, 939, 1013, 1197, 1772, 1948, 2038, 2089|213, 329, 841, 1013, 1017, 1139, 1855, 1912, 2038, 2169|23, 1157, 1250, 1315, 1381, 1597, 1689, 1924, 2009, 2132|107, 360, 703, 939, 1058, 1912, 2009, 2226, 2249, 2260|1028, 1124, 1134, 1315, 1374, 1975, 2001, 2037, 2249, 2286|969, 1065, 1250, 1326, 1381, 1445, 2102, 2197, 2202, 2344|29, 1468, 1552, 1652, 1728, 1818, 2197, 2292, 2386, 2442|416, 516, 1124, 1208, 1250, 2292, 2406, 2527, 2586, 2646|613, 1208, 1477, 1557, 1652, 2308, 2430, 2437, 2530, 2586|379, 725, 898, 1096, 1287, 1602, 1756, 2389, 2530, 2561|44, 1073, 1374, 1601, 1658, 1705, 2089, 2437, 2646, 2700|387, 1134, 1347, 1557, 1728, 1874, 2472, 2620, 2709, 2782|52, 1389, 1428, 1472, 1658, 1721, 2202, 2336, 2487, 2782|567, 1012, 1151, 1388, 1428, 2561, 2652, 2751, 2835, 2902|70, 1712, 1794, 1813, 1832, 2577, 2736, 2769, 2848, 2930|1473, 1782, 1858, 1928, 2011, 2102, 2386, 2647, 2819, 2978|1472, 1568, 1592, 1717, 1858, 1886, 1907, 2800, 3070, 3124|1250, 1730, 2011, 2109, 2199, 2769, 2930, 2951, 2960, 3124|1612, 1770, 1886, 2109, 2237, 2365, 2887, 3171, 3264, 3265|77, 1902, 2102, 2197, 2199, 2709, 3264, 3345, 3371, 3377|219, 1789, 2001, 2020, 2269, 2535, 2963, 3371, 3469, 3528|2199, 2296, 2394, 2437, 2465, 2650, 2669, 3035, 3078, 3296|226, 1670, 2020, 2325, 2407, 2960, 3078, 3136, 3367, 3469|257, 2117, 2296, 2407, 2437, 3013, 3204, 3229, 3427, 3568|1928, 2183, 2207, 2391, 2488, 3093, 3577, 3664, 3697, 3707|1758, 1812, 1834, 1841, 2471, 2814, 2951, 3452, 3484, 3570|261, 568, 801, 2217, 2520, 3093, 3664, 3728, 3766, 3824|344, 1841, 2616, 2699, 2782, 3168, 3265, 3347, 3728, 3766|2301, 2472, 2567, 2699, 2763, 3164, 3548, 3618, 3824, 3911|1411, 2763, 2832, 2928, 2929, 3018, 3249, 3380, 3821, 3886|928, 2465, 2556, 2812, 3027, 3484, 3528, 3541, 3570, 3738|2556, 2642, 2733, 2912, 2981, 3337, 3809, 3896, 3994, 4037|1296, 2366, 2472, 3033, 3148, 3191, 3485, 3505, 3639, 3979|]
jobshop_swv13-dl-13	4050	180000	false	--	[|0, 68, 107, 186, 258, 323, 405, 438, 520, 586|0, 14, 59, 77, 149, 176, 233, 323, 342, 405|149, 176, 258, 323, 341, 360, 520, 641, 722, 787|59, 129, 186, 253, 292, 387, 399, 455, 546, 644|14, 174, 341, 379, 406, 735, 802, 897, 957, 1043|354, 444, 499, 568, 644, 787, 881, 938, 1003, 1083|0, 225, 499, 589, 741, 1003, 1072, 1107, 1188, 1282|129, 292, 329, 444, 448, 802, 1072, 1151, 1155, 1188|217, 589, 665, 762, 833, 1155, 1282, 1379, 1443, 1527|253, 406, 665, 762, 835, 1185, 1273, 1373, 1443, 1512|148, 448, 736, 782, 852, 1151, 1273, 1389, 1527, 1616|273, 345, 379, 544, 644, 1302, 1381, 1616, 1696, 1781|238, 483, 566, 744, 839, 957, 1080, 1373, 1512, 1675|0, 703, 882, 973, 1058, 1085, 1221, 1383, 1570, 1664|68, 203, 363, 763, 843, 939, 1460, 1569, 1696, 1772|294, 340, 641, 887, 928, 939, 1541, 1597, 1664, 1781|8, 892, 973, 1085, 1157, 1242, 1381, 1429, 1813, 1865|0, 666, 839, 939, 1013, 1197, 1772, 1948, 2038, 2089|213, 329, 841, 1013, 1017, 1139, 1855, 1912, 2038, 2169|23, 1157, 1250, 1315, 1381, 1597, 1689, 1924, 2009, 2132|107, 360, 703, 939, 1058, 1912, 2009, 2226, 2249, 2260|1028, 1124, 1134, 1315, 1374, 1975, 2001, 2037, 2249, 2286|969, 1065, 1250, 1326, 1381, 1445, 2102, 2197, 2202, 2344|29, 1468, 1552, 1652, 1728, 1818, 2197, 2292, 2386, 2442|416, 516, 1124, 1208, 1250, 2292, 2406, 2527, 2586, 2646|613, 1208, 1477, 1557, 1652, 2308, 2430, 2437, 2530, 2586|379, 725, 898, 1096, 1287, 1602, 1756, 2389, 2530, 2561|44, 1073, 1374, 1601, 1658, 1705, 2089, 2437, 2646, 2700|387, 1134, 1347, 1557, 1728, 1874, 2472, 2620, 2709, 2782|52, 1389, 1428, 1472, 1658, 1721, 2202, 2336, 2487, 2782|567, 1012, 1151, 1388, 1428, 2561, 2652, 2751, 2835, 2902|70, 1712, 1794, 1813, 1832, 2577, 2736, 2769, 2848, 2930|1473, 1782, 1858, 1928, 2011, 2102, 2386, 2647, 2819, 2978|1472, 1568, 1592, 1717, 1858, 1886, 1907, 2800, 3070, 3124|1250, 1730, 2011, 2109, 2199, 2769, 2930, 2951, 2960, 3124|1612, 1770, 1886, 2109, 2237, 2365, 2887, 3171, 3264, 3265|77, 1902, 2102, 2197, 2199, 2709, 3264, 3345, 3371, 3377|219, 1789, 2001, 2020, 2269, 2535, 2963, 3371, 3469, 3528|2199, 2296, 2394, 2437, 2465, 2650, 2669, 3035, 3078, 3296|226, 1670, 2020, 2325, 2407, 2960, 3078, 3136, 3367, 3469|257, 2117, 2296, 2407, 2437, 3013, 3204, 3229, 3427, 3568|1928, 2183, 2207, 2391, 2488, 3093, 3577, 3664, 3697, 3707|1758, 1812, 1834, 1841, 2471, 2814, 2951, 3452, 3484, 3570|261, 568, 801, 2217, 2520, 3093, 3664, 3728, 3766, 3824|344, 1841, 2616, 2699, 2782, 3168, 3265, 3428, 3728, 3766|2301, 2472, 2567, 2699, 2763, 3164, 3548, 3618, 3824, 3911|1411, 2763, 2832, 2928, 2929, 3018, 3249, 3337, 3821, 3886|928, 2465, 2556, 2812, 3018, 3484, 3528, 3541, 3570, 3738|2556, 2642, 2733, 2912, 2981, 3337, 3809, 3896, 3994, 4037|2053, 2366, 2509, 3076, 3169, 3191, 3229, 3505, 3661, 4025|]
jobshop_swv13-dl-16	4050	180000	false	--	[|0, 68, 107, 186, 258, 323, 405, 438, 520, 586|0, 14, 59, 77, 149, 176, 233, 323, 342, 405|149, 176, 258, 323, 341, 360, 520, 641, 722, 787|59, 129, 186, 253, 292, 387, 399, 455, 546, 644|14, 174, 341, 379, 406, 735, 802, 897, 957, 1043|354, 444, 499, 568, 644, 787, 881, 938, 1003, 1083|0, 225, 499, 589, 741, 1003, 1072, 1107, 1188, 1282|129, 292, 329, 444, 448, 802, 1072, 1151, 1155, 1188|217, 589, 665, 762, 833, 1155, 1282, 1379, 1443, 1527|253, 406, 665, 762, 835, 1185, 1273, 1373, 1443, 1512|148, 448, 736, 782, 852, 1151, 1273, 1389, 1527, 1616|273, 345, 379, 544, 644, 1302, 1381, 1616, 1696, 1781|238, 483, 566, 744, 839, 957, 1080, 1373, 1512, 1675|0, 703, 882, 973, 1058, 1085, 1221, 1383, 1570, 1664|68, 203, 363, 763, 843, 939, 1460, 1569, 1696, 1772|294, 340, 641, 887, 928, 939, 1541, 1597, 1664, 1781|8, 892, 973, 1085, 1157, 1242, 1381, 1429, 1813, 1865|0, 666, 839, 939, 1013, 1197, 1772, 1948, 2038, 2089|213, 329, 841, 1013, 1017, 1139, 1855, 1912, 2038, 2169|23, 1157, 1250, 1315, 1381, 1597, 1689, 1924, 2009, 2132|107, 360, 703, 939, 1058, 1912, 2009, 2226, 2249, 2260|1028, 1124, 1134, 1315, 1374, 1975, 2001, 2037, 2249, 2286|969, 1065, 1250, 1326, 1381, 1445, 2102, 2197, 2202, 2344|29, 1468, 1552, 1652, 1728, 1818, 2197, 2292, 2386, 2442|416, 516, 1124, 1208, 1250, 2292, 2406, 2527, 2586, 2646|613, 1208, 1477, 1557, 1652, 2308, 2430, 2437, 2530, 2586|379, 725, 898, 1096, 1287, 1602, 1756, 2389, 2530, 2561|44, 1073, 1374, 1601, 1658, 1705, 2089, 2437, 2646, 2700|387, 1134, 1347, 1557, 1728, 1874, 2472, 2620, 2709, 2782|52, 1389, 1428, 1472, 1658, 1721, 2202, 2336, 2487, 2782|567, 1012, 1151, 1388, 1428, 2561, 2652, 2751, 2835, 2902|70, 1712, 1794, 1813, 1832, 2577, 2736, 2769, 2848, 2930|1473, 1782, 1858, 1928, 2011, 2102, 2386, 2647, 2819, 2978|1472, 1568, 1592, 1717, 1858, 1886, 1907, 2800, 3070, 3124|1250, 1730, 2011, 2109, 2199, 2769, 2930, 2951, 2960, 3124|1612, 1770, 1886, 2109, 2237, 2365, 2887, 3171, 3264, 3265|77, 1902, 2102, 2197, 2199, 2709, 3264, 3345, 3371, 3377|219, 1789, 2001, 2020, 2269, 2535, 2963, 3371, 3469, 3528|2199, 2296, 2394, 2437, 2465, 2650, 2669, 3035, 3078, 3296|226, 1670, 2020, 2325, 2407, 2960, 3078, 3136, 3367, 3469|257, 2117, 2296, 2407, 2437, 3013, 3204, 3229, 3427, 3568|1928, 2183, 2207, 2391, 2488, 3093, 3577, 3664, 3697, 3707|1758, 1812, 1834, 1841, 2471, 2814, 2951, 3452, 3484, 3570|261, 568, 801, 2217, 2520, 3093, 3664, 3728, 3766, 3824|344, 1841, 2616, 2699, 2782, 3168, 3265, 3347, 3728, 3766|2301, 2472, 2567, 2699, 2763, 3164, 3548, 3618, 3824, 3911|1411, 2763, 2832, 2928, 2929, 3018, 3249, 3380, 3821, 3886|928, 2465, 2556, 2812, 3018, 3484, 3528, 3541, 3570, 3738|2556, 2642, 2733, 2912, 2981, 3337, 3809, 3896, 3994, 4037|276, 2693, 2930, 2981, 3100, 3196, 3230, 3504, 3645, 3979|]
jobshop_swv13-dl-16	4050	180000	false	--	[|0, 68, 107, 186, 258, 323, 405, 438, 520, 586|0, 14, 59, 77, 149, 176, 233, 323, 342, 405|149, 176, 258, 323, 341, 360, 520, 641, 722, 787|59, 129, 186, 253, 292, 387, 399, 455, 546, 644|14, 174, 341, 379, 406, 735, 802, 897, 957, 1043|354, 444, 499, 568, 644, 787, 881, 938, 1003, 1083|0, 225, 499, 589, 741, 1003, 1072, 1107, 1188, 1282|129, 292, 329, 444, 448, 802, 1072, 1151, 1155, 1188|217, 589, 665, 762, 833, 1155, 1282, 1379, 1443, 1527|253, 406, 665, 762, 835, 1185, 1273, 1373, 1443, 1512|148, 448, 736, 782, 852, 1151, 1273, 1389, 1527, 1616|273, 345, 379, 544, 644, 1302, 1381, 1616, 1696, 1781|238, 483, 566, 744, 839, 957, 1080, 1373, 1512, 1675|0, 703, 882, 973, 1058, 1085, 1221, 1383, 1570, 1664|68, 203, 363, 763, 843, 939, 1460, 1569, 1696, 1772|294, 340, 641, 887, 928, 939, 1541, 1597, 1664, 1781|8, 892, 973, 1085, 1157, 1242, 1381, 1429, 1813, 1865|0, 666, 839, 939, 1013, 1197, 1772, 1948, 2038, 2089|213, 329, 841, 1013, 1017, 1139, 1855, 1912, 2038, 2169|23, 1157, 1250, 1315, 1381, 1597, 1689, 1924, 2009, 2132|107, 360, 703, 939, 1058, 1912, 2009, 2226, 2249, 2260|1028, 1124, 1134, 1315, 1374, 1975, 2001, 2037, 2249, 2286|969, 1065, 1250, 1326, 1381, 1445, 2102, 2197, 2202, 2344|29, 1468, 1552, 1652, 1728, 1818, 2197, 2292, 2386, 2442|416, 516, 1124, 1208, 1250, 2292, 2406, 2527, 2586, 2646|613, 1208, 1477, 1557, 1652, 2308, 2430, 2437, 2530, 2586|379, 725, 898, 1096, 1287, 1602, 1756, 2389, 2530, 2561|44, 1073, 1374, 1601, 1658, 1705, 2089, 2437, 2646, 2700|387, 1134, 1347, 1557, 1728, 1874, 2472, 2620, 2709, 2782|52, 1389, 1428, 1472, 1658, 1721, 2202, 2336, 2487, 2782|567, 1012, 1151, 1388, 1428, 2561, 2652, 2751, 2835, 2902|70, 1712, 1794, 1813, 1832, 2577, 2736, 2769, 2848, 2930|1473, 1782, 1858, 1928, 2011, 2102, 2386, 2647, 2819, 2978|1472, 1568, 1592, 1717, 1858, 1886, 1907, 2800, 3070, 3124|1250, 1730, 2011, 2109, 2199, 2769, 2930, 2951, 2960, 3124|1612, 1770, 1886, 2109, 2237, 2365, 2887, 3171, 3264, 3265|77, 1902, 2102, 2197, 2199, 2709, 3264, 3345, 3371, 3377|219, 1789, 2001, 2020, 2269, 2535, 2963, 3371, 3469, 3528|2199, 2296, 2394, 2437, 2465, 2650, 2669, 3035, 3078, 3296|226, 1670, 2020, 2325, 2407, 2960, 3078, 3136, 3367, 3469|257, 2117, 2296, 2407, 2437, 3013, 3204, 3229, 3427, 3568|1928, 2183, 2207, 2391, 2488, 3093, 3577, 3664, 3697, 3707|1758, 1812, 1834, 1841, 2471, 2814, 2951, 3452, 3484, 3570|261, 568, 801, 2217, 2520, 3093, 3664, 3728, 3766, 3824|344, 1841, 2616, 2699, 2782, 3168, 3265, 3347, 3728, 3766|2301, 2472, 2567, 2699, 2763, 3164, 3548, 3618, 3824, 3911|1411, 2763, 2832, 2928, 2929, 3018, 3249, 3380, 3821, 3886|1569, 2465, 2556, 2812, 3018, 3484, 3528, 3541, 3570, 3738|2556, 2642, 2733, 2912, 2981, 3452, 3809, 3896, 3994, 4037|2151, 2691, 2866, 3002, 3110, 3201, 3229, 3515, 3639, 3999|]
jobshop_swv14-dl-10	4119	180000	false	--	[|0, 69, 106, 170, 171, 236, 270, 337, 380, 452|0, 11, 18, 86, 236, 288, 317, 452, 533, 545|129, 219, 248, 288, 289, 380, 418, 431, 533, 574|11, 106, 219, 302, 338, 388, 418, 574, 639, 695|302, 348, 387, 479, 532, 594, 662, 727, 801, 888|69, 82, 170, 479, 546, 671, 676, 770, 865, 893|57, 58, 348, 384, 470, 545, 581, 727, 888, 903|0, 384, 532, 621, 680, 893, 988, 1051, 1136, 1170|447, 546, 680, 762, 785, 811, 833, 868, 903, 934|0, 58, 132, 571, 644, 737, 988, 1065, 1170, 1259|171, 248, 460, 762, 778, 1094, 1173, 1259, 1319, 1339|249, 644, 698, 778, 798, 964, 1172, 1339, 1400, 1494|698, 821, 893, 984, 1059, 1136, 1319, 1400, 1471, 1534|18, 65, 515, 798, 862, 1271, 1365, 1471, 1502, 1587|550, 613, 984, 1071, 1160, 1351, 1353, 1502, 1594, 1638|153, 320, 683, 1071, 1212, 1565, 1675, 1729, 1820, 1877|86, 385, 718, 862, 938, 975, 985, 1065, 1374, 1638|18, 338, 811, 903, 1149, 1365, 1432, 1594, 1715, 1820|933, 1208, 1282, 1328, 1364, 1366, 1534, 1655, 1877, 1965|547, 1160, 1245, 1265, 1366, 1728, 1742, 1758, 1880, 1933|0, 613, 842, 906, 1282, 1412, 1742, 1965, 2032, 2127|275, 1328, 1460, 1465, 1531, 1639, 1758, 2127, 2167, 2168|4, 478, 1023, 1361, 1386, 1461, 1654, 1745, 1791, 1876|713, 1046, 1386, 1608, 1664, 2032, 2172, 2238, 2280, 2327|966, 1138, 1485, 1664, 1745, 1826, 2111, 2167, 2238, 2327|1223, 1261, 1265, 1557, 1655, 1860, 2181, 2237, 2263, 2306|1066, 1353, 1414, 1683, 1776, 1900, 2120, 2280, 2370, 2447|961, 1134, 1407, 1476, 1655, 1903, 1957, 2199, 2492, 2565|1023, 1544, 1679, 1731, 1820, 2306, 2447, 2506, 2529, 2565|1682, 1857, 1951, 1972, 2050, 2135, 2350, 2600, 2628, 2720|1531, 1776, 1873, 1881, 1908, 2004, 2201, 2628, 2724, 2792|387, 470, 1616, 1873, 2135, 2214, 2440, 2720, 2807, 2823|1908, 1993, 2017, 2214, 2255, 2385, 2548, 2600, 2807, 2882|232, 1230, 1444, 1665, 1798, 1976, 2024, 2299, 2506, 2598|126, 279, 630, 1753, 1874, 2724, 2836, 2882, 2934, 2977|55, 1951, 2009, 2075, 2255, 2405, 2447, 2934, 2983, 3051|629, 1109, 2075, 2273, 2293, 2406, 2484, 2802, 2983, 3045|1597, 2040, 2142, 2151, 2293, 2600, 3040, 3117, 3136, 3168|2219, 2314, 2372, 2437, 2517, 2959, 3046, 3089, 3118, 3127|785, 906, 938, 1319, 1773, 3038, 3234, 3291, 3368, 3451|30, 2123, 2190, 2304, 2370, 2827, 3127, 3173, 3185, 3202|2190, 2314, 2372, 2437, 2537, 2917, 3298, 3368, 3451, 3542|641, 2151, 2304, 2370, 2440, 2628, 2823, 2980, 3357, 3631|1815, 1881, 1947, 2517, 2594, 3443, 3697, 3729, 3788, 3825|36, 303, 1465, 1807, 2440, 2645, 2717, 2988, 3173, 3443|307, 2224, 2594, 2686, 2704, 3232, 3264, 3537, 3587, 3651|39, 2017, 2247, 2339, 2549, 3291, 3542, 3729, 3825, 3876|2339, 2537, 2686, 2782, 2840, 3391, 3587, 3651, 3743, 3815|1513, 1815, 1820, 2616, 2849, 3728, 3876, 3923, 3956, 4006|1827, 2773, 2900, 3025, 3146, 3265, 3745, 3832, 4006, 4075|]
jobshop_swv14-dl-10	4119	180000	false	--	[|0, 69, 106, 170, 171, 236, 270, 337, 380, 452|0, 11, 18, 86, 236, 288, 317, 452, 533, 545|129, 219, 248, 288, 289, 380, 418, 431, 533, 574|11, 106, 219, 302, 338, 388, 418, 574, 639, 695|302, 348, 387, 479, 532, 594, 662, 727, 801, 888|69, 82, 170, 479, 546, 671, 676, 770, 865, 893|57, 58, 348, 384, 470, 545, 581, 727, 888, 903|0, 384, 532, 621, 680, 893, 988, 1051, 1136, 1170|447, 546, 680, 762, 785, 811, 833, 868, 903, 934|0, 58, 132, 571, 644, 737, 988, 1065, 1170, 1259|171, 248, 460, 762, 778, 1094, 1173, 1259, 1319, 1339|249, 644, 698, 778, 798, 964, 1172, 1339, 1400, 1494|698, 821, 893, 984, 1059, 1136, 1319, 1400, 1471, 1534|18, 65, 515, 798, 862, 1271, 1365, 1471, 1502, 1587|550, 613, 984, 1071, 1160, 1351, 1353, 1502, 1594, 1638|153, 320, 683, 1071, 1212, 1565, 1675, 1729, 1820, 1877|86, 385, 718, 862, 938, 975, 985, 1065, 1374, 1638|18, 338, 811, 903, 1149, 1365, 1432, 1594, 1715, 1820|933, 1208, 1282, 1328, 1364, 1366, 1534, 1655, 1877, 1965|547, 1160, 1245, 1265, 1366, 1728, 1742, 1758, 1880, 1933|0, 613, 842, 906, 1282, 1412, 1742, 1965, 2032, 2127|275, 1328, 1460, 1465, 1531, 1639, 1758, 2127, 2167, 2168|4, 478, 1023, 1361, 1386, 1461, 1654, 1745, 1791, 1876|713, 1046, 1386, 1608, 1664, 2032, 2172, 2238, 2280, 2327|966, 1138, 1485, 1664, 1745, 1826, 2111, 2167, 2238, 2327|1223, 1261, 1265, 1557, 1655, 1860, 2181, 2237, 2263, 2306|1066, 1353, 1414, 1683, 1776, 1900, 2120, 2280, 2370, 2447|961, 1134, 1407, 1476, 1655, 1903, 1957, 2199, 2492, 2565|1023, 1544, 1679, 1731, 1820, 2306, 2447, 2506, 2529, 2565|1682, 1857, 1951, 1972, 2050, 2135, 2350, 2600, 2628, 2720|1531, 1776, 1873, 1881, 1908, 2004, 2201, 2628, 2724, 2792|387, 470, 1616, 1873, 2135, 2214, 2440, 2720, 2807, 2823|1908, 1993, 2017, 2214, 2255, 2385, 2548, 2600, 2807, 2882|232, 1230, 1444, 1665, 1798, 1976, 2024, 2299, 2506, 2598|126, 279, 630, 1753, 1874, 2724, 2836, 2882, 2934, 2977|55, 1951, 2009, 2075, 2255, 2405, 2447, 2934, 2983, 3051|629, 1109, 2075, 2273, 2293, 2406, 2484, 2802, 2983, 3045|1597, 2040, 2142, 2151, 2293, 2600, 3040, 3117, 3136, 3168|2219, 2314, 2372, 2437, 2517, 2959, 3046, 3089, 3118, 3127|785, 906, 938, 1319, 1773, 3038, 3234, 3291, 3368, 3451|30, 2123, 2190, 2304, 2370, 2827, 3127, 3173, 3185, 3202|2190, 2314, 2372, 2437, 2537, 2917, 3298, 3368, 3451, 3542|641, 2151, 2304, 2370, 2440, 2628, 2823, 2980, 3357, 3631|1815, 1881, 1947, 2517, 2594, 3443, 3697, 3729, 3788, 3825|36, 303, 1465, 1807, 2440, 2645, 2717, 2988, 3173, 3443|307, 2224, 2594, 2686, 2704, 3232, 3264, 3537, 3587, 3651|39, 2017, 2247, 2339, 2549, 3291, 3542, 3729, 3825, 3876|2339, 2537, 2686, 2782, 2843, 3391, 3587, 3651, 3743, 3815|1534, 1815, 1820, 2616, 2840, 3728, 3876, 3923, 3956, 4017|1820, 2089, 2616, 2948, 2955, 3264, 3683, 3832, 4006, 4075|]
jobshop_swv14-dl-13	4119	180000	false	--	[|0, 69, 106, 170, 171, 236, 270, 337, 380, 452|0, 11, 18, 86, 236, 288, 317, 452, 533, 545|129, 219, 248, 288, 289, 380, 418, 431, 533, 574|11, 106, 219, 302, 338, 388, 418, 574, 639, 695|302, 348, 387, 479, 532, 594, 662, 727, 801, 888|69, 82, 170, 479, 546, 671, 676, 770, 865, 893|57, 58, 348, 384, 470, 545, 581, 727, 888, 903|0, 384, 532, 621, 680, 893, 988, 1051, 1136, 1170|447, 546, 680, 762, 785, 811, 833, 868, 903, 934|0, 58, 132, 571, 644, 737, 988, 1065, 1170, 1259|171, 248, 460, 762, 778, 1094, 1173, 1259, 1319, 1339|249, 644, 698, 778, 798, 964, 1172, 1339, 1400, 1494|698, 821, 893, 984, 1059, 1136, 1319, 1400, 1471, 1534|18, 65, 515, 798, 862, 1271, 1365, 1471, 1502, 1587|550, 613, 984, 1071, 1160, 1351, 1353, 1502, 1594, 1638|153, 320, 683, 1071, 1212, 1565, 1675, 1729, 1820, 1877|86, 385, 718, 862, 938, 975, 985, 1065, 1374, 1638|18, 338, 811, 903, 1149, 1365, 1432, 1594, 1715, 1820|933, 1208, 1282, 1328, 1364, 1366, 1534, 1655, 1877, 1965|547, 1160, 1245, 1265, 1366, 1728, 1742, 1758, 1880, 1933|0, 613, 842, 906, 1282, 1412, 1742, 1965, 2032, 2127|275, 1328, 1460, 1465, 1531, 1639, 1758, 2127, 2167, 2168|4, 478, 1023, 1361, 1386, 1461, 1654, 1745, 1791, 1876|713, 1046, 1386, 1608, 1664, 2032, 2172, 2238, 2280, 2327|966, 1138, 1485, 1664, 1745, 1826, 2111, 2167, 2238, 2327|1223, 1261, 1265, 1557, 1655, 1860, 2181, 2237, 2263, 2306|1066, 1353, 1414, 1683, 1776, 1900, 2120, 2280, 2370, 2447|961, 1134, 1407, 1476, 1655, 1903, 1957, 2199, 2492, 2565|1023, 1544, 1679, 1731, 1820, 2306, 2447, 2506, 2529, 2565|1682, 1857, 1951, 1972, 2050, 2135, 2350, 2600, 2628, 2720|1531, 1776, 1873, 1881, 1908, 2004, 2201, 2628, 2724, 2792|387, 470, 1616, 1873, 2135, 2214, 2440, 2720, 2807, 2823|1908, 1993, 2017, 2214, 2255, 2385, 2548, 2600, 2807, 2882|232, 1230, 1444, 1665, 1798, 1976, 2024, 2299, 2506, 2598|126, 279, 630, 1753, 1874, 2724, 2836, 2882, 2934, 2977|55, 1951, 2009, 2075, 2255, 2405, 2447, 2934, 2983, 3051|629, 1109, 2075, 2273, 2293, 2406, 2484, 2802, 2983, 3045|1597, 2040, 2142, 2151, 2293, 2600, 3040, 3117, 3136, 3168|2219, 2314, 2372, 2437, 2517, 2959, 3046, 3089, 3118, 3127|785, 906, 938, 1319, 1773, 3038, 3234, 3291, 3368, 3451|30, 2123, 2190, 2304, 2370, 2827, 3127, 3173, 3185, 3202|2190, 2314, 2372, 2437, 2537, 2917, 3298, 3368, 3451, 3542|641, 2151, 2304, 2370, 2440, 2628, 2823, 2980, 3357, 3631|1815, 1881, 1947, 2517, 2594, 3443, 3697, 3729, 3788, 3825|36, 303, 1465, 1807, 2440, 2645, 2717, 2988, 3173, 3443|307, 2224, 2594, 2686, 2704, 3232, 3264, 3537, 3587, 3651|39, 2017, 2247, 2339, 2549, 3291, 3542, 3729, 3825, 3944|2339, 2537, 2686, 2782, 2840, 3391, 3587, 3651, 3743, 3815|1513, 1815, 1820, 2617, 2840, 3728, 3876, 3923, 3956, 4006|1820, 2089, 2679, 2957, 3120, 3264, 3697, 3915, 4006, 4075|]
jobshop_swv14-dl-13	4057	180000	false	--	[|0, 69, 106, 170, 171, 236, 270, 337, 380, 452|0, 11, 18, 86, 236, 288, 317, 452, 533, 545|129, 219, 248, 288, 289, 380, 418, 431, 533, 574|11, 106, 219, 302, 338, 388, 418, 574, 639, 695|302, 348, 387, 479, 532, 594, 662, 727, 801, 888|69, 82, 170, 479, 546, 671, 676, 770, 865, 893|57, 58, 348, 384, 470, 545, 581, 727, 888, 903|0, 384, 532, 621, 680, 893, 988, 1051, 1136, 1170|447, 546, 680, 762, 785, 811, 833, 868, 903, 934|0, 58, 132, 571, 644, 737, 988, 1065, 1170, 1259|171, 248, 460, 762, 778, 1094, 1173, 1259, 1319, 1339|249, 644, 698, 778, 798, 964, 1172, 1339, 1400, 1494|698, 821, 893, 984, 1059, 1136, 1319, 1400, 1471, 1534|18, 65, 515, 798, 862, 1271, 1365, 1471, 1502, 1587|550, 613, 984, 1071, 1160, 1351, 1353, 1502, 1594, 1638|153, 320, 683, 1071, 1212, 1565, 1675, 1729, 1820, 1877|86, 385, 718, 862, 938, 975, 985, 1065, 1374, 1638|18, 338, 811, 903, 1149, 1365, 1432, 1594, 1715, 1820|933, 1208, 1282, 1328, 1364, 1366, 1534, 1655, 1877, 1965|547, 1160, 1245, 1265, 1366, 1728, 1742, 1758, 1880, 1933|0, 613, 842, 906, 1282, 1412, 1742, 1965, 2032, 2127|275, 1328, 1460, 1465, 1531, 1639, 1758, 2127, 2167, 2168|4, 478, 1023, 1361, 1386, 1461, 1654, 1745, 1791, 1876|713, 1046, 1386, 1608, 1664, 2032, 2172, 2238, 2280, 2327|966, 1138, 1485, 1664, 1745, 1826, 2111, 2167, 2238, 2327|1223, 1261, 1265, 1557, 1655, 1860, 2181, 2237, 2263, 2306|1066, 1353, 1414, 1683, 1776, 1900, 2120, 2280, 2370, 2447|961, 1134, 1407, 1476, 1655, 1903, 1957, 2199, 2492, 2565|1023, 1544, 1679, 1731, 1820, 2306, 2447, 2506, 2529, 2565|1682, 1857, 1951, 1972, 2050, 2135, 2350, 2600, 2628, 2720|1531, 1776, 1873, 1881, 1908, 2004, 2201, 2628, 2724, 2792|387, 470, 1616, 1873, 2135, 2214, 2440, 2720, 2807, 2823|1908, 1993, 2017, 2214, 2255, 2385, 2548, 2600, 2807, 2882|232, 1230, 1444, 1665, 1798, 1976, 2024, 2299, 2506, 2598|126, 279, 630, 1753, 1874, 2724, 2836, 2882, 2934, 2977|55, 1951, 2009, 2075, 2255, 2405, 2447, 2934, 2983, 3051|629, 1109, 2075, 2273, 2293, 2406, 2484, 2802, 2983, 3045|1597, 2040, 2142, 2151, 2293, 2600, 3040, 3117, 3136, 3168|2219, 2314, 2372, 2437, 2517, 2959, 3046, 3089, 3118, 3127|785, 906, 938, 1319, 1773, 3038, 3234, 3291, 3368, 3451|30, 2123, 2190, 2304, 2370, 2827, 3127, 3173, 3185, 3202|2190, 2314, 2372, 2437, 2537, 2917, 3298, 3368, 3451, 3542|641, 2151, 2304, 2370, 2440, 2628, 2823, 2980, 3357, 3631|1815, 1881, 1947, 2517, 2594, 3443, 3697, 3729, 3788, 3825|36, 303, 1465, 2387, 2440, 2645, 2717, 2988, 3173, 3443|307, 2224, 2594, 2686, 2704, 3232, 3264, 3537, 3587, 3651|39, 2017, 2247, 2339, 2549, 3291, 3542, 3729, 3825, 3876|2339, 2537, 2686, 2782, 2840, 3391, 3587, 3739, 3816, 3888|1513, 1815, 1820, 2616, 2840, 3651, 3739, 3788, 3894, 3944|1820, 2089, 2615, 2725, 3010, 3265, 3613, 3824, 3944, 4013|]
jobshop_swv14-dl-16	4119	180000	false	--	[|0, 69, 106, 170, 171, 236, 270, 337, 380, 452|0, 11, 18, 86, 236, 288, 317, 452, 533, 545|129, 219, 248, 288, 289, 380, 418, 431, 533, 574|11, 106, 219, 302, 338, 388, 418, 574, 639, 695|302, 348, 387, 479, 532, 594, 662, 727, 801, 888|69, 82, 170, 479, 546, 671, 676, 770, 865, 893|57, 58, 348, 384, 470, 545, 581, 727, 888, 903|0, 384, 532, 621, 680, 893, 988, 1051, 1136, 1170|447, 546, 680, 762, 785, 811, 833, 868, 903, 934|0, 58, 132, 571, 644, 737, 988, 1065, 1170, 1259|171, 248, 460, 762, 778, 1094, 1173, 1259, 1319, 1339|249, 644, 698, 778, 798, 964, 1172, 1339, 1400, 1494|698, 821, 893, 984, 1059, 1136, 1319, 1400, 1471, 1534|18, 65, 515, 798, 862, 1271, 1365, 1471, 1502, 1587|550, 613, 984, 1071, 1160, 1351, 1353, 1502, 1594, 1638|153, 320, 683, 1071, 1212, 1565, 1675, 1729, 1820, 1877|86, 385, 718, 862, 938, 975, 985, 1065, 1374, 1638|18, 338, 811, 903, 1149, 1365, 1432, 1594, 1715, 1820|933, 1208, 1282, 1328, 1364, 1366, 1534, 1655, 1877, 1965|547, 1160, 1245, 1265, 1366, 1728, 1742, 1758, 1880, 1933|0, 613, 842, 906, 1282, 1412, 1742, 1965, 2032, 2127|275, 1328, 1460, 1465, 1531, 1639, 1758, 2127, 2167, 2168|4, 478, 1023, 1361, 1386, 1461, 1654, 1745, 1791, 1876|713, 1046, 1386, 1608, 1664, 2032, 2172, 2238, 2280, 2327|966, 1138, 1485, 1664, 1745, 1826, 2111, 2167, 2238, 2327|1223, 1261, 1265, 1557, 1655, 1860, 2181, 2237, 2263, 2306|1066, 1353, 1414, 1683, 1776, 1900, 2120, 2280, 2370, 2447|961, 1134, 1407, 1476, 1655, 1903, 1957, 2199, 2492, 2565|1023, 1544, 1679, 1731, 1820, 2306, 2447, 2506, 2529, 2565|1682, 1857, 1951, 1972, 2050, 2135, 2350, 2600, 2628, 2720|1531, 1776, 1873, 1881, 1908, 2004, 2201, 2628, 2724, 2792|387, 470, 1616, 1873, 2135, 2214, 2440, 2720, 2807, 2823|1908, 1993, 2017, 2214, 2255, 2385, 2548, 2600, 2807, 2882|232, 1230, 1444, 1665, 1798, 1976, 2024, 2299, 2506, 2598|126, 279, 630, 1753, 1874, 2724, 2836, 2882, 2934, 2977|55, 1951, 2009, 2075, 2255, 2405, 2447, 2934, 2983, 3051|629, 1109, 2075, 2273, 2293, 2406, 2484, 2802, 2983, 3045|1597, 2040, 2142, 2151, 2293, 2600, 3040, 3117, 3136, 3168|2219, 2314, 2372, 2437, 2517, 2959, 3046, 3089, 3118, 3127|785, 906, 938, 1319, 1773, 3038, 3234, 3291, 3368, 3451|30, 2123, 2190, 2304, 2370, 2827, 3127, 3173, 3185, 3202|2190, 2314, 2372, 2437, 2537, 2917, 3298, 3368, 3451, 3542|641, 2151, 2304, 2370, 2440, 2628, 2823, 2980, 3357, 3631|1815, 1881, 1947, 2517, 2594, 3443, 3697, 3729, 3788, 3825|36, 303, 1465, 1807, 2440, 2645, 2717, 2988, 3173, 3443|307, 2224, 2594, 2686, 2704, 3232, 3264, 3537, 3587, 3651|39, 2017, 2247, 2339, 2549, 3291, 3542, 3729, 3825, 3876|2339, 2537, 2686, 2782, 2840, 3391, 3587, 3651, 3743, 3815|1513, 1815, 1820, 2616, 2840, 3728, 3876, 3923, 3956, 4006|1820, 2089, 2613, 2797, 2925, 3387, 3657, 3816, 4006, 4075|]
jobshop_swv14-dl-16	4119	180000	false	--	[|0, 69, 106, 170, 171, 236, 270, 337, 380, 452|0, 11, 18, 86, 236, 288, 317, 452, 533, 545|129, 219, 248, 288, 289, 380, 418, 431, 533, 574|11, 106, 219, 302, 338, 388, 418, 574, 639, 695|302, 348, 387, 479, 532, 594, 662, 727, 801, 888|69, 82, 170, 479, 546, 671, 676, 770, 865, 893|57, 58, 348, 384, 470, 545, 581, 727, 888, 903|0, 384, 532, 621, 680, 893, 988, 1051, 1136, 1170|447, 546, 680, 762, 785, 811, 833, 868, 903, 934|0, 58, 132, 571, 644, 737, 988, 1065, 1170, 1259|171, 248, 460, 762, 778, 1094, 1173, 1259, 1319, 1339|249, 644, 698, 778, 798, 964, 1172, 1339, 1400, 1494|698, 821, 893, 984, 1059, 1136, 1319, 1400, 1471, 1534|18, 65, 515, 798, 862, 1271, 1365, 1471, 1502, 1587|550, 613, 984, 1071, 1160, 1351, 1353, 1502, 1594, 1638|153, 320, 683, 1071, 1212, 1565, 1675, 1729, 1820, 1877|86, 385, 718, 862, 938, 975, 985, 1065, 1374, 1638|18, 338, 811, 903, 1149, 1365, 1432, 1594, 1715, 1820|933, 1208, 1282, 1328, 1364, 1366, 1534, 1655, 1877, 1965|547, 1160, 1245, 1265, 1366, 1728, 1742, 1758, 1880, 1933|0, 613, 842, 906, 1282, 1412, 1742, 1965, 2032, 2127|275, 1328, 1460, 1465, 1531, 1639, 1758, 2127, 2167, 2168|4, 478, 1023, 1361, 1386, 1461, 1654, 1745, 1791, 1876|713, 1046, 1386, 1608, 1664, 2032, 2172, 2238, 2280, 2327|966, 1138, 1485, 1664, 1745, 1826, 2111, 2167, 2238, 2327|1223, 1261, 1265, 1557, 1655, 1860, 2181, 2237, 2263, 2306|1066, 1353, 1414, 1683, 1776, 1900, 2120, 2280, 2370, 2447|961, 1134, 1407, 1476, 1655, 1903, 1957, 2199, 2492, 2565|1023, 1544, 1679, 1731, 1820, 2306, 2447, 2506, 2529, 2565|1682, 1857, 1951, 1972, 2050, 2135, 2350, 2600, 2628, 2720|1531, 1776, 1873, 1881, 1908, 2004, 2201, 2628, 2724, 2792|387, 470, 1616, 1873, 2135, 2214, 2440, 2720, 2807, 2823|1908, 1993, 2017, 2214, 2255, 2385, 2548, 2600, 2807, 2882|232, 1230, 1444, 1665, 1798, 1976, 2024, 2299, 2506, 2598|126, 279, 630, 1753, 1874, 2724, 2836, 2882, 2934, 2977|55, 1951, 2009, 2075, 2255, 2405, 2447, 2934, 2983, 3051|629, 1109, 2075, 2273, 2293, 2406, 2484, 2802, 2983, 3045|1597, 2040, 2142, 2151, 2293, 2600, 3040, 3117, 3136, 3168|2219, 2314, 2372, 2437, 2517, 2959, 3046, 3089, 3118, 3127|785, 906, 938, 1319, 1773, 3038, 3234, 3291, 3368, 3451|30, 2123, 2190, 2304, 2370, 2827, 3127, 3173, 3185, 3202|2190, 2314, 2372, 2437, 2537, 2917, 3298, 3368, 3451, 3542|641, 2151, 2304, 2370, 2440, 2628, 2823, 2980, 3357, 3631|1815, 1881, 1947, 2517, 2594, 3443, 3697, 3729, 3788, 3825|36, 303, 1465, 1807, 2440, 2645, 2717, 2988, 3173, 3443|307, 2224, 2594, 2686, 2704, 3232, 3264, 3537, 3587, 3651|39, 2017, 2247, 2339, 2549, 3291, 3542, 3729, 3825, 3876|2339, 2537, 2686, 2782, 2840, 3391, 3587, 3651, 3743, 3815|1513, 1815, 1820, 2616, 2840, 3728, 3876, 3923, 3956, 4006|1820, 2089, 2947, 3109, 3119, 3265, 3624, 3816, 4006, 4075|]
jobshop_yn4-dl-10	1558	180000	false	--	[|0, 34, 72, 93, 108, 150, 167, 208, 218, 244, 268, 299, 324, 355, 388, 423, 453, 469, 485, 515|0, 41, 74, 89, 127, 167, 205, 242, 262, 284, 318, 334, 373, 388, 407, 485, 524, 550, 569, 608|0, 34, 46, 56, 103, 150, 177, 196, 230, 263, 303, 355, 379, 443, 528, 572, 609, 631, 662, 701|41, 103, 149, 244, 289, 304, 329, 363, 387, 422, 437, 485, 504, 514, 562, 608, 636, 654, 671, 715|0, 47, 70, 196, 241, 280, 329, 361, 388, 404, 418, 437, 483, 493, 510, 572, 619, 701, 718, 739|0, 56, 76, 94, 131, 141, 157, 181, 199, 223, 241, 283, 296, 379, 453, 501, 619, 643, 666, 711|0, 47, 62, 141, 160, 181, 230, 246, 274, 394, 501, 643, 664, 694, 730, 747, 769, 812, 844, 867|27, 127, 142, 246, 319, 356, 437, 504, 547, 595, 636, 660, 685, 718, 750, 812, 849, 873, 897, 912|0, 34, 67, 92, 223, 274, 318, 404, 664, 747, 779, 844, 873, 902, 948, 965, 1013, 1052, 1092, 1133|0, 70, 230, 322, 371, 393, 510, 538, 595, 718, 750, 798, 809, 873, 897, 945, 964, 1011, 1060, 1106|26, 49, 97, 243, 387, 423, 438, 538, 562, 660, 683, 728, 741, 762, 809, 853, 934, 968, 990, 1001|72, 334, 383, 485, 622, 685, 720, 749, 793, 819, 948, 978, 1017, 1052, 1080, 1103, 1145, 1178, 1223, 1233|59, 157, 242, 284, 297, 308, 393, 421, 449, 462, 524, 545, 577, 743, 791, 802, 828, 861, 883, 968|97, 285, 337, 547, 590, 741, 798, 825, 861, 891, 910, 946, 977, 1024, 1065, 1106, 1146, 1178, 1191, 1253|0, 89, 149, 159, 194, 290, 333, 715, 769, 791, 806, 883, 926, 964, 980, 1092, 1132, 1181, 1219, 1235|117, 230, 297, 841, 878, 978, 1005, 1032, 1073, 1142, 1223, 1241, 1278, 1326, 1336, 1350, 1368, 1411, 1459, 1471|93, 160, 383, 470, 607, 643, 688, 720, 825, 1017, 1047, 1094, 1265, 1336, 1376, 1419, 1435, 1445, 1457, 1496|241, 590, 642, 755, 844, 884, 930, 951, 984, 1073, 1096, 1120, 1168, 1211, 1252, 1284, 1313, 1349, 1387, 1434|49, 119, 155, 333, 381, 449, 556, 602, 711, 757, 945, 976, 994, 1018, 1132, 1161, 1175, 1194, 1252, 1290|0, 381, 425, 470, 542, 637, 654, 730, 756, 793, 849, 904, 961, 1053, 1315, 1368, 1403, 1445, 1469, 1520|]
jobshop_yn4-dl-10	1558	180000	false	--	[|0, 34, 72, 93, 108, 150, 167, 208, 218, 244, 268, 299, 324, 355, 388, 423, 453, 469, 485, 515|0, 41, 74, 89, 127, 167, 205, 242, 262, 284, 318, 334, 373, 388, 407, 485, 524, 550, 569, 608|0, 34, 46, 56, 103, 150, 177, 196, 230, 263, 303, 355, 379, 443, 528, 572, 609, 631, 662, 701|41, 103, 149, 244, 289, 304, 329, 363, 387, 422, 437, 485, 504, 514, 562, 608, 636, 654, 671, 715|0, 47, 70, 196, 241, 280, 329, 361, 388, 404, 418, 437, 483, 493, 510, 572, 619, 701, 718, 739|0, 56, 76, 94, 131, 141, 157, 181, 199, 223, 241, 283, 296, 379, 453, 501, 619, 643, 666, 711|0, 47, 62, 141, 160, 181, 230, 246, 274, 394, 501, 643, 664, 694, 730, 747, 769, 812, 844, 867|27, 127, 142, 246, 319, 356, 437, 504, 547, 595, 636, 660, 685, 718, 750, 812, 849, 873, 897, 912|0, 34, 67, 92, 223, 274, 318, 404, 664, 747, 779, 844, 873, 902, 948, 965, 1013, 1052, 1092, 1133|0, 70, 230, 322, 371, 393, 510, 538, 595, 718, 750, 798, 809, 873, 897, 945, 964, 1011, 1060, 1106|26, 49, 97, 243, 387, 423, 438, 538, 562, 660, 683, 728, 741, 762, 809, 853, 934, 968, 990, 1001|72, 334, 383, 485, 622, 685, 720, 749, 793, 819, 948, 978, 1017, 1052, 1080, 1103, 1145, 1178, 1223, 1233|59, 157, 242, 284, 297, 308, 393, 421, 449, 462, 524, 545, 577, 743, 791, 802, 828, 861, 883, 968|97, 285, 337, 547, 590, 741, 798, 825, 861, 891, 910, 946, 977, 1024, 1065, 1106, 1146, 1178, 1191, 1253|0, 89, 149, 159, 194, 290, 333, 715, 769, 791, 806, 883, 926, 964, 980, 1092, 1132, 1181, 1219, 1235|117, 230, 297, 841, 878, 978, 1005, 1032, 1073, 1142, 1223, 1241, 1278, 1326, 1336, 1350, 1368, 1411, 1459, 1471|93, 160, 383, 470, 607, 643, 688, 720, 825, 1017, 1047, 1094, 1265, 1336, 1376, 1419, 1435, 1445, 1457, 1496|241, 590, 642, 755, 844, 884, 930, 951, 984, 1073, 1096, 1120, 1168, 1211, 1252, 1284, 1313, 1349, 1387, 1434|49, 119, 155, 333, 381, 449, 556, 602, 711, 757, 945, 976, 994, 1018, 1132, 1161, 1175, 1194, 1252, 1290|184, 381, 425, 468, 499, 637, 654, 730, 756, 793, 850, 904, 1059, 1221, 1329, 1368, 1403, 1445, 1469, 1520|]
jobshop_yn4-dl-13	1558	180000	false	--	[|0, 34, 72, 93, 108, 150, 167, 208, 218, 244, 268, 299, 324, 355, 388, 423, 453, 469, 485, 515|0, 41, 74, 89, 127, 167, 205, 242, 262, 284, 318, 334, 373, 388, 407, 485, 524, 550, 569, 608|0, 34, 46, 56, 103, 150, 177, 196, 230, 263, 303, 355, 379, 443, 528, 572, 609, 631, 662, 701|41, 103, 149, 244, 289, 304, 329, 363, 387, 422, 437, 485, 504, 514, 562, 608, 636, 654, 671, 715|0, 47, 70, 196, 241, 280, 329, 361, 388, 404, 418, 437, 483, 493, 510, 572, 619, 701, 718, 739|0, 56, 76, 94, 131, 141, 157, 181, 199, 223, 241, 283, 296, 379, 453, 501, 619, 643, 666, 711|0, 47, 62, 141, 160, 181, 230, 246, 274, 394, 501, 643, 664, 694, 730, 747, 769, 812, 844, 867|27, 127, 142, 246, 319, 356, 437, 504, 547, 595, 636, 660, 685, 718, 750, 812, 849, 873, 897, 912|0, 34, 67, 92, 223, 274, 318, 404, 664, 747, 779, 844, 873, 902, 948, 965, 1013, 1052, 1092, 1133|0, 70, 230, 322, 371, 393, 510, 538, 595, 718, 750, 798, 809, 873, 897, 945, 964, 1011, 1060, 1106|26, 49, 97, 243, 387, 423, 438, 538, 562, 660, 683, 728, 741, 762, 809, 853, 934, 968, 990, 1001|72, 334, 383, 485, 622, 685, 720, 749, 793, 819, 948, 978, 1017, 1052, 1080, 1103, 1145, 1178, 1223, 1233|59, 157, 242, 284, 297, 308, 393, 421, 449, 462, 524, 545, 577, 743, 791, 802, 828, 861, 883, 968|97, 285, 337, 547, 590, 741, 798, 825, 861, 891, 910, 946, 977, 1024, 1065, 1106, 1146, 1178, 1191, 1253|0, 89, 149, 159, 194, 290, 333, 715, 769, 791, 806, 883, 926, 964, 980, 1092, 1132, 1181, 1219, 1235|117, 230, 297, 841, 878, 978, 1005, 1032, 1073, 1142, 1223, 1241, 1278, 1326, 1336, 1350, 1368, 1411, 1459, 1471|93, 160, 383, 470, 607, 643, 688, 720, 825, 1017, 1047, 1094, 1265, 1336, 1376, 1419, 1435, 1445, 1457, 1496|241, 590, 642, 755, 844, 884, 930, 951, 984, 1073, 1096, 1120, 1168, 1211, 1252, 1284, 1313, 1349, 1387, 1434|49, 119, 155, 333, 381, 449, 556, 602, 711, 757, 945, 976, 994, 1018, 1132, 1161, 1175, 1194, 1252, 1290|0, 381, 425, 468, 499, 637, 654, 730, 756, 794, 849, 904, 967, 1045, 1121, 1368, 1403, 1445, 1469, 1520|]
jobshop_yn4-dl-13	1558	180000	false	--	[|0, 34, 72, 93, 108, 150, 167, 208, 218, 244, 268, 299, 324, 355, 388, 423, 453, 469, 485, 515|0, 41, 74, 89, 127, 167, 205, 242, 262, 284, 318, 334, 373, 388, 407, 485, 524, 550, 569, 608|0, 34, 46, 56, 103, 150, 177, 196, 230, 263, 303, 355, 379, 443, 528, 572, 609, 631, 662, 701|41, 103, 149, 244, 289, 304, 329, 363, 387, 422, 437, 485, 504, 514, 562, 608, 636, 654, 671, 715|0, 47, 70, 196, 241, 280, 329, 361, 388, 404, 418, 437, 483, 493, 510, 572, 619, 701, 718, 739|0, 56, 76, 94, 131, 141, 157, 181, 199, 223, 241, 283, 296, 379, 453, 501, 619, 643, 666, 711|0, 47, 62, 141, 160, 181, 230, 246, 274, 394, 501, 643, 664, 694, 730, 747, 769, 812, 844, 867|27, 127, 142, 246, 319, 356, 437, 504, 547, 595, 636, 660, 685, 718, 750, 812, 849, 873, 897, 912|0, 34, 67, 92, 223, 274, 318, 404, 664, 747, 779, 844, 873, 902, 948, 965, 1013, 1052, 1092, 1133|0, 70, 230, 322, 371, 393, 510, 538, 595, 718, 750, 798, 809, 873, 897, 945, 964, 1011, 1060, 1106|26, 49, 97, 243, 387, 423, 438, 538, 562, 660, 683, 728, 741, 762, 809, 853, 934, 968, 990, 1001|72, 334, 383, 485, 622, 685, 720, 749, 793, 819, 948, 978, 1017, 1052, 1080, 1103, 1145, 1178, 1223, 1233|59, 157, 242, 284, 297, 308, 393, 421, 449, 462, 524, 545, 577, 743, 791, 802, 828, 861, 883, 968|97, 285, 337, 547, 590, 741, 798, 825, 861, 891, 910, 946, 977, 1024, 1065, 1106, 1146, 1178, 1191, 1253|0, 89, 149, 159, 194, 290, 333, 715, 769, 791, 806, 883, 926, 964, 980, 1092, 1132, 1181, 1219, 1235|117, 230, 297, 841, 878, 978, 1005, 1032, 1073, 1142, 1223, 1241, 1278, 1326, 1336, 1350, 1368, 1411, 1459, 1471|93, 160, 383, 470, 607, 643, 688, 720, 825, 1017, 1047, 1094, 1265, 1336, 1376, 1419, 1435, 1445, 1457, 1496|241, 590, 642, 755, 844, 884, 930, 951, 984, 1073, 1096, 1120, 1168, 1211, 1252, 1284, 1313, 1349, 1387, 1434|49, 119, 155, 333, 381, 449, 556, 602, 711, 757, 945, 976, 994, 1025, 1132, 1161, 1175, 1194, 1252, 1290|0, 381, 425, 468, 576, 637, 674, 730, 756, 793, 850, 904, 967, 1120, 1198, 1368, 1403, 1445, 1469, 1520|]
jobshop_yn4-dl-16	1558	180000	false	--	[|0, 34, 72, 93, 108, 150, 167, 208, 218, 244, 268, 299, 324, 355, 388, 423, 453, 469, 485, 515|0, 41, 74, 89, 127, 167, 205, 242, 262, 284, 318, 334, 373, 388, 407, 485, 524, 550, 569, 608|0, 34, 46, 56, 103, 150, 177, 196, 230, 263, 303, 355, 379, 443, 528, 572, 609, 631, 662, 701|41, 103, 149, 244, 289, 304, 329, 363, 387, 422, 437, 485, 504, 514, 562, 608, 636, 654, 671, 715|0, 47, 70, 196, 241, 280, 329, 361, 388, 404, 418, 437, 483, 493, 510, 572, 619, 701, 718, 739|0, 56, 76, 94, 131, 141, 157, 181, 199, 223, 241, 283, 296, 379, 453, 501, 619, 643, 666, 711|0, 47, 62, 141, 160, 181, 230, 246, 274, 394, 501, 643, 664, 694, 730, 747, 769, 812, 844, 867|27, 127, 142, 246, 319, 356, 437, 504, 547, 595, 636, 660, 685, 718, 750, 812, 849, 873, 897, 912|0, 34, 67, 92, 223, 274, 318, 404, 664, 747, 779, 844, 873, 902, 948, 965, 1013, 1052, 1092, 1133|0, 70, 230, 322, 371, 393, 510, 538, 595, 718, 750, 798, 809, 873, 897, 945, 964, 1011, 1060, 1106|26, 49, 97, 243, 387, 423, 438, 538, 562, 660, 683, 728, 741, 762, 809, 853, 934, 968, 990, 1001|72, 334, 383, 485, 622, 685, 720, 749, 793, 819, 948, 978, 1017, 1052, 1080, 1103, 1145, 1178, 1223, 1233|59, 157, 242, 284, 297, 308, 393, 421, 449, 462, 524, 545, 577, 743, 791, 802, 828, 861, 883, 968|97, 285, 337, 547, 590, 741, 798, 825, 861, 891, 910, 946, 977, 1024, 1065, 1106, 1146, 1178, 1191, 1253|0, 89, 149, 159, 194, 290, 333, 715, 769, 791, 806, 883, 926, 964, 980, 1092, 1132, 1181, 1219, 1235|117, 230, 297, 841, 878, 978, 1005, 1032, 1073, 1142, 1223, 1241, 1278, 1326, 1336, 1350, 1368, 1411, 1459, 1471|93, 160, 383, 470, 607, 643, 688, 720, 825, 1017, 1047, 1094, 1265, 1336, 1376, 1419, 1435, 1445, 1457, 1496|241, 590, 642, 755, 844, 884, 930, 951, 984, 1073, 1096, 1120, 1168, 1211, 1252, 1284, 1313, 1349, 1387, 1434|49, 119, 155, 333, 381, 449, 556, 602, 711, 757, 945, 976, 994, 1018, 1132, 1161, 1175, 1194, 1252, 1290|193, 381, 425, 468, 499, 637, 673, 730, 756, 793, 853, 904, 967, 1154, 1313, 1368, 1403, 1445, 1469, 1520|]
jobshop_yn4-dl-16	1558	180000	false	--	[|0, 34, 72, 93, 108, 150, 167, 208, 218, 244, 268, 299, 324, 355, 388, 423, 453, 469, 485, 515|0, 41, 74, 89, 127, 167, 205, 242, 262, 284, 318, 334, 373, 388, 407, 485, 524, 550, 569, 608|0, 34, 46, 56, 103, 150, 177, 196, 230, 263, 303, 355, 379, 443, 528, 572, 609, 631, 662, 701|41, 103, 149, 244, 289, 304, 329, 363, 387, 422, 437, 485, 504, 514, 562, 608, 636, 654, 671, 715|0, 47, 70, 196, 241, 280, 329, 361, 388, 404, 418, 437, 483, 493, 510, 572, 619, 701, 718, 739|0, 56, 76, 94, 131, 141, 157, 181, 199, 223, 241, 283, 296, 379, 453, 501, 619, 643, 666, 711|0, 47, 62, 141, 160, 181, 230, 246, 274, 394, 501, 643, 664, 694, 730, 747, 769, 812, 844, 867|27, 127, 142, 246, 319, 356, 437, 504, 547, 595, 636, 660, 685, 718, 750, 812, 849, 873, 897, 912|0, 34, 67, 92, 223, 274, 318, 404, 664, 747, 779, 844, 873, 902, 948, 965, 1013, 1052, 1092, 1133|0, 70, 230, 322, 371, 393, 510, 538, 595, 718, 750, 798, 809, 873, 897, 945, 964, 1011, 1060, 1106|26, 49, 97, 243, 387, 423, 438, 538, 562, 660, 683, 728, 741, 762, 809, 853, 934, 968, 990, 1001|72, 334, 383, 485, 622, 685, 720, 749, 793, 819, 948, 978, 1017, 1052, 1080, 1103, 1145, 1178, 1223, 1233|59, 157, 242, 284, 297, 308, 393, 421, 449, 462, 524, 545, 577, 743, 791, 802, 828, 861, 883, 968|97, 285, 337, 547, 590, 741, 798, 825, 861, 891, 910, 946, 977, 1024, 1065, 1106, 1146, 1178, 1191, 1253|0, 89, 149, 159, 194, 290, 333, 715, 769, 791, 806, 883, 926, 964, 980, 1092, 1132, 1181, 1219, 1235|117, 230, 297, 841, 878, 978, 1005, 1032, 1073, 1142, 1223, 1241, 1278, 1326, 1336, 1350, 1368, 1411, 1459, 1471|93, 160, 383, 470, 607, 643, 688, 720, 825, 1017, 1047, 1094, 1265, 1336, 1376, 1419, 1435, 1445, 1457, 1496|241, 590, 642, 755, 844, 884, 930, 951, 984, 1073, 1096, 1120, 1168, 1211, 1252, 1284, 1313, 1349, 1387, 1434|49, 119, 155, 333, 381, 449, 556, 602, 711, 757, 945, 976, 994, 1018, 1132, 1161, 1175, 1194, 1252, 1290|13, 381, 425, 468, 499, 637, 654, 730, 756, 793, 850, 904, 1053, 1134, 1183, 1368, 1403, 1445, 1469, 1520|]
