n100w120.001	--	180000	false	--	--
n100w120.002	893	180000	false	--	[34, 68, 51, 86, 53, 30, 8, 11, 14, 17, 22, 23, 62, 72, 12, 4, 26, 70, 74, 3, 13, 93, 55, 64, 52, 27, 28, 44, 75, 5, 58, 39, 83, 84, 61, 33, 89, 7, 20, 43, 69, 1, 21, 54, 73, 67, 42, 2, 41, 78, 95, 92, 85, 46, 56, 76, 25, 38, 97, 79, 6, 100, 40, 29, 10, 57, 48, 96, 45, 91, 80, 19, 65, 98, 59, 94, 31, 90, 9, 77, 60, 37, 24, 32, 66, 15, 81, 71, 63, 49, 16, 88, 47, 35, 50, 101, 99, 36, 18, 87, 82, 893, 558, 779, 244, 160, 170, 61, 46, 362, 679, 34, 220, 403, 356, 227, 255, 664, 267, 337, 788, 410, 20, 216, 300, 119, 661, 653, 644, 281, 168, 79, 813, 312, 855, 177, 325, 456, 65, 802, 424, 725, 3, 420, 619, 707, 606, 12, 582, 735, 746, 762, 110, 155, 613, 211, 207, 123, 73, 274, 370, 173, 397, 430, 289, 680, 132, 599, 509, 714, 261, 86, 338, 696, 333, 280, 188, 83, 741, 366, 85, 384, 470, 305, 842, 138, 236, 389, 88, 435, 740, 259, 93, 18, 186, 752, 487, 270, 330, 268, 395, 477]
n100w120.003	912	180000	false	--	[36, 26, 11, 53, 40, 18, 67, 12, 59, 37, 62, 28, 81, 96, 58, 91, 78, 85, 5, 84, 9, 68, 101, 21, 90, 24, 45, 29, 41, 98, 66, 54, 35, 38, 94, 50, 95, 77, 33, 23, 1, 44, 19, 76, 52, 22, 4, 13, 57, 17, 74, 6, 87, 99, 25, 3, 93, 51, 88, 80, 46, 92, 56, 71, 8, 83, 89, 75, 39, 47, 34, 73, 7, 100, 2, 97, 70, 48, 31, 27, 14, 86, 65, 82, 55, 10, 60, 16, 49, 32, 42, 15, 61, 30, 69, 72, 63, 79, 20, 43, 64, 912, 483, 366, 243, 309, 214, 609, 51, 447, 147, 361, 35, 696, 650, 351, 428, 803, 210, 316, 168, 451, 508, 296, 458, 194, 469, 227, 26, 6, 99, 80, 183, 112, 275, 109, 871, 131, 267, 115, 298, 4, 406, 317, 394, 221, 515, 247, 732, 554, 811, 330, 216, 241, 178, 201, 371, 544, 343, 436, 234, 521, 358, 383, 291, 58, 74, 588, 499, 120, 257, 283, 628, 622, 325, 487, 390, 261, 779, 84, 233, 678, 159, 61, 163, 205, 150, 237, 433, 562, 190, 413, 354, 524, 102, 124, 635, 386, 95, 171, 322, 292]
n100w120.004	942	180000	false	--	[99, 62, 1, 84, 47, 75, 50, 37, 57, 96, 64, 19, 33, 36, 56, 29, 39, 27, 63, 3, 45, 6, 94, 11, 24, 72, 85, 32, 41, 4, 90, 59, 86, 14, 16, 73, 69, 26, 83, 10, 77, 65, 13, 34, 2, 61, 8, 92, 7, 20, 74, 21, 54, 93, 78, 49, 31, 67, 88, 38, 100, 97, 81, 30, 82, 51, 52, 9, 70, 35, 42, 15, 5, 44, 55, 68, 91, 40, 46, 48, 43, 76, 89, 87, 66, 95, 79, 53, 58, 17, 71, 28, 12, 60, 98, 18, 80, 101, 22, 23, 25, 942, 348, 3, 130, 605, 845, 27, 559, 444, 718, 163, 252, 215, 628, 54, 510, 395, 701, 251, 5, 361, 873, 98, 164, 172, 78, 697, 310, 500, 142, 413, 305, 204, 641, 521, 616, 551, 81, 391, 737, 499, 475, 231, 649, 354, 112, 568, 330, 40, 20, 690, 365, 278, 269, 793, 47, 428, 373, 299, 88, 111, 345, 246, 159, 470, 694, 367, 454, 540, 529, 483, 66, 612, 683, 832, 458, 499, 746, 115, 336, 234, 462, 383, 119, 694, 200, 117, 287, 377, 405, 493, 316, 262, 96, 198, 707, 339, 183, 911, 101, 174]
n100w120.005	--	180000	false	--	--
n100w140.001	--	180000	false	--	--
n100w140.002	--	180000	false	--	--
n100w140.003	--	180000	false	--	--
n100w140.004	856	180000	false	--	[99, 32, 90, 10, 43, 8, 51, 14, 11, 30, 20, 47, 17, 31, 42, 24, 21, 67, 52, 38, 76, 41, 18, 63, 78, 71, 4, 59, 45, 75, 74, 29, 16, 88, 100, 9, 81, 39, 48, 7, 82, 53, 33, 98, 60, 77, 49, 87, 56, 73, 93, 70, 54, 50, 44, 92, 68, 28, 97, 6, 84, 58, 23, 62, 40, 85, 19, 66, 83, 34, 96, 86, 101, 64, 26, 65, 36, 79, 12, 2, 5, 89, 95, 46, 94, 15, 1, 22, 13, 35, 72, 91, 80, 61, 37, 25, 55, 27, 3, 69, 57, 856, 420, 806, 278, 683, 387, 435, 382, 64, 270, 36, 231, 508, 363, 179, 641, 505, 595, 576, 23, 495, 536, 607, 624, 241, 251, 288, 321, 410, 264, 359, 412, 652, 551, 788, 77, 700, 22, 17, 455, 527, 177, 662, 299, 406, 84, 225, 8, 221, 149, 430, 570, 165, 159, 301, 213, 125, 331, 319, 397, 95, 335, 616, 343, 466, 110, 580, 111, 742, 555, 247, 199, 142, 348, 257, 482, 80, 237, 236, 421, 687, 525, 724, 88, 107, 182, 6, 540, 515, 796, 205, 211, 426, 99, 709, 244, 307, 290, 829, 779, 131]
n100w140.005	810	180000	false	--	[64, 5, 35, 21, 12, 3, 22, 9, 73, 30, 45, 1, 78, 79, 50, 23, 39, 87, 31, 101, 11, 29, 41, 80, 88, 56, 52, 60, 65, 83, 44, 67, 36, 47, 86, 40, 18, 37, 69, 85, 28, 15, 24, 75, 53, 77, 49, 74, 4, 90, 89, 70, 20, 33, 62, 71, 43, 82, 16, 25, 19, 32, 57, 46, 6, 92, 10, 94, 51, 81, 2, 54, 76, 95, 55, 93, 68, 84, 42, 66, 8, 97, 72, 26, 38, 59, 96, 98, 63, 48, 27, 58, 14, 17, 34, 91, 100, 99, 13, 61, 7, 810, 32, 164, 285, 30, 167, 198, 362, 361, 522, 251, 10, 99, 348, 332, 139, 695, 426, 584, 224, 260, 190, 133, 629, 118, 78, 376, 126, 186, 516, 574, 530, 476, 301, 161, 469, 437, 453, 692, 468, 131, 334, 631, 553, 247, 758, 294, 317, 290, 326, 671, 373, 231, 480, 547, 73, 640, 608, 146, 123, 588, 543, 645, 796, 174, 617, 526, 731, 690, 371, 61, 482, 359, 314, 551, 351, 750, 95, 338, 625, 366, 604, 506, 84, 459, 152, 405, 115, 655, 321, 380, 610, 350, 704, 310, 386, 594, 108, 103, 592, 201]
n100w160.001	--	180000	false	--	--
n100w160.002	--	180000	false	--	--
n100w160.003	--	180000	false	--	--
n100w160.004	--	180000	false	--	--
n100w160.005	918	180000	false	--	[5, 9, 94, 41, 89, 17, 38, 61, 12, 99, 16, 35, 6, 1, 22, 46, 51, 39, 32, 2, 62, 14, 50, 33, 31, 64, 18, 25, 90, 88, 56, 60, 52, 71, 30, 49, 93, 101, 58, 65, 77, 83, 34, 11, 69, 70, 28, 36, 53, 15, 96, 84, 75, 37, 42, 3, 82, 63, 74, 13, 95, 92, 73, 86, 8, 85, 80, 54, 29, 79, 76, 24, 81, 91, 4, 68, 44, 55, 7, 59, 100, 72, 87, 78, 57, 27, 20, 23, 97, 19, 21, 47, 48, 98, 67, 40, 45, 10, 43, 66, 26, 918, 83, 501, 404, 912, 676, 308, 641, 76, 481, 365, 69, 681, 11, 32, 357, 669, 246, 738, 92, 600, 19, 41, 166, 534, 280, 252, 562, 822, 55, 520, 706, 159, 464, 61, 413, 431, 291, 244, 650, 402, 117, 468, 379, 835, 349, 567, 421, 411, 34, 666, 155, 410, 433, 121, 504, 191, 239, 617, 697, 633, 578, 229, 265, 644, 211, 621, 441, 824, 345, 452, 177, 222, 612, 407, 443, 392, 130, 336, 619, 220, 179, 113, 135, 199, 257, 98, 53, 892, 768, 603, 568, 425, 496, 627, 660, 841, 492, 477, 217, 285]
n20w120.001	339	180000	false	--	[15, 6, 5, 9, 8, 12, 16, 14, 3, 17, 13, 11, 19, 7, 21, 2, 1, 20, 18, 10, 4, 339, 59, 194, 255, 171, 56, 94, 154, 219, 17, 33, 44, 31, 120, 317, 65, 9, 24, 29, 21, 283]
n20w120.002	247	180000	false	--	[14, 1, 7, 3, 8, 5, 20, 9, 19, 11, 18, 16, 10, 21, 2, 6, 12, 4, 15, 17, 13, 247, 16, 161, 185, 69, 84, 136, 59, 47, 208, 207, 99, 217, 240, 30, 93, 108, 196, 39, 125, 223]
n20w120.003	348	69156	false	--	[7, 4, 17, 20, 9, 1, 13, 3, 10, 14, 19, 18, 21, 2, 16, 8, 5, 15, 12, 6, 11, 348, 45, 125, 34, 103, 3, 346, 135, 89, 84, 240, 155, 300, 57, 143, 141, 111, 149, 190, 10, 260]
n20w120.004	354	16972	false	--	[2, 19, 8, 3, 11, 9, 6, 12, 16, 20, 7, 1, 15, 5, 14, 10, 21, 17, 18, 4, 13, 354, 323, 30, 44, 197, 147, 162, 28, 135, 91, 176, 6, 244, 216, 225, 102, 263, 269, 278, 63, 248]
n20w120.005	317	180000	false	--	[13, 21, 18, 19, 11, 3, 10, 12, 4, 15, 6, 1, 2, 20, 16, 5, 14, 9, 17, 8, 7, 317, 228, 117, 85, 127, 120, 172, 23, 93, 164, 123, 8, 271, 49, 148, 138, 69, 102, 80, 46, 217]
n20w140.001	241	180000	false	--	[10, 20, 14, 21, 18, 2, 1, 5, 12, 16, 4, 7, 8, 6, 13, 19, 11, 3, 17, 9, 15, 241, 43, 84, 190, 119, 74, 11, 130, 18, 212, 193, 13, 147, 79, 164, 210, 200, 92, 207, 30, 175]
n20w140.002	308	28851	false	--	[4, 8, 10, 21, 16, 2, 17, 14, 20, 9, 1, 6, 3, 15, 19, 18, 5, 11, 7, 12, 13, 308, 110, 217, 286, 33, 125, 55, 100, 169, 202, 6, 135, 243, 91, 74, 25, 41, 20, 64, 151, 259]
n20w140.003	303	180000	false	--	[19, 6, 2, 11, 8, 13, 14, 15, 18, 1, 16, 4, 17, 5, 9, 10, 20, 12, 21, 7, 3, 303, 218, 228, 41, 115, 191, 147, 89, 73, 6, 32, 60, 190, 140, 76, 28, 179, 61, 272, 159, 252]
n20w140.004	320	180000	false	--	[21, 5, 15, 9, 6, 8, 19, 11, 16, 3, 14, 18, 20, 1, 13, 17, 12, 7, 2, 4, 10, 320, 77, 237, 180, 69, 64, 97, 46, 177, 244, 38, 118, 201, 8, 209, 174, 141, 105, 85, 187, 316]
n20w140.005	275	180000	false	--	[12, 4, 18, 15, 21, 13, 1, 9, 17, 3, 5, 11, 14, 10, 19, 7, 20, 8, 6, 16, 2, 275, 182, 121, 179, 236, 143, 23, 103, 85, 132, 255, 272, 141, 136, 173, 44, 77, 119, 146, 53, 204]
n20w160.001	349	180000	false	--	[18, 4, 12, 5, 6, 7, 8, 11, 21, 16, 1, 15, 10, 3, 20, 17, 14, 19, 9, 2, 13, 349, 98, 156, 79, 65, 62, 41, 34, 259, 226, 7, 127, 231, 165, 123, 211, 177, 315, 267, 106, 244]
n20w160.002	255	180000	false	--	[14, 5, 15, 8, 19, 18, 3, 11, 2, 6, 16, 10, 9, 7, 21, 13, 12, 4, 20, 1, 17, 255, 44, 212, 87, 17, 104, 215, 79, 50, 119, 74, 130, 56, 245, 204, 66, 164, 90, 12, 3, 173]
n20w160.003	332	180000	false	--	[21, 3, 14, 5, 2, 8, 17, 11, 19, 9, 1, 6, 10, 13, 4, 12, 20, 16, 18, 15, 7, 332, 180, 175, 193, 183, 36, 265, 24, 110, 116, 4, 62, 130, 157, 228, 90, 262, 104, 105, 256, 295]
n20w160.004	287	180000	false	--	[5, 6, 21, 2, 3, 7, 20, 4, 15, 18, 17, 8, 12, 16, 10, 19, 9, 13, 11, 1, 14, 287, 59, 248, 84, 255, 58, 33, 92, 143, 124, 173, 99, 105, 205, 125, 201, 154, 110, 185, 5, 228]
n20w160.005	342	180000	false	--	[3, 4, 7, 5, 14, 8, 12, 10, 1, 15, 6, 20, 11, 9, 16, 17, 2, 13, 21, 19, 18, 342, 79, 317, 66, 46, 191, 288, 180, 23, 152, 196, 282, 209, 40, 135, 119, 91, 222, 251, 269, 231]
n20w180.001	354	180000	false	--	[10, 16, 21, 6, 9, 19, 17, 15, 7, 3, 12, 18, 20, 1, 11, 4, 8, 2, 13, 14, 5, 354, 126, 285, 89, 224, 65, 213, 183, 222, 330, 158, 155, 49, 17, 165, 112, 196, 139, 54, 27, 250]
n20w180.002	348	180000	false	--	[3, 1, 15, 6, 9, 18, 14, 12, 19, 13, 4, 11, 2, 17, 21, 8, 10, 7, 16, 5, 20, 348, 10, 322, 114, 265, 107, 79, 164, 228, 36, 131, 160, 15, 61, 300, 200, 51, 100, 214, 266, 276]
n20w180.003	323	180000	false	--	[6, 17, 5, 1, 12, 7, 9, 19, 18, 4, 15, 20, 8, 16, 14, 10, 11, 21, 3, 2, 13, 323, 121, 179, 12, 170, 319, 300, 201, 286, 32, 83, 164, 213, 68, 73, 42, 109, 257, 183, 140, 235]
n20w180.004	296	180000	false	--	[6, 3, 5, 18, 8, 7, 13, 12, 20, 14, 1, 19, 17, 9, 10, 21, 16, 2, 11, 4, 15, 296, 75, 58, 107, 52, 272, 245, 48, 136, 165, 10, 45, 241, 151, 175, 211, 229, 105, 23, 122, 188]
n20w180.005	258	180000	false	--	[21, 4, 12, 1, 19, 10, 2, 15, 17, 11, 20, 16, 6, 7, 13, 5, 14, 3, 8, 9, 18, 258, 26, 217, 2, 147, 125, 46, 137, 83, 107, 104, 200, 132, 56, 134, 176, 68, 228, 139, 90, 236]
n20w200.001	271	180000	false	--	[20, 5, 12, 8, 6, 7, 10, 14, 3, 1, 15, 2, 18, 19, 16, 17, 9, 4, 11, 21, 13, 271, 53, 73, 190, 49, 40, 30, 174, 84, 4, 147, 71, 216, 170, 136, 105, 92, 198, 153, 243, 231]
n20w200.002	288	180000	false	--	[19, 1, 5, 14, 20, 12, 4, 15, 16, 21, 2, 17, 18, 8, 10, 3, 11, 9, 7, 6, 13, 288, 27, 114, 250, 88, 72, 259, 228, 136, 196, 44, 64, 159, 239, 212, 133, 62, 155, 280, 81, 168]
n20w200.003	324	180000	false	--	[2, 14, 5, 8, 1, 11, 12, 13, 20, 4, 3, 15, 16, 21, 18, 7, 9, 19, 17, 6, 10, 324, 292, 45, 174, 20, 63, 104, 160, 73, 207, 56, 100, 152, 248, 95, 129, 79, 90, 82, 68, 246]
n20w200.004	341	180000	false	--	[21, 5, 11, 12, 6, 4, 3, 2, 16, 9, 14, 13, 17, 1, 18, 8, 20, 19, 7, 15, 10, 341, 238, 34, 176, 220, 209, 60, 255, 286, 297, 24, 153, 143, 6, 94, 273, 130, 85, 73, 118, 336]
n20w200.005	277	180000	false	--	[8, 3, 1, 17, 6, 20, 4, 15, 12, 19, 14, 2, 10, 9, 5, 7, 18, 13, 11, 21, 16, 277, 27, 18, 152, 216, 197, 155, 233, 48, 92, 75, 42, 101, 57, 226, 167, 135, 118, 78, 190, 179]
n40w120.001	507	180000	false	--	[31, 39, 7, 33, 26, 15, 16, 1, 2, 35, 37, 30, 38, 8, 34, 14, 3, 29, 9, 12, 18, 23, 28, 5, 10, 36, 22, 32, 25, 27, 41, 11, 24, 19, 20, 40, 6, 17, 4, 13, 21, 507, 166, 50, 156, 125, 225, 24, 6, 170, 316, 268, 307, 80, 12, 208, 17, 70, 395, 185, 311, 434, 298, 292, 133, 332, 114, 305, 287, 352, 307, 479, 280, 141, 190, 314, 104, 245, 74, 160, 93, 461]
n40w120.002	566	180000	false	--	[22, 5, 12, 23, 14, 31, 34, 7, 10, 1, 17, 18, 26, 37, 32, 15, 9, 4, 11, 16, 30, 41, 6, 13, 35, 38, 24, 25, 33, 8, 39, 3, 19, 27, 29, 2, 20, 28, 40, 21, 36, 566, 432, 287, 251, 421, 225, 173, 176, 20, 7, 45, 269, 144, 385, 309, 322, 37, 257, 49, 337, 191, 524, 229, 153, 78, 134, 159, 101, 71, 185, 220, 304, 52, 172, 73, 436, 349, 114, 207, 198, 504]
n40w120.003	491	180000	false	--	[19, 3, 6, 27, 37, 25, 2, 29, 26, 23, 38, 28, 1, 34, 22, 21, 39, 24, 5, 10, 20, 18, 12, 4, 14, 32, 11, 9, 40, 33, 41, 15, 16, 13, 30, 7, 31, 17, 36, 35, 8, 491, 72, 62, 156, 447, 51, 83, 379, 223, 281, 132, 238, 8, 38, 187, 296, 117, 170, 466, 282, 291, 175, 260, 160, 41, 215, 150, 227, 365, 315, 398, 202, 307, 16, 332, 104, 425, 122, 109, 343, 386]
n40w120.004	413	180000	false	--	[10, 3, 17, 28, 19, 8, 5, 1, 14, 24, 27, 6, 18, 30, 16, 32, 13, 26, 9, 29, 40, 15, 36, 41, 20, 25, 35, 39, 34, 22, 4, 31, 37, 21, 7, 33, 38, 12, 2, 23, 11, 413, 199, 198, 217, 355, 4, 356, 2, 328, 402, 368, 15, 185, 298, 239, 237, 189, 166, 347, 128, 84, 261, 69, 385, 135, 154, 359, 206, 121, 279, 225, 234, 36, 102, 358, 56, 26, 20, 203, 78, 376]
n40w120.005	471	180000	false	--	[11, 10, 14, 3, 7, 1, 37, 2, 21, 24, 36, 4, 22, 28, 12, 40, 5, 30, 18, 17, 38, 6, 26, 23, 29, 9, 39, 33, 13, 15, 8, 16, 35, 20, 27, 41, 19, 34, 25, 31, 32, 471, 301, 133, 151, 206, 6, 204, 316, 235, 276, 426, 156, 33, 128, 164, 341, 209, 181, 192, 213, 229, 23, 261, 272, 64, 245, 104, 124, 51, 170, 326, 365, 114, 219, 108, 411, 195, 228, 78, 331, 381]
n40w140.001	486	180000	false	--	[40, 29, 1, 13, 12, 23, 2, 26, 5, 20, 3, 6, 8, 24, 22, 18, 31, 17, 9, 34, 10, 35, 39, 21, 37, 19, 16, 14, 30, 32, 7, 15, 11, 33, 28, 27, 36, 4, 25, 41, 38, 486, 196, 7, 422, 304, 299, 205, 395, 331, 50, 13, 303, 413, 84, 128, 244, 224, 235, 382, 40, 64, 113, 297, 72, 275, 393, 255, 98, 152, 141, 214, 140, 18, 33, 107, 264, 271, 444, 291, 465, 452]
n40w140.002	481	180000	false	--	[21, 4, 17, 12, 9, 1, 5, 2, 32, 38, 22, 16, 20, 18, 40, 23, 31, 28, 37, 19, 10, 29, 35, 3, 24, 33, 26, 15, 7, 14, 30, 25, 13, 11, 36, 6, 8, 41, 34, 27, 39, 481, 62, 239, 41, 283, 2, 289, 87, 275, 433, 313, 29, 126, 210, 180, 24, 234, 207, 105, 116, 449, 302, 18, 240, 245, 143, 148, 198, 296, 223, 232, 263, 130, 339, 9, 3, 96, 410, 386, 160, 395]
n40w140.003	484	180000	false	--	[19, 1, 25, 37, 33, 30, 5, 10, 21, 11, 31, 18, 26, 22, 6, 34, 36, 2, 16, 9, 27, 38, 15, 35, 28, 23, 4, 24, 14, 7, 12, 17, 3, 41, 39, 8, 13, 20, 32, 29, 40, 484, 14, 158, 279, 178, 209, 183, 50, 289, 38, 33, 27, 237, 374, 214, 435, 78, 21, 466, 303, 286, 357, 221, 128, 150, 229, 279, 140, 377, 195, 31, 92, 172, 419, 107, 63, 250, 325, 103, 388, 399]
n40w140.004	471	180000	false	--	[3, 15, 41, 10, 32, 17, 14, 29, 25, 18, 21, 36, 9, 22, 39, 8, 11, 1, 31, 40, 30, 16, 12, 13, 2, 27, 24, 38, 26, 23, 28, 19, 4, 33, 37, 20, 7, 6, 34, 35, 5, 471, 86, 464, 26, 411, 314, 206, 155, 107, 15, 292, 240, 116, 177, 68, 166, 296, 14, 346, 233, 274, 170, 249, 123, 95, 137, 130, 328, 146, 259, 341, 382, 40, 52, 212, 237, 208, 318, 58, 222, 445]
n40w140.005	467	180000	false	--	[13, 26, 5, 20, 7, 38, 8, 22, 29, 4, 19, 1, 41, 33, 10, 34, 35, 9, 21, 2, 36, 27, 31, 14, 3, 28, 12, 40, 39, 25, 15, 18, 30, 24, 11, 6, 16, 37, 17, 32, 23, 467, 307, 48, 348, 42, 185, 31, 27, 243, 382, 219, 6, 443, 130, 391, 149, 224, 249, 210, 323, 195, 22, 423, 136, 83, 291, 20, 279, 235, 97, 403, 256, 118, 140, 220, 189, 163, 179, 231, 265, 439]
n40w160.001	471	180000	false	--	[38, 5, 40, 6, 8, 22, 2, 9, 16, 26, 34, 41, 19, 35, 14, 1, 37, 17, 23, 11, 3, 13, 10, 4, 12, 28, 24, 32, 39, 29, 36, 33, 20, 18, 31, 27, 7, 25, 15, 30, 21, 471, 59, 336, 220, 36, 212, 85, 30, 19, 169, 123, 406, 186, 269, 283, 7, 91, 99, 185, 128, 368, 193, 176, 222, 447, 161, 227, 150, 309, 315, 249, 146, 137, 117, 253, 242, 88, 455, 296, 328, 374]
n40w160.002	456	180000	false	--	[33, 28, 18, 31, 12, 24, 9, 37, 29, 34, 27, 26, 22, 6, 4, 25, 38, 36, 39, 17, 19, 20, 8, 3, 2, 30, 16, 15, 1, 13, 21, 40, 23, 14, 7, 11, 32, 10, 35, 41, 5, 456, 134, 188, 93, 307, 200, 15, 424, 14, 221, 168, 293, 265, 205, 97, 156, 239, 183, 54, 246, 76, 253, 427, 190, 147, 280, 160, 131, 10, 274, 81, 398, 432, 212, 27, 173, 414, 227, 32, 363, 345]
n40w160.003	449	180000	false	--	[12, 7, 6, 14, 40, 30, 17, 16, 36, 38, 28, 41, 19, 33, 39, 3, 18, 35, 1, 2, 34, 32, 24, 5, 21, 23, 29, 9, 20, 4, 15, 10, 22, 26, 11, 37, 13, 31, 25, 27, 8, 449, 125, 356, 346, 169, 348, 91, 362, 39, 262, 42, 415, 16, 336, 230, 360, 72, 66, 7, 133, 207, 306, 180, 174, 227, 184, 152, 41, 138, 346, 238, 282, 315, 192, 51, 34, 22, 247, 230, 156, 405]
n40w160.004	446	180000	false	--	[23, 26, 41, 5, 7, 12, 8, 1, 10, 29, 24, 22, 3, 4, 30, 20, 11, 2, 38, 14, 17, 40, 18, 6, 32, 13, 9, 35, 16, 31, 19, 15, 25, 27, 36, 21, 33, 34, 37, 39, 28, 446, 370, 325, 55, 51, 232, 34, 13, 95, 88, 243, 228, 352, 67, 136, 82, 249, 377, 121, 71, 263, 221, 418, 237, 158, 358, 110, 311, 85, 128, 125, 145, 164, 115, 285, 266, 172, 117, 181, 213, 321]
n40w160.005	395	180000	false	--	[35, 3, 1, 28, 18, 7, 4, 15, 14, 6, 20, 16, 33, 23, 30, 25, 36, 29, 21, 39, 2, 34, 22, 12, 38, 5, 9, 24, 37, 10, 40, 31, 11, 32, 41, 27, 19, 26, 17, 8, 13, 395, 29, 7, 163, 98, 176, 173, 192, 238, 182, 326, 145, 345, 233, 187, 132, 303, 83, 54, 319, 46, 218, 223, 150, 125, 105, 260, 155, 74, 185, 201, 208, 336, 212, 371, 282, 70, 112, 316, 195, 366]
n40w180.001	506	180000	false	--	[20, 7, 15, 23, 27, 11, 31, 13, 10, 19, 26, 18, 6, 3, 25, 4, 36, 9, 22, 41, 24, 29, 5, 17, 38, 33, 2, 30, 40, 16, 8, 35, 21, 1, 14, 32, 39, 37, 12, 34, 28, 506, 360, 190, 409, 368, 337, 358, 352, 82, 62, 325, 111, 345, 198, 181, 419, 282, 99, 55, 488, 297, 40, 391, 288, 168, 307, 367, 462, 32, 436, 354, 230, 302, 15, 211, 244, 149, 152, 139, 20, 466]
n40w180.002	452	180000	false	--	[41, 1, 4, 13, 9, 23, 38, 26, 20, 30, 12, 15, 17, 22, 16, 31, 40, 36, 14, 24, 29, 28, 37, 18, 7, 3, 11, 25, 34, 35, 2, 10, 39, 33, 6, 27, 21, 5, 8, 19, 32, 452, 12, 246, 229, 103, 334, 126, 267, 89, 381, 52, 42, 223, 185, 40, 34, 215, 77, 191, 84, 314, 176, 327, 82, 135, 258, 67, 164, 308, 356, 21, 401, 279, 292, 336, 72, 325, 118, 277, 211, 435]
n40w180.003	414	180000	false	--	[12, 3, 4, 27, 2, 7, 28, 13, 11, 41, 19, 40, 5, 34, 22, 33, 15, 31, 32, 18, 14, 35, 39, 38, 17, 8, 21, 36, 24, 6, 10, 1, 25, 30, 9, 23, 29, 26, 16, 20, 37, 414, 233, 231, 219, 241, 162, 158, 249, 44, 373, 25, 410, 245, 196, 94, 132, 103, 382, 14, 405, 201, 90, 143, 294, 108, 263, 201, 156, 317, 174, 375, 4, 119, 184, 75, 152, 327, 279, 134, 408, 345]
n40w180.004	482	180000	false	--	[41, 21, 11, 28, 31, 23, 33, 14, 2, 12, 9, 20, 6, 22, 35, 37, 24, 19, 7, 39, 26, 17, 15, 30, 5, 16, 3, 25, 32, 13, 40, 38, 36, 4, 29, 8, 1, 10, 34, 27, 18, 482, 73, 111, 159, 137, 271, 414, 357, 87, 200, 107, 194, 273, 339, 239, 18, 305, 453, 431, 192, 36, 314, 265, 300, 141, 26, 117, 142, 219, 283, 136, 214, 398, 174, 230, 383, 7, 205, 179, 131, 474]
n40w180.005	442	180000	false	--	[37, 3, 4, 5, 35, 25, 2, 13, 38, 31, 24, 6, 19, 34, 7, 18, 10, 21, 22, 39, 11, 26, 33, 29, 41, 23, 14, 8, 28, 1, 30, 12, 15, 20, 9, 27, 32, 17, 16, 36, 40, 442, 107, 95, 86, 83, 350, 137, 219, 52, 28, 257, 357, 212, 304, 140, 284, 34, 282, 206, 297, 266, 195, 143, 240, 342, 152, 314, 225, 229, 12, 20, 358, 142, 300, 56, 322, 404, 38, 288, 327, 332]
n40w200.001	476	180000	false	--	[8, 3, 33, 37, 31, 17, 24, 39, 32, 23, 36, 10, 5, 15, 9, 26, 2, 30, 28, 34, 27, 21, 20, 18, 12, 4, 6, 35, 7, 41, 16, 22, 19, 14, 1, 13, 38, 25, 29, 11, 40, 476, 94, 56, 267, 287, 109, 393, 443, 171, 236, 313, 244, 293, 188, 177, 276, 101, 361, 32, 202, 144, 150, 216, 380, 254, 272, 119, 28, 400, 349, 280, 158, 42, 196, 12, 310, 260, 255, 415, 318, 326]
n40w200.002	--	180000	false	--	--
n40w200.003	455	180000	false	--	[20, 8, 13, 16, 2, 25, 34, 22, 11, 7, 31, 28, 15, 3, 23, 9, 27, 24, 4, 37, 10, 40, 1, 26, 36, 35, 14, 38, 39, 5, 18, 30, 21, 12, 17, 32, 41, 29, 6, 19, 33, 455, 207, 66, 159, 213, 256, 294, 204, 153, 297, 144, 288, 36, 88, 33, 159, 92, 124, 172, 440, 331, 191, 8, 111, 239, 107, 92, 273, 265, 215, 134, 220, 379, 290, 103, 230, 406, 268, 259, 187, 403]
n40w200.004	435	180000	false	--	[31, 27, 4, 2, 32, 22, 11, 6, 15, 41, 30, 18, 37, 35, 39, 25, 19, 29, 3, 7, 28, 34, 38, 8, 12, 13, 1, 20, 17, 16, 5, 36, 14, 23, 24, 26, 10, 40, 33, 21, 9, 435, 35, 60, 54, 397, 242, 141, 253, 328, 362, 139, 112, 374, 279, 306, 120, 79, 102, 71, 146, 159, 233, 208, 263, 113, 375, 24, 153, 91, 123, 412, 391, 286, 225, 275, 382, 371, 197, 291, 168, 342]
n40w200.005	409	180000	false	--	[39, 1, 14, 24, 7, 10, 25, 38, 20, 36, 33, 37, 5, 28, 3, 35, 8, 9, 11, 32, 30, 23, 16, 19, 21, 13, 29, 34, 15, 2, 4, 12, 40, 17, 27, 18, 31, 26, 41, 22, 6, 409, 8, 129, 257, 38, 347, 32, 103, 315, 340, 240, 282, 49, 123, 144, 181, 115, 317, 244, 305, 26, 198, 188, 252, 30, 65, 159, 121, 148, 16, 259, 295, 232, 120, 168, 328, 272, 73, 381, 219, 358]
n60w120.001	556	180000	false	--	[15, 27, 22, 2, 60, 53, 8, 10, 28, 13, 42, 40, 18, 26, 54, 52, 19, 35, 48, 16, 38, 24, 33, 32, 50, 5, 46, 30, 3, 12, 6, 44, 59, 4, 49, 9, 25, 55, 7, 11, 37, 29, 20, 47, 31, 58, 17, 51, 1, 21, 45, 57, 14, 61, 34, 41, 39, 36, 43, 23, 56, 556, 391, 283, 392, 151, 197, 66, 47, 355, 30, 298, 306, 18, 169, 545, 86, 243, 10, 236, 96, 439, 279, 126, 274, 449, 160, 379, 327, 285, 312, 207, 262, 122, 397, 9, 361, 460, 429, 71, 302, 475, 290, 109, 255, 211, 369, 246, 233, 6, 443, 219, 82, 190, 538, 404, 514, 76, 365, 120, 130, 531]
n60w120.002	609	180000	false	--	[7, 13, 27, 17, 10, 43, 53, 21, 34, 11, 12, 23, 15, 45, 49, 3, 41, 56, 4, 24, 30, 50, 29, 22, 32, 33, 1, 39, 18, 47, 46, 40, 51, 31, 28, 20, 55, 61, 26, 57, 48, 9, 52, 14, 54, 6, 25, 36, 59, 44, 60, 5, 38, 2, 16, 58, 35, 8, 42, 37, 19, 609, 333, 19, 493, 220, 239, 603, 163, 275, 216, 213, 209, 320, 357, 307, 31, 459, 176, 528, 400, 159, 377, 188, 388, 139, 85, 5, 116, 185, 150, 254, 137, 82, 263, 120, 410, 51, 546, 103, 132, 449, 276, 234, 362, 349, 253, 143, 426, 303, 373, 75, 231, 595, 345, 44, 172, 124, 167, 294, 54, 534]
n60w120.003	--	180000	false	--	--
n60w120.004	608	180000	false	--	[52, 19, 45, 39, 55, 25, 2, 15, 11, 5, 13, 30, 14, 1, 7, 8, 60, 48, 22, 41, 18, 56, 24, 10, 47, 9, 40, 57, 20, 36, 23, 29, 17, 49, 31, 59, 61, 53, 12, 32, 21, 4, 6, 28, 51, 27, 16, 43, 50, 26, 35, 58, 46, 38, 42, 3, 34, 37, 44, 54, 33, 608, 238, 214, 142, 163, 282, 246, 265, 37, 170, 28, 130, 22, 9, 255, 267, 493, 296, 229, 330, 299, 227, 179, 176, 274, 41, 377, 105, 351, 121, 186, 365, 499, 77, 196, 113, 545, 431, 136, 369, 313, 158, 285, 107, 206, 394, 271, 293, 62, 55, 201, 601, 408, 457, 160, 222, 90, 560, 110, 478, 521]
n60w120.005	638	180000	false	--	[42, 54, 59, 51, 16, 10, 18, 21, 1, 15, 45, 9, 27, 12, 31, 61, 56, 23, 52, 3, 4, 26, 57, 44, 6, 50, 19, 58, 35, 8, 60, 55, 22, 30, 34, 14, 28, 17, 24, 7, 39, 5, 36, 32, 48, 38, 49, 29, 33, 20, 13, 43, 2, 47, 37, 11, 53, 40, 46, 41, 25, 638, 261, 217, 93, 588, 492, 292, 121, 7, 478, 159, 13, 74, 18, 461, 557, 179, 286, 58, 225, 107, 237, 281, 366, 519, 235, 68, 318, 142, 124, 440, 345, 241, 128, 136, 20, 328, 192, 387, 301, 408, 617, 40, 354, 153, 204, 256, 148, 249, 231, 79, 44, 270, 260, 338, 168, 274, 309, 213, 428, 553]
n60w140.001	598	180000	false	--	[23, 14, 26, 1, 16, 49, 12, 41, 29, 51, 31, 30, 40, 42, 53, 20, 43, 19, 33, 57, 46, 59, 61, 52, 45, 13, 6, 32, 22, 4, 24, 44, 34, 8, 38, 21, 58, 27, 35, 5, 7, 11, 15, 17, 56, 37, 36, 55, 50, 54, 47, 39, 3, 10, 60, 18, 9, 48, 25, 28, 2, 598, 535, 196, 3, 173, 368, 42, 72, 145, 340, 488, 29, 180, 509, 209, 160, 228, 88, 82, 156, 311, 135, 560, 472, 119, 194, 373, 239, 141, 15, 476, 233, 78, 76, 396, 318, 272, 386, 434, 176, 68, 502, 218, 231, 108, 278, 324, 259, 361, 353, 331, 447, 204, 341, 253, 93, 150, 268, 127, 244, 555]
n60w140.002	--	180000	false	--	--
n60w140.003	641	180000	false	--	[24, 3, 8, 17, 4, 13, 33, 16, 39, 26, 5, 45, 31, 32, 40, 44, 14, 6, 2, 50, 15, 60, 57, 61, 18, 30, 35, 56, 46, 59, 36, 22, 53, 1, 55, 37, 52, 43, 27, 54, 19, 20, 9, 34, 48, 41, 49, 25, 11, 28, 23, 38, 29, 58, 10, 7, 12, 51, 42, 21, 47, 641, 65, 38, 465, 473, 345, 138, 31, 260, 215, 475, 389, 336, 456, 425, 20, 459, 367, 83, 172, 430, 445, 401, 618, 371, 214, 243, 155, 105, 209, 332, 453, 130, 9, 234, 323, 295, 282, 246, 424, 90, 178, 270, 13, 378, 100, 575, 375, 511, 160, 408, 292, 114, 420, 222, 143, 397, 412, 184, 439, 586]
n60w140.004	--	180000	false	--	--
n60w140.005	599	180000	false	--	[28, 35, 47, 15, 3, 32, 22, 10, 54, 5, 31, 6, 18, 11, 46, 19, 40, 1, 43, 14, 39, 37, 48, 55, 34, 30, 38, 57, 50, 44, 4, 13, 9, 21, 52, 12, 20, 58, 60, 7, 26, 2, 23, 51, 59, 42, 25, 33, 41, 36, 17, 8, 45, 24, 53, 29, 61, 49, 27, 56, 16, 599, 185, 128, 245, 131, 33, 291, 162, 438, 140, 270, 63, 13, 276, 239, 493, 310, 8, 475, 281, 108, 287, 469, 432, 118, 353, 406, 575, 87, 348, 255, 15, 450, 112, 176, 69, 286, 397, 100, 301, 361, 193, 474, 330, 419, 201, 125, 463, 371, 78, 316, 166, 423, 435, 428, 95, 541, 383, 415, 96, 511]
n60w160.001	697	180000	false	--	[7, 33, 8, 16, 23, 25, 61, 9, 17, 45, 4, 36, 15, 24, 34, 51, 40, 12, 41, 21, 47, 52, 55, 56, 32, 30, 3, 46, 38, 35, 28, 10, 43, 20, 53, 5, 44, 31, 57, 50, 2, 60, 48, 6, 49, 39, 27, 29, 22, 1, 59, 18, 13, 26, 19, 58, 54, 42, 37, 11, 14, 697, 245, 40, 422, 287, 343, 665, 27, 21, 325, 460, 298, 103, 609, 95, 397, 16, 304, 264, 81, 80, 315, 279, 557, 334, 153, 58, 206, 226, 139, 218, 329, 237, 94, 120, 297, 374, 224, 189, 10, 251, 477, 233, 357, 324, 198, 75, 227, 319, 6, 386, 310, 113, 169, 269, 513, 179, 498, 381, 472, 618]
n60w160.002	668	180000	false	--	[61, 6, 58, 37, 31, 10, 44, 23, 27, 1, 51, 35, 16, 2, 4, 26, 38, 5, 46, 14, 49, 36, 12, 50, 56, 43, 25, 40, 30, 28, 47, 3, 21, 8, 17, 18, 19, 13, 32, 7, 24, 33, 59, 22, 20, 55, 39, 60, 57, 15, 34, 9, 48, 11, 52, 53, 45, 54, 41, 42, 29, 668, 43, 394, 219, 455, 34, 516, 357, 194, 17, 376, 338, 302, 53, 225, 288, 313, 479, 212, 62, 93, 506, 348, 232, 176, 282, 184, 571, 608, 598, 451, 403, 116, 364, 323, 487, 217, 308, 407, 526, 239, 126, 277, 510, 72, 201, 418, 149, 84, 227, 374, 195, 160, 382, 197, 171, 79, 390, 242, 133, 647]
n60w160.003	570	180000	false	--	[49, 11, 33, 8, 46, 35, 6, 15, 42, 20, 60, 55, 56, 7, 18, 57, 14, 22, 48, 26, 47, 25, 31, 10, 44, 39, 19, 23, 38, 28, 52, 53, 21, 45, 59, 43, 54, 32, 29, 5, 30, 16, 40, 1, 27, 41, 51, 9, 2, 36, 13, 3, 61, 24, 34, 58, 17, 37, 50, 12, 4, 570, 526, 251, 51, 288, 309, 317, 40, 361, 142, 507, 475, 222, 326, 36, 346, 336, 30, 384, 128, 235, 23, 268, 169, 14, 115, 393, 273, 104, 283, 261, 83, 244, 437, 306, 300, 188, 96, 109, 291, 285, 354, 296, 6, 422, 286, 230, 375, 557, 301, 226, 255, 70, 177, 458, 213, 339, 197, 303, 490, 68]
n60w160.004	590	180000	false	--	[31, 6, 24, 9, 14, 7, 37, 21, 53, 61, 26, 38, 50, 19, 12, 47, 36, 48, 55, 51, 30, 18, 41, 42, 54, 58, 5, 1, 17, 22, 39, 3, 25, 27, 2, 60, 32, 13, 29, 11, 44, 28, 59, 4, 52, 35, 49, 45, 23, 46, 15, 56, 43, 57, 20, 16, 34, 8, 33, 10, 40, 590, 63, 25, 306, 205, 50, 44, 381, 304, 497, 429, 135, 118, 197, 144, 343, 557, 361, 183, 155, 371, 362, 330, 13, 246, 418, 214, 6, 560, 366, 570, 34, 256, 219, 98, 527, 43, 128, 564, 441, 319, 9, 273, 311, 353, 102, 335, 359, 332, 106, 148, 352, 295, 230, 165, 344, 225, 404, 263, 501, 459]
n60w160.005	657	180000	false	--	[43, 60, 4, 7, 20, 12, 8, 1, 57, 14, 27, 18, 11, 16, 53, 34, 61, 32, 39, 2, 24, 45, 26, 54, 40, 21, 3, 19, 52, 13, 48, 37, 41, 42, 25, 49, 9, 23, 51, 46, 10, 6, 17, 50, 44, 30, 38, 22, 35, 59, 58, 5, 55, 28, 33, 29, 47, 36, 15, 31, 56, 657, 444, 49, 40, 492, 276, 27, 4, 232, 303, 74, 266, 83, 298, 364, 294, 574, 254, 163, 461, 183, 408, 200, 176, 107, 191, 65, 167, 516, 86, 422, 245, 328, 293, 111, 118, 238, 207, 138, 104, 313, 283, 623, 397, 401, 95, 210, 414, 114, 391, 132, 503, 348, 170, 336, 521, 222, 125, 377, 426, 555]
n60w180.001	--	180000	false	--	--
n60w180.002	--	180000	false	--	--
n60w180.003	613	180000	false	--	[16, 24, 6, 56, 12, 15, 61, 31, 11, 37, 57, 60, 35, 38, 8, 17, 46, 44, 2, 3, 25, 13, 14, 58, 50, 18, 30, 9, 27, 21, 41, 29, 39, 26, 36, 4, 43, 45, 20, 32, 42, 48, 49, 28, 51, 7, 1, 53, 54, 19, 34, 23, 47, 55, 40, 5, 59, 22, 33, 52, 10, 613, 352, 98, 307, 298, 85, 513, 53, 160, 507, 154, 273, 318, 221, 57, 594, 557, 178, 355, 128, 370, 332, 224, 342, 369, 186, 383, 169, 392, 377, 45, 399, 139, 190, 314, 310, 493, 213, 130, 405, 39, 26, 478, 171, 211, 519, 5, 19, 447, 359, 198, 230, 11, 441, 432, 303, 144, 337, 142, 250, 510]
n60w180.004	630	180000	false	--	[11, 7, 17, 8, 23, 37, 14, 46, 24, 50, 61, 38, 1, 15, 16, 48, 5, 55, 53, 12, 29, 9, 4, 39, 54, 22, 35, 51, 2, 26, 43, 34, 21, 3, 52, 40, 44, 25, 19, 60, 6, 56, 13, 49, 36, 41, 58, 31, 59, 42, 45, 10, 32, 57, 28, 20, 18, 30, 27, 33, 47, 630, 88, 381, 356, 368, 331, 69, 355, 445, 264, 604, 224, 8, 63, 59, 23, 369, 186, 403, 232, 112, 470, 361, 437, 209, 483, 279, 151, 99, 502, 14, 396, 115, 392, 271, 139, 317, 217, 411, 132, 340, 241, 13, 309, 143, 346, 546, 19, 300, 248, 144, 270, 400, 205, 161, 237, 203, 517, 289, 128, 554]
n60w180.005	--	180000	false	--	--
n60w200.001	571	180000	false	--	[10, 6, 43, 50, 60, 7, 18, 32, 29, 4, 26, 54, 38, 23, 33, 31, 8, 20, 21, 58, 40, 5, 25, 45, 17, 34, 39, 61, 55, 37, 19, 42, 53, 56, 49, 22, 52, 48, 30, 13, 24, 9, 14, 1, 16, 35, 27, 47, 41, 12, 2, 51, 3, 28, 59, 15, 46, 44, 57, 11, 36, 571, 71, 336, 538, 409, 48, 27, 298, 281, 552, 399, 511, 157, 324, 361, 180, 300, 23, 169, 15, 168, 442, 322, 193, 317, 393, 119, 479, 270, 112, 176, 289, 349, 378, 213, 473, 96, 148, 115, 159, 197, 283, 328, 4, 187, 215, 124, 137, 203, 527, 81, 95, 343, 482, 269, 366, 236, 6, 251, 404, 475]
n60w200.002	--	180000	false	--	--
n60w200.003	--	180000	false	--	--
n60w200.004	625	180000	false	--	[18, 53, 34, 22, 12, 51, 56, 5, 39, 46, 25, 17, 7, 3, 42, 14, 19, 61, 1, 50, 54, 16, 6, 2, 8, 47, 60, 20, 43, 59, 48, 31, 55, 45, 21, 23, 29, 15, 58, 24, 35, 13, 28, 27, 33, 49, 37, 11, 44, 32, 38, 4, 36, 10, 41, 30, 9, 26, 52, 57, 40, 625, 491, 330, 352, 61, 461, 389, 87, 226, 277, 104, 33, 397, 336, 410, 338, 26, 619, 14, 151, 293, 343, 462, 518, 94, 186, 247, 155, 164, 375, 134, 146, 320, 326, 314, 466, 175, 432, 216, 574, 316, 402, 160, 251, 322, 270, 180, 119, 266, 147, 455, 363, 480, 281, 319, 382, 232, 206, 370, 237, 601]
n60w200.005	620	180000	false	--	[61, 5, 36, 29, 1, 11, 58, 17, 10, 20, 27, 43, 14, 42, 22, 34, 19, 44, 51, 38, 50, 48, 16, 55, 54, 52, 39, 7, 15, 28, 18, 47, 2, 41, 45, 13, 57, 25, 9, 12, 26, 8, 60, 53, 6, 4, 24, 30, 3, 49, 35, 46, 23, 56, 33, 37, 32, 59, 21, 31, 40, 620, 41, 256, 376, 12, 183, 314, 225, 151, 140, 178, 542, 249, 248, 353, 439, 218, 481, 205, 131, 285, 339, 459, 70, 109, 394, 173, 319, 368, 324, 490, 85, 56, 422, 191, 255, 90, 127, 159, 564, 414, 241, 508, 481, 186, 385, 74, 330, 259, 263, 198, 387, 463, 107, 60, 99, 89, 312, 296, 499, 607]
n80w120.001	678	180000	false	--	[64, 51, 7, 49, 19, 15, 10, 67, 2, 18, 70, 27, 73, 62, 8, 6, 29, 1, 14, 54, 26, 63, 77, 44, 72, 36, 71, 52, 47, 59, 23, 40, 61, 39, 32, 25, 46, 30, 80, 38, 24, 53, 12, 79, 74, 13, 42, 21, 9, 16, 34, 37, 66, 35, 75, 50, 45, 68, 3, 69, 48, 22, 33, 81, 78, 5, 55, 17, 58, 43, 28, 31, 41, 56, 4, 11, 57, 20, 60, 65, 76, 678, 152, 38, 168, 343, 196, 32, 187, 158, 24, 589, 520, 431, 337, 192, 200, 382, 1, 341, 106, 291, 328, 240, 418, 274, 287, 496, 470, 377, 65, 247, 81, 306, 133, 85, 282, 449, 69, 128, 70, 420, 361, 537, 414, 227, 447, 364, 296, 164, 204, 141, 466, 354, 98, 174, 214, 230, 405, 62, 407, 299, 334, 315, 652, 111, 348, 180, 399, 405, 556, 485, 256, 427, 218, 172, 601, 235, 110, 411, 120, 615]
n80w120.002	750	180000	false	--	[78, 33, 4, 6, 43, 12, 10, 38, 2, 20, 68, 23, 34, 17, 69, 77, 19, 64, 22, 49, 25, 74, 39, 30, 57, 46, 41, 36, 61, 53, 3, 37, 7, 26, 18, 44, 65, 75, 1, 47, 8, 67, 56, 42, 9, 48, 79, 73, 54, 27, 16, 24, 58, 59, 66, 50, 52, 45, 14, 70, 60, 32, 11, 51, 31, 15, 21, 55, 29, 76, 40, 35, 80, 62, 28, 71, 5, 81, 13, 72, 63, 750, 174, 44, 36, 315, 31, 158, 267, 178, 150, 593, 17, 456, 120, 561, 329, 112, 353, 107, 146, 225, 103, 13, 202, 217, 431, 274, 252, 550, 200, 69, 87, 168, 442, 369, 251, 79, 261, 4, 506, 271, 238, 307, 246, 183, 417, 485, 405, 143, 288, 334, 204, 196, 140, 569, 295, 208, 188, 124, 535, 539, 91, 638, 347, 72, 567, 230, 578, 556, 525, 512, 378, 392, 95, 255, 520, 319, 731, 459, 386, 683]
n80w120.003	--	180000	false	--	--
n80w120.004	668	180000	false	--	[14, 61, 51, 37, 56, 54, 36, 3, 11, 13, 17, 26, 21, 34, 66, 41, 15, 31, 39, 2, 71, 16, 9, 30, 1, 63, 78, 42, 77, 43, 49, 57, 47, 81, 44, 38, 45, 19, 20, 6, 46, 67, 32, 68, 22, 65, 55, 75, 62, 70, 50, 35, 29, 73, 59, 72, 76, 7, 60, 53, 80, 4, 64, 40, 74, 48, 58, 24, 27, 69, 25, 79, 23, 52, 10, 12, 8, 28, 33, 18, 5, 668, 328, 411, 295, 572, 130, 356, 418, 113, 56, 109, 165, 32, 662, 95, 276, 100, 314, 341, 336, 25, 284, 118, 207, 9, 161, 388, 375, 424, 200, 310, 190, 472, 632, 240, 350, 292, 345, 337, 138, 270, 371, 194, 231, 289, 265, 467, 76, 308, 401, 407, 244, 429, 129, 458, 550, 176, 358, 444, 436, 327, 301, 146, 142, 253, 92, 362, 214, 394, 398, 15, 513, 125, 248, 67, 168, 418, 381, 488, 317, 609]
n80w120.005	779	180000	false	--	[34, 27, 38, 37, 6, 10, 21, 35, 52, 1, 33, 62, 23, 61, 14, 8, 13, 45, 54, 31, 70, 46, 64, 22, 57, 50, 44, 43, 16, 4, 42, 7, 66, 81, 26, 39, 41, 19, 77, 67, 68, 36, 71, 30, 53, 2, 29, 17, 79, 69, 12, 18, 24, 60, 51, 49, 73, 9, 72, 56, 80, 65, 3, 5, 40, 76, 59, 20, 63, 55, 48, 28, 15, 47, 74, 75, 11, 58, 32, 78, 25, 779, 428, 256, 418, 44, 22, 179, 278, 467, 7, 352, 143, 54, 566, 584, 286, 58, 459, 240, 397, 173, 441, 48, 447, 672, 273, 426, 93, 294, 419, 388, 188, 340, 756, 274, 370, 414, 249, 364, 123, 409, 377, 87, 423, 454, 432, 307, 62, 207, 266, 149, 463, 453, 234, 155, 220, 629, 474, 115, 230, 557, 138, 262, 45, 127, 337, 119, 400, 264, 162, 69, 109, 604, 316, 328, 333, 358, 483, 194, 511, 710]
n80w140.001	--	180000	false	--	--
n80w140.002	733	180000	false	--	[68, 47, 16, 10, 9, 12, 30, 19, 31, 13, 25, 48, 21, 78, 54, 71, 29, 64, 52, 67, 27, 38, 8, 66, 73, 28, 75, 62, 39, 22, 49, 51, 26, 7, 59, 63, 20, 70, 77, 58, 69, 4, 60, 53, 80, 6, 40, 15, 32, 42, 76, 5, 79, 36, 3, 61, 56, 14, 34, 23, 43, 18, 45, 72, 37, 65, 44, 81, 17, 57, 74, 24, 33, 35, 1, 46, 55, 41, 50, 11, 2, 733, 657, 459, 63, 323, 268, 418, 360, 322, 43, 199, 267, 28, 572, 257, 455, 543, 146, 350, 99, 24, 398, 361, 135, 182, 157, 10, 153, 539, 408, 311, 291, 161, 422, 443, 238, 107, 388, 511, 624, 551, 70, 369, 83, 211, 273, 640, 263, 295, 72, 283, 327, 79, 248, 475, 377, 382, 575, 437, 367, 371, 150, 226, 142, 115, 118, 88, 723, 546, 382, 451, 137, 166, 445, 7, 279, 488, 561, 76, 205, 687]
n80w140.003	--	180000	false	--	--
n80w140.004	--	180000	false	--	--
n80w140.005	760	180000	false	--	[38, 20, 33, 66, 12, 13, 54, 35, 14, 7, 58, 19, 57, 36, 32, 56, 69, 16, 25, 55, 5, 21, 50, 48, 1, 73, 37, 80, 24, 40, 81, 47, 72, 23, 62, 3, 51, 49, 74, 61, 26, 70, 75, 41, 53, 9, 11, 28, 31, 77, 78, 39, 59, 44, 52, 63, 65, 64, 76, 79, 67, 42, 68, 46, 27, 2, 8, 34, 4, 18, 17, 30, 60, 6, 22, 71, 43, 15, 45, 10, 29, 760, 384, 214, 394, 52, 327, 546, 171, 227, 557, 243, 44, 321, 221, 271, 137, 405, 140, 24, 370, 61, 65, 104, 594, 16, 497, 294, 577, 598, 192, 637, 259, 207, 117, 163, 216, 289, 728, 345, 186, 508, 156, 89, 527, 447, 231, 251, 587, 681, 99, 281, 351, 437, 538, 355, 129, 318, 242, 430, 477, 179, 159, 125, 235, 307, 386, 176, 124, 397, 146, 409, 199, 493, 334, 83, 427, 95, 280, 467, 571, 599]
n80w160.001	762	180000	false	--	[51, 5, 36, 12, 45, 20, 24, 9, 10, 15, 8, 21, 16, 38, 17, 4, 19, 54, 42, 31, 69, 75, 67, 14, 34, 27, 29, 47, 33, 63, 60, 66, 40, 80, 57, 28, 65, 78, 52, 53, 1, 72, 32, 13, 48, 11, 7, 18, 35, 58, 81, 49, 59, 62, 23, 64, 43, 70, 71, 68, 73, 56, 25, 77, 46, 30, 26, 22, 61, 2, 74, 79, 55, 50, 39, 44, 6, 76, 41, 37, 3, 762, 304, 684, 473, 303, 246, 591, 91, 80, 68, 96, 466, 485, 569, 59, 479, 43, 296, 36, 239, 460, 200, 426, 580, 136, 404, 395, 607, 365, 145, 232, 163, 362, 134, 186, 649, 117, 537, 194, 355, 5, 31, 169, 489, 300, 101, 603, 298, 190, 319, 724, 193, 354, 294, 428, 279, 181, 309, 345, 225, 444, 288, 141, 261, 112, 151, 414, 216, 451, 305, 333, 28, 434, 329, 195, 491, 250, 510, 8, 126, 703]
n80w160.002	--	180000	false	--	--
n80w160.003	--	180000	false	--	--
n80w160.004	--	180000	false	--	--
n80w160.005	--	180000	false	--	--
n80w180.001	709	180000	false	--	[57, 25, 50, 5, 7, 51, 9, 23, 12, 37, 69, 19, 21, 28, 38, 34, 64, 35, 1, 39, 42, 53, 49, 8, 70, 68, 41, 32, 56, 36, 71, 33, 73, 62, 45, 65, 61, 60, 77, 30, 20, 29, 14, 59, 58, 11, 18, 75, 66, 16, 2, 74, 67, 81, 72, 10, 54, 27, 43, 80, 44, 48, 3, 26, 63, 47, 4, 79, 40, 17, 55, 15, 78, 46, 6, 13, 76, 22, 31, 24, 52, 709, 403, 502, 53, 50, 420, 32, 269, 22, 157, 546, 15, 175, 124, 320, 472, 370, 226, 11, 195, 174, 91, 260, 272, 398, 364, 207, 123, 168, 522, 343, 110, 109, 471, 219, 519, 152, 307, 190, 531, 196, 172, 126, 134, 212, 551, 229, 457, 256, 483, 409, 579, 86, 641, 332, 160, 677, 211, 130, 298, 144, 462, 512, 366, 515, 241, 83, 360, 537, 390, 337, 324, 105, 562, 428, 182, 188, 101, 354, 291, 599]
n80w180.002	--	180000	false	--	--
n80w180.003	--	180000	false	--	--
n80w180.004	--	180000	false	--	--
n80w180.005	--	180000	false	--	--
n80w200.001	--	180000	false	--	--
n80w200.002	--	180000	false	--	--
n80w200.003	--	180000	false	--	--
n80w200.004	--	180000	false	--	--
n80w200.005	--	180000	false	--	--
n100w120.001	--	180000	false	--	--
n100w120.001	--	180000	false	--	--
n100w120.002	893	180000	false	--	[34, 68, 95, 86, 53, 30, 8, 11, 14, 17, 22, 23, 62, 72, 12, 4, 26, 70, 74, 41, 13, 93, 55, 64, 52, 27, 28, 44, 75, 5, 58, 3, 83, 84, 61, 33, 89, 7, 32, 43, 69, 1, 21, 54, 73, 67, 42, 2, 20, 51, 49, 92, 85, 46, 56, 76, 25, 38, 97, 79, 6, 100, 40, 29, 10, 57, 48, 96, 45, 91, 80, 19, 65, 98, 59, 94, 31, 90, 9, 77, 60, 37, 24, 39, 66, 15, 81, 71, 63, 50, 16, 88, 47, 35, 78, 101, 99, 36, 18, 87, 82, 893, 558, 802, 244, 160, 170, 61, 46, 362, 679, 34, 220, 403, 356, 227, 255, 664, 267, 337, 735, 410, 20, 216, 300, 119, 661, 653, 644, 281, 168, 79, 809, 312, 858, 177, 325, 456, 65, 820, 424, 725, 3, 420, 619, 707, 606, 12, 582, 749, 765, 755, 110, 155, 613, 211, 207, 123, 73, 274, 370, 173, 397, 430, 289, 680, 132, 599, 509, 714, 261, 86, 338, 696, 333, 280, 188, 83, 772, 366, 85, 384, 470, 305, 845, 138, 236, 389, 88, 435, 771, 259, 93, 18, 186, 783, 487, 270, 330, 268, 395, 477]
n100w120.002	893	180000	false	--	[34, 68, 90, 86, 53, 30, 8, 11, 14, 17, 22, 23, 62, 72, 12, 4, 26, 70, 74, 32, 13, 93, 55, 64, 52, 27, 28, 44, 75, 5, 58, 95, 83, 84, 61, 33, 89, 7, 3, 43, 69, 1, 21, 54, 73, 67, 42, 2, 51, 39, 78, 92, 85, 46, 56, 76, 25, 38, 97, 79, 6, 100, 40, 29, 10, 57, 48, 96, 45, 91, 80, 19, 65, 98, 59, 94, 31, 41, 9, 77, 60, 37, 24, 20, 66, 15, 81, 71, 63, 49, 16, 88, 47, 35, 50, 101, 99, 36, 18, 87, 82, 893, 558, 761, 244, 160, 170, 61, 46, 362, 679, 34, 220, 403, 356, 227, 255, 664, 267, 337, 825, 410, 20, 216, 300, 119, 661, 653, 644, 281, 168, 79, 811, 312, 853, 177, 325, 456, 65, 767, 424, 725, 3, 420, 619, 707, 606, 12, 582, 748, 787, 742, 110, 155, 613, 211, 207, 123, 73, 274, 370, 173, 397, 430, 289, 680, 132, 599, 509, 714, 261, 86, 338, 696, 333, 280, 188, 83, 731, 366, 85, 384, 470, 305, 840, 138, 236, 389, 88, 435, 753, 259, 93, 18, 186, 793, 487, 270, 330, 268, 395, 477]
n100w120.003	912	180000	false	--	[36, 26, 11, 53, 40, 18, 96, 12, 59, 37, 62, 28, 67, 73, 58, 91, 13, 85, 5, 84, 9, 68, 101, 21, 90, 24, 45, 29, 41, 98, 66, 54, 35, 38, 94, 50, 95, 77, 33, 23, 1, 44, 19, 76, 52, 93, 4, 17, 57, 78, 74, 6, 87, 99, 25, 3, 46, 51, 88, 80, 22, 92, 56, 71, 8, 83, 81, 75, 39, 47, 34, 14, 7, 100, 2, 97, 70, 48, 31, 27, 72, 86, 65, 82, 55, 10, 60, 16, 49, 32, 42, 15, 61, 30, 69, 89, 63, 79, 20, 43, 64, 912, 483, 366, 243, 309, 214, 606, 51, 447, 147, 361, 35, 682, 623, 351, 428, 729, 210, 316, 168, 451, 508, 296, 458, 194, 469, 227, 26, 6, 99, 80, 183, 112, 275, 109, 871, 131, 267, 115, 298, 4, 406, 317, 394, 221, 530, 247, 753, 554, 817, 330, 216, 241, 178, 201, 371, 544, 343, 436, 234, 521, 358, 383, 291, 58, 74, 661, 499, 120, 257, 283, 633, 619, 325, 487, 390, 261, 800, 84, 233, 654, 159, 61, 163, 205, 150, 237, 433, 562, 190, 413, 354, 524, 102, 124, 583, 386, 95, 171, 322, 292]
n100w120.003	912	180000	false	--	[36, 26, 11, 53, 40, 18, 72, 12, 59, 37, 62, 28, 7, 89, 58, 91, 48, 85, 5, 84, 9, 68, 101, 21, 90, 24, 45, 29, 41, 98, 66, 54, 35, 38, 94, 50, 95, 77, 33, 23, 1, 44, 19, 76, 52, 22, 4, 81, 57, 78, 74, 6, 87, 99, 25, 3, 93, 51, 88, 80, 46, 92, 56, 71, 8, 83, 13, 75, 39, 47, 34, 73, 14, 100, 2, 97, 70, 17, 31, 27, 96, 86, 65, 82, 55, 10, 60, 16, 49, 32, 42, 15, 61, 30, 69, 67, 63, 79, 20, 43, 64, 912, 483, 366, 243, 309, 214, 603, 51, 447, 147, 361, 35, 631, 584, 351, 428, 719, 210, 316, 168, 451, 508, 296, 458, 194, 469, 227, 26, 6, 99, 80, 183, 112, 275, 109, 871, 131, 267, 115, 298, 4, 406, 317, 394, 221, 515, 247, 695, 554, 760, 330, 216, 241, 178, 201, 371, 544, 343, 436, 234, 521, 358, 383, 291, 58, 74, 652, 499, 120, 257, 283, 594, 588, 325, 487, 390, 261, 743, 84, 233, 676, 159, 61, 163, 205, 150, 237, 433, 562, 190, 413, 354, 524, 102, 124, 663, 386, 95, 171, 322, 292]
n100w120.004	942	180000	false	--	[99, 62, 50, 11, 14, 75, 49, 37, 57, 96, 24, 19, 33, 34, 7, 29, 39, 27, 63, 3, 67, 6, 56, 60, 64, 72, 85, 32, 41, 13, 90, 59, 86, 36, 16, 73, 69, 26, 83, 10, 77, 65, 30, 5, 2, 84, 8, 92, 20, 1, 74, 58, 54, 93, 78, 38, 31, 45, 88, 87, 100, 97, 81, 4, 82, 51, 52, 9, 70, 35, 42, 15, 47, 44, 55, 68, 91, 40, 46, 48, 43, 76, 89, 61, 66, 95, 79, 53, 21, 17, 71, 28, 12, 23, 98, 18, 80, 101, 22, 94, 25, 942, 348, 28, 154, 640, 845, 47, 559, 444, 718, 144, 252, 215, 628, 54, 510, 395, 701, 251, 30, 373, 873, 99, 143, 172, 78, 697, 310, 500, 222, 413, 305, 204, 615, 521, 613, 551, 81, 391, 737, 499, 475, 231, 649, 354, 118, 568, 330, 34, 15, 690, 365, 278, 269, 793, 89, 428, 361, 299, 126, 113, 345, 246, 168, 470, 694, 367, 454, 540, 529, 483, 66, 609, 683, 832, 458, 499, 746, 121, 336, 234, 462, 383, 116, 694, 200, 123, 287, 377, 405, 493, 316, 262, 101, 198, 707, 339, 183, 911, 103, 174]
n100w120.004	942	180000	false	--	[99, 62, 1, 24, 14, 75, 20, 37, 57, 96, 84, 19, 33, 34, 49, 29, 39, 27, 63, 15, 45, 6, 56, 11, 64, 7, 85, 32, 41, 13, 90, 59, 86, 36, 16, 73, 69, 72, 83, 10, 77, 65, 30, 5, 2, 87, 8, 92, 3, 38, 74, 67, 54, 93, 78, 50, 31, 52, 88, 46, 60, 97, 81, 4, 82, 51, 21, 9, 70, 35, 42, 26, 47, 44, 55, 68, 91, 40, 61, 48, 43, 76, 89, 79, 66, 95, 100, 53, 58, 17, 71, 28, 12, 23, 98, 18, 80, 101, 22, 94, 25, 942, 348, 3, 154, 640, 845, 51, 559, 444, 718, 142, 252, 215, 628, 20, 510, 395, 701, 251, 35, 361, 873, 99, 143, 172, 54, 697, 310, 500, 222, 413, 305, 204, 615, 521, 613, 551, 79, 391, 737, 499, 475, 231, 649, 354, 113, 568, 330, 6, 82, 690, 369, 278, 269, 793, 89, 428, 373, 299, 117, 121, 345, 246, 168, 470, 694, 367, 454, 540, 529, 483, 66, 609, 683, 832, 458, 499, 746, 124, 336, 234, 462, 383, 127, 694, 200, 112, 287, 377, 405, 493, 316, 262, 101, 198, 707, 339, 183, 911, 103, 174]
n100w120.005	--	180000	false	--	--
n100w120.005	--	180000	false	--	--
n100w140.001	--	180000	false	--	--
n100w140.001	--	180000	false	--	--
n100w140.002	--	180000	false	--	--
n100w140.002	--	180000	false	--	--
n100w140.003	--	180000	false	--	--
n100w140.003	--	180000	false	--	--
n100w140.004	856	180000	false	--	[99, 32, 90, 10, 95, 8, 51, 14, 11, 30, 20, 47, 17, 31, 42, 24, 21, 67, 52, 38, 76, 41, 18, 63, 78, 71, 4, 59, 45, 75, 74, 29, 16, 88, 100, 9, 5, 39, 48, 7, 82, 53, 83, 98, 60, 77, 49, 87, 56, 73, 93, 70, 54, 50, 44, 92, 68, 28, 97, 6, 84, 58, 23, 62, 40, 85, 19, 66, 37, 34, 96, 86, 101, 64, 26, 65, 36, 79, 12, 2, 43, 89, 33, 46, 94, 15, 1, 22, 13, 35, 72, 91, 80, 61, 81, 25, 55, 27, 3, 69, 57, 856, 420, 803, 278, 712, 387, 435, 382, 64, 270, 36, 231, 508, 363, 179, 641, 505, 595, 576, 23, 495, 536, 607, 624, 241, 251, 288, 321, 410, 264, 359, 412, 652, 551, 785, 77, 722, 22, 17, 455, 527, 177, 678, 299, 406, 84, 225, 8, 221, 149, 430, 570, 165, 159, 301, 213, 125, 331, 319, 397, 95, 335, 616, 343, 466, 110, 580, 111, 739, 555, 247, 199, 142, 348, 257, 482, 80, 237, 236, 421, 698, 525, 665, 88, 107, 182, 6, 540, 515, 793, 205, 211, 426, 99, 705, 244, 307, 290, 829, 776, 131]
n100w140.004	856	180000	false	--	[99, 32, 100, 10, 95, 8, 51, 14, 11, 30, 20, 47, 17, 31, 42, 24, 21, 67, 52, 38, 76, 41, 18, 63, 78, 71, 4, 59, 45, 75, 74, 29, 16, 88, 69, 9, 5, 39, 48, 7, 82, 53, 83, 98, 60, 77, 49, 87, 56, 73, 93, 70, 54, 50, 44, 92, 68, 28, 97, 6, 84, 58, 23, 62, 40, 85, 19, 66, 81, 34, 96, 86, 101, 64, 26, 65, 36, 79, 12, 2, 37, 89, 33, 46, 94, 15, 1, 22, 13, 35, 72, 91, 80, 61, 43, 25, 55, 27, 3, 90, 57, 856, 420, 808, 278, 700, 387, 435, 382, 64, 270, 36, 231, 508, 363, 179, 641, 505, 595, 576, 23, 495, 536, 607, 624, 241, 251, 288, 321, 410, 264, 359, 412, 652, 551, 789, 77, 710, 22, 17, 455, 527, 177, 678, 299, 406, 84, 225, 8, 221, 149, 430, 570, 165, 159, 301, 213, 125, 331, 319, 397, 95, 335, 616, 343, 466, 110, 580, 111, 753, 555, 247, 199, 142, 348, 257, 482, 80, 237, 236, 421, 723, 525, 665, 88, 107, 182, 6, 540, 515, 797, 205, 211, 426, 99, 693, 244, 307, 290, 829, 799, 131]
n100w140.005	810	180000	false	--	[64, 5, 35, 21, 12, 3, 22, 9, 73, 30, 45, 1, 78, 79, 50, 23, 94, 87, 31, 101, 11, 29, 41, 80, 88, 56, 52, 60, 65, 83, 44, 67, 36, 47, 86, 40, 18, 37, 89, 85, 28, 15, 24, 75, 53, 77, 49, 74, 4, 90, 69, 70, 20, 33, 62, 71, 63, 82, 16, 25, 19, 32, 43, 46, 6, 92, 10, 51, 17, 81, 2, 54, 76, 95, 55, 93, 68, 84, 42, 66, 8, 97, 72, 26, 38, 59, 96, 98, 57, 48, 27, 58, 14, 39, 34, 91, 100, 99, 13, 61, 7, 810, 32, 164, 285, 30, 167, 198, 362, 361, 522, 251, 10, 99, 348, 332, 139, 687, 426, 584, 224, 260, 190, 133, 629, 118, 78, 376, 126, 186, 516, 574, 530, 476, 301, 161, 469, 437, 453, 671, 468, 131, 334, 631, 553, 247, 760, 294, 317, 290, 326, 709, 373, 231, 480, 547, 73, 640, 608, 146, 123, 588, 543, 635, 796, 174, 617, 526, 733, 690, 371, 61, 482, 359, 314, 551, 351, 752, 95, 338, 625, 366, 604, 506, 84, 459, 152, 405, 115, 646, 321, 380, 610, 350, 678, 310, 386, 594, 108, 103, 592, 201]
n100w140.005	810	180000	false	--	[64, 5, 35, 21, 12, 3, 22, 9, 73, 30, 45, 1, 78, 79, 50, 23, 39, 87, 31, 101, 11, 29, 41, 80, 88, 56, 52, 60, 65, 83, 44, 67, 36, 47, 86, 40, 18, 37, 69, 85, 28, 15, 24, 75, 53, 77, 49, 74, 4, 90, 17, 70, 20, 33, 62, 71, 43, 82, 16, 25, 19, 32, 57, 46, 6, 92, 10, 51, 94, 81, 2, 54, 76, 95, 55, 93, 68, 84, 42, 66, 8, 97, 72, 26, 38, 59, 96, 98, 63, 48, 27, 58, 14, 89, 34, 91, 100, 99, 13, 61, 7, 810, 32, 164, 285, 30, 167, 198, 362, 361, 522, 251, 10, 99, 348, 332, 139, 690, 426, 584, 224, 260, 190, 133, 629, 118, 78, 376, 126, 186, 516, 574, 530, 476, 301, 161, 469, 437, 453, 687, 468, 131, 334, 631, 553, 247, 762, 294, 317, 290, 326, 711, 373, 231, 480, 547, 73, 640, 608, 146, 123, 588, 543, 645, 796, 174, 617, 526, 735, 685, 371, 61, 482, 359, 314, 551, 351, 754, 95, 338, 625, 366, 604, 506, 84, 459, 152, 405, 115, 655, 321, 380, 610, 350, 678, 310, 386, 594, 108, 103, 592, 201]
n100w160.001	--	180000	false	--	--
n100w160.001	--	180000	false	--	--
n100w160.002	--	180000	false	--	--
n100w160.002	--	180000	false	--	--
n100w160.003	--	180000	false	--	--
n100w160.003	--	180000	false	--	--
n100w160.004	--	180000	false	--	--
n100w160.004	--	180000	false	--	--
n100w160.005	918	180000	false	--	[5, 9, 94, 41, 89, 17, 38, 65, 12, 99, 16, 35, 96, 1, 22, 46, 51, 39, 60, 2, 62, 14, 50, 33, 31, 64, 18, 25, 45, 88, 56, 90, 52, 71, 30, 49, 93, 101, 58, 61, 77, 83, 34, 11, 32, 70, 28, 36, 53, 15, 8, 84, 75, 37, 42, 3, 82, 63, 74, 13, 95, 92, 73, 86, 40, 85, 80, 54, 29, 79, 76, 24, 81, 91, 4, 68, 44, 55, 7, 59, 100, 72, 87, 78, 57, 27, 20, 23, 97, 19, 21, 47, 48, 98, 67, 6, 69, 10, 43, 66, 26, 918, 83, 501, 404, 912, 675, 308, 646, 76, 481, 365, 69, 692, 11, 32, 357, 668, 246, 735, 92, 600, 19, 41, 166, 534, 280, 252, 562, 822, 55, 520, 783, 159, 464, 61, 413, 431, 291, 244, 637, 402, 117, 468, 379, 809, 349, 567, 421, 411, 34, 665, 155, 410, 433, 121, 504, 191, 239, 617, 708, 633, 578, 229, 265, 643, 211, 621, 441, 824, 345, 452, 177, 222, 612, 407, 443, 392, 130, 336, 619, 220, 179, 113, 135, 199, 257, 98, 53, 892, 765, 603, 568, 425, 496, 627, 682, 839, 492, 477, 217, 285]
n100w160.005	918	180000	false	--	[5, 9, 94, 41, 89, 65, 38, 61, 12, 99, 16, 35, 6, 1, 22, 46, 13, 39, 60, 2, 62, 14, 50, 33, 31, 64, 18, 25, 69, 88, 56, 40, 52, 71, 30, 49, 93, 101, 58, 96, 77, 83, 34, 11, 90, 70, 28, 36, 53, 15, 17, 84, 75, 37, 42, 3, 82, 63, 74, 32, 95, 92, 73, 86, 8, 85, 80, 54, 45, 79, 76, 24, 81, 91, 4, 68, 44, 55, 7, 59, 100, 72, 87, 78, 57, 27, 20, 23, 97, 19, 21, 47, 48, 98, 67, 51, 29, 10, 43, 66, 26, 918, 83, 501, 404, 912, 653, 308, 641, 76, 481, 365, 69, 658, 11, 32, 357, 665, 246, 741, 92, 600, 19, 41, 166, 534, 280, 252, 562, 828, 55, 520, 705, 159, 464, 61, 413, 431, 291, 244, 684, 402, 117, 468, 379, 815, 349, 567, 421, 411, 34, 668, 155, 410, 433, 121, 504, 191, 239, 617, 714, 633, 578, 229, 265, 644, 211, 621, 441, 826, 345, 452, 177, 222, 612, 407, 443, 392, 130, 336, 619, 220, 179, 113, 135, 199, 257, 98, 53, 892, 771, 603, 568, 425, 496, 627, 674, 845, 492, 477, 217, 285]
n20w120.001	339	180000	false	--	[15, 6, 5, 9, 8, 12, 16, 14, 3, 17, 13, 11, 19, 7, 21, 2, 1, 20, 18, 10, 4, 339, 59, 194, 255, 171, 56, 94, 154, 219, 17, 33, 44, 31, 120, 317, 65, 9, 24, 29, 21, 283]
n20w120.001	339	180000	false	--	[15, 6, 5, 9, 8, 12, 16, 14, 3, 17, 13, 11, 19, 7, 21, 2, 1, 20, 18, 10, 4, 339, 59, 194, 255, 171, 56, 94, 154, 219, 17, 33, 44, 31, 120, 317, 65, 9, 24, 29, 21, 283]
n20w120.002	247	180000	false	--	[14, 1, 7, 3, 8, 5, 20, 9, 19, 11, 13, 16, 18, 21, 2, 6, 12, 4, 15, 17, 10, 247, 16, 161, 185, 69, 84, 136, 59, 47, 208, 207, 99, 198, 239, 30, 93, 108, 196, 39, 125, 222]
n20w120.002	247	180000	false	--	[14, 1, 7, 3, 8, 5, 20, 9, 19, 13, 10, 16, 18, 21, 2, 6, 12, 4, 15, 17, 11, 247, 16, 161, 185, 69, 84, 136, 59, 47, 207, 208, 99, 198, 239, 30, 93, 108, 196, 39, 125, 222]
n20w120.003	348	70113	false	--	[7, 4, 17, 20, 9, 1, 13, 3, 10, 14, 19, 18, 21, 2, 16, 8, 5, 15, 12, 6, 11, 348, 45, 125, 34, 103, 3, 346, 135, 89, 84, 240, 155, 300, 57, 143, 141, 111, 149, 190, 10, 260]
n20w120.003	348	70184	false	--	[7, 4, 17, 20, 9, 1, 13, 3, 10, 14, 19, 18, 21, 2, 16, 8, 5, 15, 12, 6, 11, 348, 45, 125, 34, 103, 3, 346, 135, 89, 84, 240, 155, 300, 57, 143, 141, 111, 149, 190, 10, 260]
n20w120.004	354	180000	false	--	[2, 19, 8, 3, 11, 9, 6, 12, 16, 20, 7, 1, 15, 5, 14, 10, 21, 17, 18, 4, 13, 354, 323, 30, 44, 197, 147, 162, 28, 135, 91, 176, 6, 244, 216, 225, 102, 263, 269, 278, 63, 248]
n20w120.004	354	180000	false	--	[2, 19, 8, 3, 11, 9, 6, 12, 16, 20, 7, 1, 15, 5, 14, 10, 21, 17, 18, 4, 13, 354, 323, 30, 44, 197, 147, 162, 28, 135, 91, 176, 6, 244, 216, 225, 102, 263, 269, 278, 63, 248]
n20w120.005	317	180000	false	--	[13, 21, 18, 19, 11, 3, 10, 12, 4, 15, 6, 1, 2, 20, 16, 5, 14, 9, 17, 8, 7, 317, 228, 117, 85, 127, 120, 172, 23, 93, 164, 123, 8, 271, 49, 148, 138, 69, 102, 80, 46, 217]
n20w120.005	317	180000	false	--	[13, 21, 18, 19, 11, 3, 10, 12, 4, 15, 6, 1, 2, 20, 16, 5, 14, 9, 17, 8, 7, 317, 228, 117, 85, 127, 120, 172, 23, 93, 164, 123, 8, 271, 49, 148, 138, 69, 102, 80, 46, 217]
n20w140.001	241	180000	false	--	[10, 20, 14, 21, 18, 2, 1, 5, 12, 16, 4, 7, 8, 6, 13, 19, 11, 3, 17, 9, 15, 241, 43, 84, 190, 119, 74, 11, 130, 18, 212, 193, 13, 147, 79, 164, 210, 200, 92, 207, 30, 175]
n20w140.001	241	180000	false	--	[10, 20, 14, 21, 18, 2, 1, 5, 12, 16, 4, 7, 8, 6, 13, 19, 11, 3, 17, 9, 15, 241, 43, 84, 190, 119, 74, 11, 130, 18, 212, 193, 13, 147, 79, 164, 210, 200, 92, 207, 30, 175]
n20w140.002	308	28829	false	--	[4, 8, 10, 21, 16, 2, 17, 14, 20, 9, 1, 6, 3, 15, 19, 18, 5, 11, 7, 12, 13, 308, 110, 217, 286, 33, 125, 55, 100, 169, 202, 6, 135, 243, 91, 74, 25, 41, 20, 64, 151, 259]
n20w140.002	308	28775	false	--	[4, 8, 10, 21, 16, 2, 17, 14, 20, 9, 1, 6, 3, 15, 19, 18, 5, 11, 7, 12, 13, 308, 110, 217, 286, 33, 125, 55, 100, 169, 202, 6, 135, 243, 91, 74, 25, 41, 20, 64, 151, 259]
n20w140.003	303	180000	false	--	[19, 6, 2, 11, 8, 13, 14, 15, 18, 1, 16, 4, 17, 5, 9, 10, 20, 12, 21, 7, 3, 303, 218, 228, 41, 115, 191, 147, 89, 73, 6, 32, 60, 190, 140, 76, 28, 179, 61, 272, 159, 252]
n20w140.003	303	180000	false	--	[19, 6, 2, 11, 8, 13, 14, 15, 18, 1, 16, 4, 17, 5, 9, 10, 20, 12, 21, 7, 3, 303, 218, 228, 41, 115, 191, 147, 89, 73, 6, 32, 60, 190, 140, 76, 28, 179, 61, 272, 159, 252]
n20w140.004	320	180000	false	--	[21, 5, 15, 9, 6, 8, 19, 11, 16, 3, 14, 18, 20, 1, 13, 17, 12, 7, 2, 4, 10, 320, 77, 237, 180, 69, 64, 97, 46, 177, 244, 38, 118, 201, 8, 209, 174, 141, 105, 85, 187, 316]
n20w140.004	320	180000	false	--	[21, 5, 15, 16, 6, 8, 19, 11, 4, 3, 14, 18, 20, 1, 13, 17, 12, 7, 2, 9, 10, 320, 77, 237, 178, 69, 64, 97, 46, 181, 244, 38, 118, 200, 8, 208, 174, 141, 105, 85, 186, 316]
n20w140.005	275	180000	false	--	[12, 4, 18, 15, 21, 13, 1, 9, 17, 3, 5, 11, 14, 10, 19, 7, 20, 8, 6, 16, 2, 275, 182, 121, 179, 236, 143, 23, 103, 85, 132, 255, 272, 141, 136, 173, 44, 77, 119, 146, 53, 204]
n20w140.005	275	180000	false	--	[12, 4, 18, 15, 21, 13, 1, 9, 17, 3, 5, 11, 14, 10, 19, 7, 20, 8, 6, 16, 2, 275, 182, 121, 179, 236, 143, 23, 103, 85, 132, 255, 272, 141, 136, 173, 44, 77, 119, 146, 53, 204]
n20w160.001	349	180000	false	--	[18, 4, 12, 5, 6, 7, 8, 11, 21, 16, 1, 15, 10, 3, 20, 17, 14, 19, 9, 2, 13, 349, 98, 156, 79, 65, 62, 41, 34, 259, 226, 7, 127, 231, 165, 123, 211, 177, 315, 267, 106, 244]
n20w160.001	349	180000	false	--	[18, 4, 12, 5, 6, 7, 8, 11, 21, 16, 1, 15, 10, 3, 20, 17, 14, 19, 9, 2, 13, 349, 98, 156, 79, 65, 62, 41, 34, 259, 226, 7, 127, 231, 165, 123, 211, 177, 315, 267, 106, 244]
n20w160.002	255	180000	false	--	[14, 5, 15, 8, 19, 18, 3, 11, 2, 6, 16, 10, 9, 7, 21, 13, 12, 4, 20, 1, 17, 255, 44, 212, 87, 17, 104, 215, 79, 50, 119, 74, 130, 56, 245, 204, 66, 164, 90, 12, 3, 173]
n20w160.002	255	180000	false	--	[14, 5, 15, 8, 19, 18, 3, 11, 2, 6, 16, 10, 9, 7, 21, 13, 12, 4, 20, 1, 17, 255, 44, 212, 87, 17, 104, 215, 79, 50, 119, 74, 130, 56, 245, 204, 66, 164, 90, 12, 3, 173]
n20w160.003	332	180000	false	--	[21, 3, 14, 5, 2, 8, 17, 11, 19, 9, 1, 6, 10, 13, 4, 12, 20, 16, 18, 15, 7, 332, 180, 175, 193, 183, 36, 265, 24, 110, 116, 4, 62, 130, 157, 228, 90, 262, 104, 105, 256, 295]
n20w160.003	332	180000	false	--	[21, 3, 14, 5, 2, 8, 17, 11, 19, 9, 1, 6, 10, 13, 4, 12, 20, 16, 18, 15, 7, 332, 180, 175, 193, 183, 36, 265, 24, 110, 116, 4, 62, 130, 157, 228, 90, 262, 104, 105, 256, 295]
n20w160.004	287	180000	false	--	[5, 7, 21, 2, 3, 18, 20, 4, 15, 6, 17, 8, 12, 16, 10, 19, 9, 13, 11, 1, 14, 287, 59, 248, 84, 255, 118, 33, 92, 143, 124, 173, 99, 105, 205, 125, 201, 154, 110, 185, 5, 228]
n20w160.004	287	180000	false	--	[5, 6, 21, 2, 3, 7, 20, 4, 15, 18, 17, 8, 12, 16, 10, 19, 9, 13, 11, 1, 14, 287, 59, 248, 84, 255, 58, 33, 92, 143, 124, 173, 99, 105, 205, 125, 201, 154, 110, 185, 5, 228]
n20w160.005	342	180000	false	--	[3, 4, 7, 5, 9, 8, 12, 10, 14, 15, 6, 20, 11, 1, 16, 17, 2, 13, 21, 19, 18, 342, 79, 317, 66, 46, 191, 288, 180, 24, 152, 196, 282, 209, 7, 135, 119, 91, 222, 251, 269, 231]
n20w160.005	342	180000	false	--	[3, 4, 7, 5, 14, 8, 12, 10, 1, 15, 6, 20, 11, 9, 16, 17, 2, 13, 21, 19, 18, 342, 79, 317, 66, 46, 191, 288, 180, 23, 152, 196, 282, 209, 40, 135, 119, 91, 222, 251, 269, 231]
n20w180.001	354	180000	false	--	[10, 16, 21, 6, 9, 19, 17, 15, 7, 3, 12, 18, 14, 20, 11, 4, 8, 2, 13, 1, 5, 354, 126, 285, 89, 224, 65, 213, 183, 222, 330, 158, 155, 49, 21, 165, 112, 196, 139, 54, 11, 250]
n20w180.001	354	180000	false	--	[10, 16, 21, 6, 9, 19, 17, 15, 7, 3, 12, 18, 14, 20, 11, 4, 8, 2, 13, 1, 5, 354, 126, 285, 89, 224, 65, 213, 183, 222, 330, 158, 155, 49, 21, 165, 112, 196, 139, 54, 11, 250]
n20w180.002	348	180000	false	--	[3, 1, 15, 6, 9, 18, 14, 12, 19, 13, 4, 11, 2, 17, 21, 8, 10, 7, 16, 5, 20, 348, 10, 322, 114, 265, 107, 79, 164, 228, 36, 131, 160, 15, 61, 300, 200, 51, 100, 214, 266, 276]
n20w180.002	348	180000	false	--	[3, 1, 15, 6, 9, 18, 14, 12, 19, 13, 4, 11, 2, 17, 21, 8, 10, 7, 16, 5, 20, 348, 10, 322, 114, 265, 107, 79, 164, 228, 36, 131, 160, 15, 61, 300, 200, 51, 100, 214, 266, 276]
n20w180.003	323	180000	false	--	[6, 17, 5, 1, 12, 7, 9, 19, 18, 4, 15, 20, 8, 16, 14, 10, 11, 21, 3, 2, 13, 323, 121, 179, 12, 170, 319, 300, 201, 286, 32, 83, 164, 213, 68, 73, 42, 109, 257, 183, 140, 235]
n20w180.003	323	180000	false	--	[6, 17, 5, 1, 12, 7, 9, 19, 18, 4, 15, 20, 8, 16, 14, 10, 11, 21, 3, 2, 13, 323, 121, 179, 12, 170, 319, 300, 201, 286, 32, 83, 164, 213, 68, 73, 42, 109, 257, 183, 140, 235]
n20w180.004	296	180000	false	--	[6, 3, 5, 18, 8, 7, 13, 12, 20, 14, 1, 19, 17, 9, 10, 21, 16, 2, 11, 4, 15, 296, 75, 58, 107, 52, 272, 245, 48, 136, 165, 10, 45, 241, 151, 175, 211, 229, 105, 23, 122, 188]
n20w180.004	296	180000	false	--	[6, 3, 5, 18, 8, 13, 17, 12, 20, 14, 1, 19, 7, 9, 10, 21, 16, 2, 11, 4, 15, 296, 75, 58, 107, 52, 272, 244, 48, 136, 165, 10, 45, 248, 151, 175, 211, 229, 105, 23, 122, 188]
n20w180.005	258	180000	false	--	[21, 4, 12, 1, 19, 10, 2, 15, 17, 11, 20, 16, 6, 7, 13, 5, 14, 3, 8, 9, 18, 258, 26, 217, 2, 147, 125, 46, 137, 83, 107, 104, 200, 132, 56, 134, 176, 68, 228, 139, 90, 236]
n20w180.005	258	180000	false	--	[21, 4, 12, 1, 19, 10, 2, 15, 17, 11, 20, 16, 6, 7, 13, 5, 14, 3, 8, 9, 18, 258, 26, 217, 2, 147, 125, 46, 137, 83, 107, 104, 200, 132, 56, 134, 176, 68, 228, 139, 90, 236]
n20w200.001	271	180000	false	--	[20, 5, 12, 8, 6, 7, 10, 14, 3, 1, 15, 2, 18, 19, 16, 17, 9, 4, 11, 21, 13, 271, 53, 73, 190, 49, 40, 30, 174, 84, 4, 147, 71, 216, 170, 136, 105, 92, 198, 153, 243, 231]
n20w200.001	271	180000	false	--	[20, 5, 12, 8, 6, 7, 10, 14, 3, 1, 15, 2, 18, 19, 16, 17, 9, 4, 11, 21, 13, 271, 53, 73, 190, 49, 40, 30, 174, 84, 4, 147, 71, 216, 170, 136, 105, 92, 198, 153, 243, 231]
n20w200.002	288	180000	false	--	[19, 1, 5, 14, 20, 12, 4, 15, 16, 21, 2, 17, 18, 8, 10, 3, 11, 9, 7, 6, 13, 288, 27, 114, 250, 88, 72, 259, 228, 136, 196, 44, 64, 159, 239, 212, 133, 62, 155, 280, 81, 168]
n20w200.002	288	180000	false	--	[19, 1, 5, 14, 20, 12, 4, 15, 16, 21, 2, 17, 18, 8, 10, 3, 11, 9, 7, 6, 13, 288, 27, 114, 250, 88, 72, 259, 228, 136, 196, 44, 64, 159, 239, 212, 133, 62, 155, 280, 81, 168]
n20w200.003	324	180000	false	--	[2, 14, 5, 8, 1, 11, 12, 13, 20, 4, 3, 15, 16, 21, 18, 7, 9, 19, 17, 6, 10, 324, 292, 45, 174, 20, 63, 104, 160, 73, 207, 56, 100, 152, 248, 95, 129, 79, 90, 82, 68, 246]
n20w200.003	324	180000	false	--	[2, 14, 5, 8, 1, 11, 12, 13, 20, 4, 3, 15, 16, 21, 18, 7, 9, 19, 17, 6, 10, 324, 292, 45, 174, 20, 63, 104, 160, 73, 207, 56, 100, 152, 248, 95, 129, 79, 90, 82, 68, 246]
n20w200.004	341	180000	false	--	[21, 5, 11, 12, 6, 4, 3, 2, 16, 9, 14, 13, 17, 1, 18, 8, 20, 19, 7, 15, 10, 341, 238, 34, 176, 220, 209, 60, 255, 286, 297, 24, 153, 143, 6, 94, 273, 130, 85, 73, 118, 336]
n20w200.004	341	180000	false	--	[21, 5, 11, 12, 6, 4, 3, 2, 16, 9, 14, 13, 17, 1, 18, 8, 20, 19, 7, 15, 10, 341, 238, 34, 176, 220, 209, 60, 255, 286, 297, 24, 153, 143, 6, 94, 273, 130, 85, 73, 118, 336]
n20w200.005	277	180000	false	--	[8, 3, 1, 17, 6, 20, 4, 15, 12, 19, 14, 2, 10, 9, 5, 7, 18, 13, 11, 21, 16, 277, 27, 18, 152, 216, 197, 155, 233, 48, 92, 75, 42, 101, 57, 226, 167, 135, 118, 78, 190, 179]
n20w200.005	277	180000	false	--	[8, 3, 1, 17, 6, 20, 4, 15, 12, 19, 14, 2, 10, 9, 5, 7, 18, 13, 11, 21, 16, 277, 27, 18, 152, 216, 197, 155, 233, 48, 92, 75, 42, 101, 57, 226, 167, 135, 118, 78, 190, 179]
n40w120.001	511	180000	false	--	[31, 39, 40, 33, 26, 15, 17, 1, 4, 20, 37, 30, 38, 8, 34, 7, 14, 29, 9, 35, 18, 28, 32, 5, 10, 36, 22, 23, 25, 27, 41, 11, 2, 19, 12, 3, 6, 16, 24, 13, 21, 511, 129, 69, 168, 94, 229, 27, 6, 174, 320, 272, 309, 50, 12, 212, 34, 21, 399, 189, 317, 438, 300, 290, 102, 336, 83, 307, 295, 356, 309, 483, 284, 153, 194, 314, 73, 249, 44, 123, 63, 465]
n40w120.001	516	180000	false	--	[31, 39, 5, 24, 33, 15, 1, 17, 2, 35, 37, 30, 38, 7, 34, 14, 13, 29, 9, 12, 18, 28, 32, 26, 10, 36, 22, 23, 25, 27, 41, 11, 40, 19, 20, 3, 6, 16, 4, 8, 21, 516, 177, 118, 167, 100, 236, 2, 49, 181, 325, 279, 316, 34, 13, 219, 18, 40, 404, 196, 320, 443, 307, 297, 150, 341, 132, 314, 302, 361, 316, 488, 291, 88, 201, 323, 122, 256, 28, 171, 75, 470]
n40w120.002	566	180000	false	--	[22, 5, 18, 12, 14, 31, 8, 27, 10, 1, 17, 34, 26, 20, 32, 15, 9, 4, 11, 37, 39, 41, 6, 13, 35, 38, 24, 25, 33, 7, 40, 3, 19, 23, 29, 2, 16, 28, 30, 21, 36, 566, 440, 282, 252, 429, 223, 175, 172, 20, 7, 45, 244, 144, 393, 304, 317, 37, 258, 49, 345, 195, 524, 227, 153, 78, 134, 159, 101, 71, 187, 218, 299, 52, 238, 73, 444, 333, 114, 189, 202, 504]
n40w120.002	566	180000	false	--	[22, 5, 18, 12, 14, 23, 34, 7, 10, 1, 17, 6, 27, 20, 3, 32, 9, 4, 11, 37, 30, 41, 31, 26, 35, 38, 24, 25, 33, 39, 40, 15, 19, 13, 29, 2, 16, 28, 8, 21, 36, 566, 444, 280, 250, 433, 224, 167, 170, 20, 7, 45, 242, 154, 397, 298, 321, 37, 256, 49, 349, 188, 524, 220, 144, 78, 134, 150, 101, 71, 182, 211, 303, 52, 166, 73, 448, 337, 114, 180, 195, 504]
n40w120.003	491	180000	false	--	[19, 3, 6, 15, 31, 25, 2, 40, 12, 37, 38, 28, 1, 34, 24, 33, 39, 4, 5, 10, 16, 18, 22, 27, 14, 23, 11, 26, 32, 29, 41, 9, 20, 13, 21, 7, 30, 17, 36, 35, 8, 491, 72, 62, 171, 447, 51, 83, 370, 232, 310, 132, 224, 8, 38, 164, 328, 117, 184, 466, 311, 333, 189, 194, 154, 41, 209, 150, 213, 290, 296, 398, 244, 317, 16, 342, 104, 302, 122, 109, 353, 377]
n40w120.003	491	180000	false	--	[19, 3, 6, 15, 37, 25, 2, 40, 32, 23, 38, 9, 1, 34, 24, 33, 39, 4, 5, 30, 35, 18, 12, 27, 14, 22, 11, 26, 16, 10, 41, 28, 20, 13, 29, 7, 31, 17, 36, 21, 8, 491, 72, 62, 171, 447, 51, 83, 373, 230, 281, 132, 238, 8, 38, 164, 302, 117, 184, 466, 285, 336, 189, 260, 154, 41, 200, 150, 204, 314, 283, 398, 218, 291, 16, 327, 104, 425, 122, 109, 356, 380]
n40w120.004	404	180000	false	--	[10, 3, 4, 34, 27, 12, 19, 1, 14, 24, 5, 33, 17, 30, 28, 15, 26, 20, 9, 25, 37, 31, 36, 41, 29, 40, 35, 39, 6, 22, 32, 16, 38, 13, 7, 21, 18, 8, 2, 23, 11, 404, 195, 194, 177, 348, 25, 342, 2, 314, 393, 359, 14, 153, 284, 211, 213, 149, 56, 333, 52, 83, 247, 104, 376, 45, 138, 345, 202, 41, 265, 225, 216, 10, 156, 344, 91, 66, 6, 199, 113, 367]
n40w120.004	413	180000	false	--	[10, 13, 2, 28, 19, 8, 5, 1, 14, 24, 35, 6, 34, 30, 31, 15, 36, 17, 9, 18, 38, 32, 21, 41, 29, 25, 7, 39, 20, 22, 4, 16, 37, 26, 27, 33, 40, 12, 3, 23, 11, 413, 198, 199, 217, 355, 4, 356, 2, 328, 402, 368, 15, 185, 298, 231, 233, 121, 144, 347, 148, 32, 261, 43, 385, 159, 178, 358, 206, 155, 279, 225, 236, 85, 182, 359, 105, 75, 20, 203, 52, 376]
n40w120.005	471	180000	false	--	[11, 10, 14, 3, 7, 1, 37, 2, 21, 24, 36, 4, 22, 28, 12, 40, 34, 30, 18, 17, 38, 6, 26, 23, 29, 9, 39, 33, 13, 15, 8, 16, 35, 5, 27, 41, 19, 20, 25, 31, 32, 471, 300, 133, 151, 206, 6, 204, 315, 234, 275, 426, 156, 33, 128, 164, 340, 210, 181, 192, 214, 228, 23, 260, 271, 64, 244, 104, 124, 51, 170, 325, 364, 114, 209, 108, 410, 195, 227, 78, 330, 380]
n40w120.005	471	180000	false	--	[11, 10, 14, 3, 7, 1, 37, 2, 38, 24, 36, 4, 22, 28, 12, 40, 34, 30, 18, 17, 20, 6, 26, 23, 29, 9, 39, 33, 13, 15, 8, 41, 35, 5, 27, 32, 19, 21, 25, 31, 16, 471, 300, 133, 151, 206, 6, 204, 315, 234, 275, 426, 156, 33, 128, 164, 340, 210, 181, 192, 214, 228, 23, 260, 271, 64, 244, 104, 124, 51, 170, 325, 393, 114, 209, 108, 409, 195, 229, 78, 330, 377]
n40w140.001	486	180000	false	--	[40, 31, 1, 13, 12, 23, 2, 26, 5, 33, 35, 6, 8, 10, 14, 18, 7, 17, 9, 21, 3, 34, 39, 22, 37, 19, 16, 24, 32, 29, 30, 15, 11, 20, 28, 27, 36, 4, 25, 41, 38, 486, 205, 7, 422, 304, 299, 214, 395, 331, 105, 78, 303, 413, 123, 128, 244, 224, 235, 382, 18, 13, 40, 297, 51, 275, 393, 255, 57, 151, 162, 187, 140, 83, 25, 66, 264, 271, 444, 291, 465, 452]
n40w140.001	486	180000	false	--	[40, 7, 11, 13, 12, 23, 29, 26, 5, 20, 1, 6, 8, 22, 14, 18, 2, 31, 9, 3, 10, 35, 39, 34, 37, 19, 16, 24, 30, 32, 17, 15, 21, 33, 28, 27, 36, 4, 25, 41, 38, 486, 197, 7, 422, 304, 299, 188, 395, 331, 26, 1, 303, 413, 123, 128, 244, 211, 235, 382, 16, 64, 113, 297, 92, 275, 393, 255, 98, 152, 141, 221, 140, 73, 88, 107, 264, 271, 444, 291, 465, 452]
n40w140.002	482	180000	false	--	[21, 4, 24, 16, 9, 1, 5, 12, 32, 38, 22, 2, 20, 18, 40, 23, 3, 28, 37, 19, 10, 29, 35, 25, 30, 33, 26, 15, 7, 14, 17, 31, 13, 11, 36, 6, 8, 41, 34, 27, 39, 482, 60, 243, 39, 284, 2, 290, 87, 276, 434, 314, 78, 126, 210, 180, 24, 248, 207, 105, 116, 450, 303, 18, 242, 237, 143, 148, 198, 297, 223, 250, 264, 130, 340, 9, 3, 96, 411, 387, 160, 396]
n40w140.002	473	180000	false	--	[21, 4, 24, 12, 9, 1, 5, 2, 32, 38, 22, 16, 33, 28, 40, 36, 31, 14, 23, 35, 10, 29, 8, 17, 3, 27, 13, 15, 7, 18, 30, 25, 37, 11, 19, 6, 20, 41, 34, 26, 39, 473, 43, 231, 22, 275, 2, 281, 68, 267, 425, 305, 10, 133, 200, 176, 5, 225, 203, 84, 104, 441, 294, 74, 230, 237, 148, 143, 194, 288, 214, 223, 255, 129, 331, 97, 3, 114, 402, 378, 156, 387]
n40w140.003	484	180000	false	--	[19, 1, 25, 37, 33, 30, 5, 10, 21, 11, 36, 17, 26, 22, 6, 34, 8, 2, 16, 9, 27, 38, 15, 35, 28, 23, 4, 24, 14, 7, 32, 12, 3, 41, 39, 18, 13, 20, 31, 29, 40, 484, 14, 158, 279, 178, 209, 183, 50, 289, 38, 33, 88, 237, 374, 214, 435, 77, 21, 466, 303, 286, 357, 221, 128, 150, 229, 279, 140, 377, 195, 93, 92, 172, 419, 107, 31, 250, 325, 103, 388, 399]
n40w140.003	484	180000	false	--	[19, 1, 25, 37, 33, 30, 5, 10, 21, 11, 36, 18, 26, 22, 6, 34, 8, 2, 16, 9, 27, 38, 15, 35, 28, 23, 4, 24, 14, 7, 12, 17, 3, 41, 39, 31, 13, 20, 32, 29, 40, 484, 14, 158, 279, 178, 209, 183, 51, 289, 39, 34, 27, 237, 374, 214, 435, 78, 21, 466, 303, 286, 357, 221, 128, 150, 229, 279, 140, 377, 195, 31, 92, 172, 419, 107, 32, 250, 325, 103, 388, 399]
n40w140.004	471	180000	false	--	[3, 13, 41, 24, 32, 17, 8, 14, 10, 39, 21, 36, 25, 22, 4, 2, 11, 33, 31, 40, 30, 16, 12, 29, 34, 27, 1, 38, 26, 23, 28, 19, 15, 9, 37, 20, 7, 6, 18, 35, 5, 471, 154, 464, 52, 411, 314, 206, 190, 97, 85, 292, 240, 135, 176, 56, 165, 296, 70, 346, 233, 274, 169, 249, 43, 115, 18, 11, 328, 27, 259, 341, 382, 66, 111, 212, 237, 208, 318, 78, 222, 445]
n40w140.004	471	180000	false	--	[3, 4, 41, 10, 32, 17, 14, 29, 39, 18, 30, 21, 9, 22, 2, 8, 11, 1, 31, 36, 40, 16, 20, 13, 34, 27, 24, 38, 26, 23, 28, 19, 15, 33, 37, 12, 7, 6, 25, 35, 5, 471, 44, 464, 26, 410, 313, 206, 155, 107, 15, 291, 236, 116, 177, 68, 166, 295, 14, 345, 243, 232, 170, 248, 123, 94, 137, 130, 327, 146, 258, 340, 381, 78, 90, 212, 239, 208, 317, 99, 222, 445]
n40w140.005	460	180000	false	--	[13, 26, 5, 20, 7, 36, 8, 25, 11, 15, 39, 1, 41, 33, 4, 30, 35, 9, 6, 2, 38, 3, 31, 14, 12, 28, 22, 40, 17, 27, 10, 18, 37, 24, 19, 21, 16, 34, 29, 32, 23, 460, 293, 62, 334, 56, 183, 45, 41, 229, 381, 217, 6, 436, 130, 372, 99, 199, 235, 187, 309, 173, 75, 416, 136, 13, 277, 77, 265, 203, 86, 396, 242, 118, 140, 195, 179, 113, 161, 207, 251, 432]
n40w140.005	467	180000	false	--	[13, 28, 5, 20, 8, 36, 25, 7, 11, 4, 17, 1, 41, 24, 10, 37, 39, 9, 6, 2, 38, 3, 31, 34, 12, 40, 22, 26, 35, 27, 15, 18, 30, 33, 19, 21, 14, 16, 29, 32, 23, 467, 305, 59, 346, 53, 194, 42, 46, 238, 380, 226, 6, 443, 126, 391, 149, 222, 244, 198, 321, 184, 72, 423, 120, 13, 281, 74, 293, 211, 83, 403, 251, 104, 116, 206, 190, 135, 172, 215, 260, 439]
n40w160.001	471	180000	false	--	[38, 5, 40, 24, 9, 22, 2, 18, 16, 32, 20, 41, 19, 35, 14, 1, 37, 17, 26, 8, 3, 13, 28, 27, 12, 23, 6, 10, 31, 29, 36, 33, 34, 11, 30, 4, 7, 25, 15, 39, 21, 471, 47, 332, 229, 24, 215, 73, 97, 19, 150, 107, 406, 189, 290, 304, 7, 79, 87, 188, 102, 364, 196, 173, 227, 447, 177, 222, 160, 258, 264, 248, 137, 128, 113, 274, 241, 76, 455, 317, 324, 370]
n40w160.001	471	180000	false	--	[38, 5, 40, 6, 8, 22, 2, 9, 16, 26, 34, 41, 19, 35, 14, 1, 37, 17, 23, 11, 3, 13, 10, 4, 12, 28, 24, 32, 39, 29, 36, 33, 20, 18, 31, 27, 7, 25, 15, 30, 21, 471, 59, 336, 220, 36, 212, 85, 30, 19, 169, 123, 406, 186, 269, 283, 7, 91, 99, 185, 128, 368, 193, 176, 222, 447, 161, 227, 150, 309, 315, 249, 146, 137, 117, 253, 242, 88, 455, 296, 328, 374]
n40w160.002	465	180000	false	--	[33, 4, 18, 7, 12, 10, 9, 37, 29, 34, 16, 22, 24, 28, 35, 27, 20, 6, 31, 38, 15, 17, 8, 3, 19, 30, 25, 36, 1, 13, 21, 41, 23, 14, 39, 11, 32, 26, 2, 5, 40, 465, 54, 235, 21, 345, 222, 15, 433, 14, 211, 170, 331, 251, 195, 93, 161, 303, 230, 129, 296, 97, 308, 436, 237, 152, 266, 157, 183, 10, 260, 102, 407, 441, 202, 77, 175, 423, 284, 72, 365, 383]
n40w160.002	465	180000	false	--	[33, 4, 24, 7, 12, 10, 9, 37, 29, 34, 16, 22, 26, 28, 35, 27, 38, 3, 31, 17, 15, 20, 8, 6, 19, 30, 25, 36, 1, 18, 21, 41, 23, 14, 39, 11, 32, 13, 2, 5, 40, 465, 54, 233, 21, 345, 222, 15, 433, 14, 211, 170, 331, 268, 195, 93, 161, 294, 238, 129, 301, 97, 308, 436, 231, 152, 263, 157, 183, 10, 257, 102, 407, 441, 202, 77, 175, 423, 282, 72, 365, 383]
n40w160.003	449	180000	false	--	[12, 18, 4, 30, 40, 14, 20, 16, 36, 38, 9, 41, 19, 33, 25, 3, 7, 35, 1, 2, 34, 32, 24, 5, 21, 23, 29, 37, 17, 6, 39, 10, 22, 26, 11, 28, 13, 31, 15, 27, 8, 449, 76, 356, 350, 169, 348, 110, 362, 39, 262, 42, 415, 16, 336, 230, 360, 129, 66, 7, 84, 207, 306, 180, 174, 227, 184, 152, 27, 138, 350, 238, 282, 315, 192, 51, 34, 22, 247, 230, 156, 405]
n40w160.003	449	180000	false	--	[12, 20, 30, 6, 40, 14, 2, 16, 37, 38, 28, 41, 19, 33, 25, 3, 7, 35, 1, 18, 34, 32, 24, 5, 21, 23, 29, 36, 17, 4, 39, 10, 22, 26, 11, 9, 13, 31, 15, 27, 8, 449, 76, 356, 350, 169, 348, 110, 362, 29, 262, 42, 415, 16, 336, 230, 360, 129, 66, 7, 68, 207, 306, 180, 174, 227, 184, 152, 41, 138, 350, 238, 282, 315, 192, 51, 34, 22, 247, 230, 156, 405]
n40w160.004	446	180000	false	--	[23, 40, 21, 5, 7, 12, 8, 1, 10, 29, 24, 22, 2, 4, 30, 20, 11, 28, 38, 14, 36, 39, 18, 6, 32, 13, 9, 41, 16, 31, 19, 15, 25, 27, 26, 35, 33, 34, 37, 17, 3, 446, 276, 333, 55, 51, 226, 34, 13, 95, 88, 237, 222, 287, 67, 136, 82, 243, 374, 121, 71, 317, 215, 418, 231, 158, 293, 110, 345, 85, 128, 125, 145, 164, 115, 295, 314, 172, 117, 181, 265, 335]
n40w160.004	446	180000	false	--	[23, 28, 36, 5, 7, 12, 8, 1, 10, 29, 24, 39, 22, 4, 30, 20, 26, 2, 38, 14, 17, 40, 18, 6, 32, 35, 9, 41, 16, 31, 19, 15, 25, 27, 13, 21, 33, 34, 37, 11, 3, 446, 368, 315, 55, 51, 212, 34, 13, 95, 88, 223, 208, 264, 67, 136, 82, 282, 375, 121, 71, 296, 251, 418, 217, 158, 274, 110, 333, 85, 128, 125, 145, 164, 115, 272, 299, 172, 117, 181, 243, 317]
n40w160.005	378	180000	false	--	[35, 3, 26, 28, 21, 7, 4, 15, 23, 6, 20, 24, 33, 9, 30, 37, 36, 29, 5, 39, 1, 34, 22, 38, 16, 19, 40, 12, 2, 10, 8, 31, 11, 32, 41, 27, 18, 25, 17, 14, 13, 378, 50, 28, 143, 4, 156, 153, 172, 209, 162, 309, 125, 328, 214, 167, 78, 286, 66, 10, 302, 3, 195, 200, 120, 85, 16, 243, 135, 57, 165, 178, 185, 319, 189, 354, 265, 71, 98, 299, 220, 349]
n40w160.005	411	180000	false	--	[35, 26, 18, 37, 3, 28, 8, 15, 23, 30, 20, 24, 33, 40, 10, 4, 36, 21, 5, 39, 1, 34, 22, 25, 29, 38, 9, 12, 16, 6, 14, 31, 11, 32, 41, 27, 2, 19, 17, 7, 13, 411, 73, 39, 94, 44, 183, 205, 201, 254, 191, 342, 153, 361, 217, 196, 116, 319, 19, 50, 335, 3, 240, 245, 148, 129, 64, 276, 163, 120, 188, 223, 230, 352, 234, 387, 298, 76, 57, 332, 211, 382]
n40w180.001	465	180000	false	--	[20, 7, 29, 26, 2, 33, 31, 13, 12, 14, 27, 18, 6, 15, 37, 17, 36, 1, 10, 41, 24, 40, 30, 16, 3, 11, 5, 23, 19, 4, 8, 35, 21, 9, 25, 32, 38, 39, 22, 34, 28, 465, 335, 181, 381, 343, 312, 333, 327, 43, 147, 347, 21, 320, 116, 99, 279, 265, 9, 154, 447, 297, 65, 400, 288, 187, 365, 344, 421, 164, 389, 329, 213, 302, 55, 194, 227, 88, 85, 76, 60, 425]
n40w180.001	467	180000	false	--	[20, 5, 15, 11, 27, 26, 2, 31, 22, 19, 13, 40, 8, 3, 38, 24, 37, 12, 29, 41, 17, 34, 30, 33, 32, 16, 6, 23, 35, 4, 7, 36, 21, 18, 9, 14, 25, 39, 10, 1, 28, 467, 326, 150, 383, 318, 302, 328, 334, 68, 110, 349, 33, 341, 160, 141, 269, 233, 45, 103, 449, 243, 62, 402, 260, 207, 296, 317, 423, 93, 391, 332, 185, 248, 52, 86, 171, 226, 131, 122, 20, 427]
n40w180.002	455	180000	false	--	[41, 38, 26, 13, 25, 23, 2, 4, 36, 30, 15, 16, 17, 19, 12, 31, 40, 24, 18, 27, 29, 14, 37, 20, 7, 8, 28, 5, 34, 35, 1, 10, 39, 33, 6, 11, 21, 9, 3, 22, 32, 455, 97, 275, 235, 147, 338, 106, 254, 57, 384, 37, 24, 229, 192, 26, 19, 221, 175, 186, 168, 318, 201, 331, 170, 115, 263, 161, 151, 312, 359, 6, 404, 283, 296, 339, 57, 329, 80, 281, 217, 438]
n40w180.002	455	180000	false	--	[41, 27, 26, 13, 7, 23, 25, 4, 11, 30, 12, 15, 17, 19, 16, 31, 40, 24, 36, 38, 29, 14, 37, 20, 2, 8, 9, 5, 34, 35, 1, 10, 39, 33, 6, 18, 21, 28, 3, 22, 32, 455, 92, 275, 235, 129, 338, 106, 254, 57, 384, 37, 27, 229, 192, 25, 19, 221, 173, 186, 166, 318, 201, 331, 168, 97, 263, 62, 133, 312, 359, 6, 404, 283, 296, 339, 178, 329, 145, 281, 217, 438]
n40w180.003	414	180000	false	--	[12, 3, 4, 13, 2, 7, 36, 27, 11, 41, 19, 40, 8, 38, 25, 33, 15, 31, 32, 18, 34, 17, 16, 14, 35, 21, 26, 6, 24, 28, 10, 1, 22, 30, 39, 23, 29, 5, 9, 20, 37, 414, 239, 237, 225, 247, 154, 150, 214, 44, 373, 25, 410, 218, 267, 92, 128, 101, 382, 14, 405, 191, 107, 139, 290, 88, 197, 203, 159, 313, 172, 375, 4, 115, 182, 75, 148, 323, 258, 59, 408, 345]
n40w180.003	414	180000	false	--	[12, 3, 8, 37, 2, 7, 23, 14, 11, 41, 19, 40, 38, 26, 16, 39, 25, 31, 32, 18, 34, 17, 33, 13, 15, 27, 21, 36, 24, 28, 10, 1, 22, 30, 9, 6, 29, 5, 35, 20, 4, 414, 237, 235, 335, 245, 164, 160, 222, 44, 373, 25, 410, 264, 216, 110, 93, 119, 382, 14, 405, 201, 125, 149, 282, 114, 207, 201, 169, 305, 182, 375, 4, 133, 192, 75, 165, 315, 256, 91, 408, 345]
n40w180.004	471	180000	false	--	[41, 9, 11, 5, 31, 8, 33, 14, 21, 12, 27, 20, 23, 15, 35, 3, 24, 22, 7, 13, 26, 17, 39, 30, 28, 16, 37, 40, 32, 6, 25, 38, 36, 4, 29, 18, 1, 10, 34, 2, 19, 471, 110, 41, 158, 144, 325, 445, 291, 96, 218, 37, 212, 197, 273, 257, 55, 358, 381, 462, 210, 73, 367, 191, 353, 139, 63, 35, 138, 237, 336, 143, 232, 429, 173, 248, 414, 7, 223, 178, 131, 463]
n40w180.004	482	180000	false	--	[41, 9, 26, 28, 31, 23, 33, 14, 21, 12, 3, 20, 6, 22, 35, 37, 24, 19, 7, 39, 11, 17, 15, 30, 5, 16, 2, 25, 32, 13, 40, 38, 36, 4, 29, 8, 1, 10, 34, 27, 18, 482, 84, 39, 159, 137, 271, 414, 357, 70, 200, 43, 194, 273, 339, 239, 18, 305, 453, 431, 192, 47, 314, 265, 300, 141, 26, 117, 142, 219, 283, 136, 214, 398, 174, 230, 383, 7, 205, 179, 131, 474]
n40w180.005	442	180000	false	--	[37, 3, 4, 5, 35, 25, 15, 13, 38, 31, 24, 6, 19, 34, 2, 18, 10, 21, 22, 39, 11, 26, 33, 29, 41, 23, 14, 8, 28, 1, 30, 12, 7, 20, 9, 27, 32, 17, 16, 36, 40, 442, 107, 95, 86, 83, 350, 139, 219, 52, 28, 257, 357, 212, 304, 136, 284, 34, 282, 206, 297, 266, 195, 143, 240, 342, 152, 314, 225, 229, 12, 20, 358, 142, 300, 56, 322, 404, 38, 288, 327, 332]
n40w180.005	442	180000	false	--	[37, 3, 4, 5, 35, 25, 2, 13, 38, 31, 24, 6, 19, 34, 7, 39, 10, 16, 22, 14, 11, 26, 33, 29, 41, 23, 20, 8, 28, 1, 30, 12, 15, 18, 9, 40, 32, 17, 21, 27, 36, 442, 107, 95, 86, 83, 350, 137, 219, 52, 28, 257, 357, 212, 298, 140, 282, 34, 284, 206, 301, 266, 195, 143, 240, 342, 152, 311, 225, 229, 12, 20, 358, 142, 294, 56, 328, 404, 38, 278, 323, 333]
n40w200.001	461	180000	false	--	[39, 6, 20, 25, 31, 17, 18, 30, 32, 23, 36, 10, 5, 15, 9, 26, 19, 8, 27, 33, 28, 21, 34, 29, 38, 37, 35, 2, 7, 41, 16, 3, 22, 14, 1, 13, 4, 12, 24, 11, 40, 461, 77, 145, 260, 286, 67, 413, 365, 169, 234, 312, 242, 292, 186, 175, 275, 59, 389, 37, 137, 104, 110, 214, 428, 253, 271, 21, 88, 420, 348, 279, 156, 124, 194, 12, 309, 267, 252, 444, 317, 325]
n40w200.001	472	180000	false	--	[8, 3, 33, 37, 31, 17, 24, 39, 20, 12, 36, 23, 5, 15, 34, 26, 2, 30, 27, 14, 28, 21, 9, 18, 10, 4, 35, 19, 7, 41, 16, 22, 1, 32, 6, 13, 38, 25, 29, 11, 40, 472, 70, 32, 263, 283, 85, 389, 439, 195, 234, 309, 226, 289, 174, 163, 272, 77, 357, 114, 187, 134, 140, 202, 376, 250, 268, 98, 118, 396, 345, 276, 148, 18, 154, 89, 306, 256, 251, 411, 314, 322]
n40w200.002	--	180000	false	--	--
n40w200.002	--	180000	false	--	--
n40w200.003	455	180000	false	--	[20, 8, 13, 9, 2, 25, 34, 22, 11, 7, 31, 28, 15, 3, 23, 4, 14, 24, 16, 37, 10, 40, 1, 26, 36, 35, 17, 38, 39, 5, 18, 30, 21, 12, 27, 32, 41, 29, 6, 19, 33, 455, 207, 66, 159, 213, 256, 294, 204, 153, 297, 144, 288, 36, 88, 33, 159, 92, 124, 172, 440, 331, 191, 8, 111, 239, 107, 92, 273, 265, 215, 134, 220, 379, 290, 103, 230, 406, 268, 259, 187, 403]
n40w200.003	443	180000	false	--	[6, 8, 17, 9, 30, 33, 10, 16, 40, 21, 13, 7, 15, 3, 19, 4, 18, 23, 31, 34, 28, 11, 1, 26, 2, 35, 14, 38, 39, 32, 24, 36, 41, 12, 27, 25, 20, 29, 5, 22, 37, 443, 185, 49, 164, 215, 417, 315, 182, 158, 312, 131, 319, 122, 71, 119, 164, 23, 18, 118, 324, 278, 145, 8, 94, 189, 90, 75, 248, 240, 213, 105, 208, 385, 321, 86, 198, 358, 243, 234, 149, 361]
n40w200.004	427	180000	false	--	[5, 40, 29, 3, 32, 8, 11, 34, 24, 41, 2, 25, 37, 31, 22, 18, 4, 12, 1, 7, 27, 23, 38, 39, 17, 10, 20, 21, 19, 16, 15, 36, 35, 28, 14, 13, 26, 6, 33, 30, 9, 427, 114, 47, 53, 386, 185, 125, 174, 314, 348, 123, 81, 365, 278, 249, 95, 68, 91, 15, 130, 135, 227, 213, 297, 80, 359, 133, 141, 26, 98, 260, 380, 286, 169, 282, 371, 362, 202, 291, 110, 328]
n40w200.004	440	180000	false	--	[31, 3, 4, 19, 32, 23, 25, 22, 8, 41, 7, 17, 26, 35, 14, 18, 2, 12, 1, 11, 28, 38, 9, 6, 29, 37, 20, 27, 16, 40, 5, 36, 39, 15, 33, 13, 10, 30, 24, 21, 34, 440, 52, 28, 22, 402, 262, 137, 236, 244, 368, 139, 87, 381, 299, 310, 101, 76, 97, 15, 146, 163, 232, 253, 280, 113, 380, 149, 157, 108, 184, 417, 396, 291, 325, 295, 387, 377, 207, 286, 172, 348]
n40w200.005	409	180000	false	--	[39, 1, 30, 33, 3, 10, 21, 40, 20, 36, 19, 37, 2, 16, 29, 23, 28, 9, 31, 32, 13, 34, 35, 4, 5, 25, 15, 22, 26, 38, 24, 12, 8, 14, 27, 18, 11, 7, 41, 17, 6, 409, 8, 77, 245, 113, 346, 33, 227, 314, 339, 263, 281, 25, 197, 157, 192, 213, 316, 259, 304, 31, 203, 185, 250, 117, 125, 170, 209, 153, 56, 254, 294, 240, 198, 179, 327, 271, 39, 381, 224, 357]
n40w200.005	409	180000	false	--	[39, 1, 7, 31, 3, 10, 13, 40, 20, 36, 19, 37, 21, 16, 29, 23, 22, 9, 4, 32, 30, 34, 35, 33, 38, 25, 15, 14, 26, 2, 24, 12, 8, 28, 27, 18, 11, 5, 41, 17, 6, 409, 8, 73, 255, 109, 347, 41, 229, 315, 340, 264, 282, 32, 197, 157, 192, 215, 317, 260, 305, 26, 205, 185, 249, 117, 125, 170, 199, 153, 16, 253, 295, 242, 200, 179, 328, 272, 113, 381, 226, 358]
n60w120.001	556	180000	false	--	[15, 4, 22, 27, 60, 53, 8, 10, 36, 13, 42, 40, 18, 26, 54, 52, 19, 35, 48, 16, 38, 24, 33, 32, 50, 5, 9, 30, 3, 12, 6, 44, 59, 55, 49, 46, 25, 34, 7, 11, 37, 29, 20, 47, 31, 58, 17, 51, 1, 21, 45, 57, 14, 61, 2, 41, 39, 28, 43, 23, 56, 556, 389, 283, 388, 151, 197, 66, 47, 367, 30, 298, 306, 18, 169, 545, 86, 243, 10, 236, 96, 435, 279, 126, 274, 445, 160, 375, 327, 285, 312, 207, 262, 122, 406, 9, 361, 456, 425, 71, 302, 471, 290, 109, 255, 211, 356, 246, 233, 6, 439, 219, 82, 190, 538, 399, 514, 76, 352, 120, 130, 531]
n60w120.001	556	180000	false	--	[15, 27, 22, 2, 60, 53, 8, 10, 28, 13, 42, 40, 18, 26, 54, 52, 19, 35, 48, 16, 38, 24, 33, 32, 50, 5, 46, 30, 3, 12, 6, 44, 59, 55, 49, 9, 25, 34, 7, 11, 37, 29, 20, 47, 31, 58, 17, 51, 1, 21, 45, 57, 14, 61, 4, 41, 39, 36, 43, 23, 56, 556, 391, 283, 392, 151, 197, 66, 47, 355, 30, 298, 306, 18, 169, 545, 86, 243, 10, 236, 96, 437, 279, 126, 274, 447, 160, 379, 327, 285, 312, 207, 262, 122, 408, 9, 361, 458, 427, 71, 302, 473, 290, 109, 255, 211, 369, 246, 233, 6, 441, 219, 82, 190, 538, 401, 514, 76, 365, 120, 130, 531]
n60w120.002	609	180000	false	--	[7, 13, 27, 17, 10, 43, 53, 21, 34, 11, 12, 23, 15, 45, 49, 3, 41, 56, 4, 24, 30, 50, 29, 22, 32, 28, 1, 33, 18, 47, 46, 40, 51, 31, 39, 20, 55, 61, 26, 57, 48, 9, 52, 14, 54, 6, 25, 36, 59, 44, 60, 5, 38, 2, 16, 58, 35, 8, 42, 37, 19, 609, 333, 19, 493, 220, 239, 603, 163, 275, 216, 213, 209, 320, 357, 307, 31, 459, 176, 528, 400, 159, 377, 188, 388, 139, 87, 5, 83, 185, 150, 254, 137, 82, 263, 120, 410, 51, 546, 105, 132, 449, 276, 234, 362, 349, 253, 143, 426, 303, 373, 75, 231, 595, 345, 44, 172, 124, 167, 294, 54, 534]
n60w120.002	609	180000	false	--	[7, 13, 27, 17, 10, 43, 53, 21, 34, 11, 12, 23, 15, 45, 49, 3, 41, 56, 4, 50, 30, 24, 29, 48, 32, 28, 1, 33, 18, 47, 46, 26, 57, 31, 39, 20, 16, 61, 51, 25, 22, 9, 52, 14, 54, 6, 40, 36, 59, 44, 55, 5, 38, 2, 60, 58, 35, 8, 42, 37, 19, 609, 333, 19, 486, 220, 239, 603, 163, 275, 216, 213, 209, 320, 357, 307, 31, 452, 176, 521, 392, 159, 433, 188, 422, 127, 114, 5, 110, 185, 150, 254, 125, 109, 263, 98, 402, 38, 545, 83, 133, 442, 276, 234, 362, 349, 253, 143, 418, 303, 373, 75, 231, 595, 345, 51, 172, 102, 167, 294, 41, 527]
n60w120.003	--	180000	false	--	--
n60w120.003	--	180000	false	--	--
n60w120.004	608	180000	false	--	[52, 19, 45, 39, 55, 25, 2, 15, 11, 5, 13, 30, 14, 1, 7, 8, 60, 48, 22, 41, 43, 56, 24, 10, 47, 9, 40, 57, 20, 36, 23, 29, 17, 49, 31, 59, 61, 53, 12, 32, 18, 4, 6, 28, 51, 27, 16, 21, 50, 26, 35, 58, 46, 38, 42, 3, 34, 37, 44, 54, 33, 608, 238, 214, 142, 163, 282, 246, 265, 37, 170, 28, 130, 22, 9, 255, 267, 489, 298, 229, 326, 294, 227, 179, 176, 274, 41, 373, 105, 347, 121, 186, 361, 495, 77, 196, 113, 541, 427, 136, 365, 309, 158, 285, 107, 206, 390, 271, 295, 62, 55, 201, 601, 404, 453, 160, 222, 90, 556, 110, 474, 517]
n60w120.004	608	180000	false	--	[52, 19, 45, 39, 55, 25, 2, 15, 11, 5, 13, 30, 14, 1, 7, 8, 60, 48, 22, 41, 18, 56, 24, 10, 47, 9, 40, 57, 20, 36, 23, 29, 17, 49, 31, 59, 61, 53, 12, 32, 21, 4, 6, 28, 51, 27, 16, 43, 50, 26, 35, 58, 46, 38, 42, 3, 34, 37, 44, 54, 33, 608, 238, 214, 142, 163, 282, 246, 265, 37, 170, 28, 130, 22, 9, 255, 267, 493, 296, 229, 330, 299, 227, 179, 176, 274, 41, 377, 105, 351, 121, 186, 365, 499, 77, 196, 113, 545, 431, 136, 369, 313, 158, 285, 107, 206, 394, 271, 293, 62, 55, 201, 601, 408, 457, 160, 222, 90, 560, 110, 478, 521]
n60w120.005	638	180000	false	--	[42, 47, 59, 34, 16, 10, 18, 4, 1, 15, 45, 9, 8, 12, 31, 61, 56, 23, 27, 3, 11, 26, 57, 44, 6, 50, 13, 58, 35, 51, 60, 55, 22, 43, 30, 14, 28, 17, 24, 7, 39, 5, 52, 32, 48, 38, 49, 29, 33, 20, 19, 36, 54, 2, 37, 21, 53, 40, 46, 41, 25, 638, 259, 217, 72, 588, 492, 292, 77, 7, 478, 159, 13, 88, 18, 461, 557, 179, 286, 104, 225, 163, 237, 281, 366, 519, 235, 94, 318, 142, 132, 440, 345, 241, 66, 136, 20, 328, 192, 387, 301, 408, 617, 48, 354, 153, 204, 256, 148, 249, 231, 120, 44, 270, 260, 338, 168, 274, 309, 213, 428, 553]
n60w120.005	638	180000	false	--	[42, 47, 38, 13, 16, 10, 18, 4, 1, 15, 45, 9, 52, 12, 31, 61, 56, 23, 34, 59, 11, 26, 57, 44, 6, 50, 36, 58, 35, 51, 60, 55, 22, 8, 30, 14, 28, 17, 24, 7, 39, 5, 27, 32, 48, 20, 49, 29, 33, 46, 19, 43, 54, 2, 37, 21, 53, 40, 3, 41, 25, 638, 259, 213, 73, 588, 492, 292, 78, 7, 478, 159, 13, 57, 18, 461, 557, 179, 286, 104, 222, 163, 237, 281, 366, 519, 235, 42, 318, 142, 132, 440, 345, 241, 79, 136, 20, 328, 192, 387, 301, 408, 617, 48, 354, 153, 227, 256, 148, 249, 231, 120, 52, 270, 260, 338, 168, 274, 309, 217, 428, 553]
n60w140.001	598	180000	false	--	[23, 14, 26, 1, 16, 27, 12, 41, 29, 51, 52, 30, 40, 42, 53, 20, 43, 19, 33, 57, 46, 59, 61, 31, 45, 13, 50, 32, 22, 4, 11, 44, 34, 8, 6, 21, 58, 35, 38, 5, 7, 24, 15, 17, 56, 37, 36, 55, 54, 49, 47, 39, 3, 10, 60, 18, 9, 48, 25, 28, 2, 598, 535, 196, 3, 173, 382, 42, 72, 145, 340, 470, 29, 180, 505, 209, 160, 228, 88, 82, 156, 311, 135, 560, 486, 119, 194, 377, 239, 141, 15, 482, 233, 78, 76, 391, 318, 272, 401, 440, 176, 68, 498, 218, 231, 108, 278, 324, 259, 349, 357, 331, 453, 204, 341, 253, 93, 150, 268, 127, 244, 555]
n60w140.001	598	180000	false	--	[23, 14, 26, 1, 16, 10, 12, 41, 29, 51, 52, 30, 40, 42, 53, 20, 43, 19, 33, 57, 47, 59, 61, 11, 45, 13, 54, 32, 22, 4, 24, 44, 34, 8, 27, 21, 58, 35, 38, 5, 7, 31, 15, 17, 56, 37, 46, 55, 50, 6, 36, 39, 3, 49, 60, 18, 9, 48, 25, 28, 2, 598, 535, 196, 3, 173, 349, 42, 72, 145, 340, 475, 29, 180, 508, 209, 160, 228, 88, 82, 156, 311, 135, 560, 484, 119, 194, 392, 239, 141, 15, 488, 233, 78, 76, 396, 318, 272, 406, 445, 176, 68, 501, 218, 231, 108, 278, 307, 259, 372, 364, 331, 458, 204, 380, 253, 93, 150, 268, 127, 244, 555]
n60w140.002	--	180000	false	--	--
n60w140.002	--	180000	false	--	--
n60w140.003	641	180000	false	--	[24, 3, 8, 32, 14, 13, 33, 16, 39, 26, 5, 48, 31, 4, 58, 44, 22, 6, 2, 50, 54, 60, 51, 61, 12, 30, 35, 56, 46, 59, 36, 17, 41, 1, 55, 37, 52, 43, 27, 15, 29, 20, 9, 34, 18, 53, 49, 45, 11, 28, 57, 38, 19, 40, 10, 7, 25, 23, 42, 21, 47, 641, 65, 38, 467, 475, 345, 138, 31, 260, 215, 477, 386, 336, 471, 428, 20, 458, 367, 83, 172, 436, 451, 411, 618, 391, 214, 243, 155, 109, 209, 332, 461, 130, 9, 234, 323, 295, 282, 246, 429, 121, 178, 270, 13, 375, 104, 575, 378, 513, 160, 404, 292, 91, 433, 222, 143, 396, 423, 184, 445, 586]
n60w140.003	641	180000	false	--	[24, 3, 8, 14, 32, 13, 33, 16, 39, 26, 4, 48, 31, 17, 40, 44, 5, 6, 2, 50, 54, 60, 57, 61, 12, 30, 35, 56, 46, 59, 36, 22, 41, 1, 55, 37, 52, 43, 27, 23, 29, 20, 9, 34, 18, 53, 49, 45, 11, 28, 58, 38, 19, 51, 10, 7, 25, 15, 42, 21, 47, 641, 65, 38, 473, 461, 345, 138, 31, 260, 215, 483, 386, 336, 469, 415, 20, 466, 367, 83, 172, 436, 451, 400, 618, 391, 214, 243, 155, 109, 209, 332, 459, 130, 9, 234, 323, 295, 282, 246, 414, 121, 178, 270, 13, 375, 104, 575, 378, 519, 160, 424, 292, 91, 433, 222, 143, 396, 420, 184, 445, 586]
n60w140.004	--	180000	false	--	--
n60w140.004	--	180000	false	--	--
n60w140.005	599	180000	false	--	[28, 35, 47, 15, 3, 13, 22, 10, 54, 5, 31, 56, 18, 11, 46, 19, 40, 32, 43, 14, 39, 37, 33, 55, 34, 30, 38, 57, 50, 44, 4, 1, 24, 21, 52, 12, 20, 58, 60, 7, 26, 2, 48, 51, 59, 42, 25, 23, 41, 36, 17, 8, 45, 53, 9, 6, 61, 49, 27, 29, 16, 599, 185, 128, 245, 131, 33, 291, 162, 429, 140, 270, 63, 13, 276, 239, 494, 310, 8, 476, 281, 108, 287, 460, 440, 118, 353, 406, 575, 87, 348, 255, 1, 451, 112, 176, 69, 286, 397, 100, 301, 361, 193, 475, 330, 419, 201, 125, 466, 371, 78, 316, 166, 423, 426, 436, 46, 542, 383, 415, 96, 512]
n60w140.005	590	180000	false	--	[57, 35, 47, 46, 3, 1, 37, 10, 38, 5, 15, 18, 50, 11, 30, 61, 40, 32, 43, 14, 39, 7, 19, 54, 34, 41, 58, 33, 42, 31, 4, 13, 48, 21, 52, 12, 20, 27, 60, 22, 49, 2, 16, 51, 53, 29, 25, 23, 44, 56, 17, 8, 55, 9, 24, 6, 28, 26, 45, 36, 59, 590, 181, 124, 235, 127, 17, 287, 158, 406, 136, 268, 69, 54, 274, 264, 469, 308, 63, 488, 279, 104, 291, 492, 412, 114, 365, 388, 545, 197, 252, 245, 56, 511, 108, 172, 75, 284, 397, 96, 299, 357, 189, 487, 328, 425, 200, 121, 498, 347, 53, 314, 162, 421, 409, 416, 46, 578, 379, 429, 92, 451]
n60w160.001	697	180000	false	--	[7, 33, 53, 16, 36, 25, 61, 35, 50, 45, 4, 23, 30, 24, 8, 51, 9, 5, 41, 47, 3, 52, 55, 56, 32, 34, 40, 46, 38, 57, 28, 10, 43, 20, 26, 12, 44, 31, 13, 21, 2, 60, 48, 6, 49, 39, 27, 29, 22, 1, 59, 18, 17, 15, 19, 58, 54, 42, 37, 11, 14, 697, 245, 36, 422, 294, 343, 665, 121, 11, 325, 460, 283, 179, 609, 145, 397, 16, 304, 264, 79, 38, 315, 279, 557, 334, 97, 58, 206, 226, 176, 218, 329, 237, 92, 109, 284, 374, 224, 189, 55, 251, 477, 233, 357, 324, 198, 75, 227, 319, 6, 386, 310, 34, 156, 269, 513, 166, 498, 381, 472, 618]
n60w160.001	697	180000	false	--	[7, 33, 8, 16, 12, 25, 61, 40, 17, 45, 4, 36, 15, 24, 34, 51, 50, 5, 41, 21, 47, 52, 55, 56, 32, 30, 1, 46, 31, 53, 48, 10, 43, 20, 13, 23, 44, 28, 26, 9, 2, 60, 29, 6, 49, 57, 3, 38, 22, 27, 59, 18, 35, 39, 19, 58, 54, 42, 37, 11, 14, 697, 245, 46, 422, 294, 343, 665, 33, 25, 325, 460, 285, 79, 609, 71, 397, 20, 304, 264, 57, 56, 315, 279, 557, 334, 129, 7, 206, 227, 115, 221, 329, 237, 70, 96, 284, 374, 212, 150, 26, 251, 477, 233, 357, 324, 198, 51, 215, 319, 10, 386, 310, 103, 169, 269, 513, 179, 498, 381, 472, 618]
n60w160.002	668	180000	false	--	[61, 6, 58, 37, 31, 10, 5, 23, 27, 1, 51, 35, 16, 2, 4, 26, 38, 47, 24, 14, 49, 7, 12, 41, 53, 52, 56, 40, 30, 28, 34, 54, 21, 36, 17, 18, 46, 43, 32, 44, 50, 33, 13, 22, 20, 55, 39, 60, 57, 15, 8, 59, 48, 3, 9, 25, 45, 11, 19, 42, 29, 668, 43, 383, 219, 466, 34, 501, 372, 199, 17, 377, 353, 309, 53, 225, 295, 328, 426, 245, 62, 93, 511, 363, 244, 175, 289, 189, 575, 612, 602, 462, 394, 116, 452, 338, 434, 217, 323, 398, 530, 237, 126, 315, 515, 72, 206, 409, 149, 84, 227, 375, 272, 160, 387, 202, 180, 79, 379, 252, 133, 647]
n60w160.002	668	180000	false	--	[61, 6, 58, 37, 34, 10, 22, 23, 27, 1, 51, 35, 16, 2, 4, 26, 38, 47, 24, 14, 49, 44, 12, 41, 53, 52, 56, 40, 30, 28, 5, 54, 21, 32, 17, 18, 46, 43, 31, 7, 50, 33, 13, 36, 20, 55, 39, 60, 57, 15, 8, 59, 48, 3, 9, 25, 45, 11, 19, 42, 29, 668, 43, 383, 219, 424, 34, 519, 372, 199, 17, 377, 353, 309, 53, 225, 295, 328, 479, 245, 62, 93, 509, 363, 244, 175, 289, 189, 574, 611, 601, 428, 394, 116, 415, 338, 487, 217, 323, 451, 529, 237, 126, 315, 505, 72, 206, 462, 149, 84, 227, 375, 272, 160, 387, 202, 180, 79, 379, 252, 133, 647]
n60w160.003	570	180000	false	--	[49, 11, 33, 8, 46, 35, 6, 15, 57, 20, 60, 55, 56, 7, 18, 19, 42, 22, 48, 26, 47, 25, 31, 10, 44, 39, 16, 23, 38, 28, 52, 53, 21, 45, 59, 43, 54, 32, 29, 5, 30, 9, 40, 1, 27, 41, 51, 17, 2, 36, 13, 3, 61, 24, 34, 58, 14, 37, 50, 12, 4, 570, 526, 251, 51, 288, 309, 317, 40, 340, 142, 504, 472, 222, 326, 36, 386, 357, 30, 378, 128, 235, 23, 268, 169, 14, 115, 390, 273, 104, 283, 261, 83, 244, 434, 306, 300, 188, 96, 109, 291, 285, 347, 296, 6, 419, 286, 230, 369, 557, 301, 226, 255, 70, 177, 455, 213, 336, 197, 303, 487, 68]
n60w160.003	570	180000	false	--	[49, 11, 33, 8, 46, 35, 6, 15, 57, 20, 60, 55, 56, 7, 18, 19, 14, 22, 48, 26, 47, 25, 31, 10, 44, 39, 16, 23, 38, 28, 52, 53, 21, 45, 59, 43, 54, 32, 29, 5, 30, 27, 40, 1, 42, 41, 51, 9, 2, 36, 13, 3, 61, 24, 34, 58, 17, 37, 50, 12, 4, 570, 526, 251, 51, 288, 309, 317, 40, 343, 142, 495, 463, 222, 326, 36, 374, 336, 30, 366, 128, 235, 23, 268, 169, 14, 115, 378, 273, 104, 283, 261, 83, 244, 425, 306, 300, 188, 96, 109, 291, 285, 389, 296, 6, 410, 286, 230, 357, 557, 301, 226, 255, 70, 177, 446, 213, 339, 197, 303, 478, 68]
n60w160.004	590	180000	false	--	[31, 6, 24, 9, 14, 7, 37, 21, 53, 61, 26, 38, 50, 19, 12, 56, 36, 48, 55, 51, 30, 18, 41, 42, 54, 58, 5, 1, 17, 22, 39, 3, 25, 27, 2, 60, 32, 13, 29, 11, 44, 28, 59, 4, 52, 35, 23, 45, 47, 46, 15, 16, 43, 57, 20, 49, 34, 8, 33, 10, 40, 590, 63, 25, 306, 205, 50, 44, 381, 304, 497, 429, 135, 118, 197, 144, 347, 557, 361, 183, 155, 371, 362, 330, 13, 246, 418, 214, 6, 560, 366, 570, 34, 256, 219, 98, 527, 43, 128, 564, 441, 319, 9, 273, 311, 353, 102, 334, 359, 337, 106, 148, 352, 295, 230, 165, 341, 225, 404, 263, 501, 459]
n60w160.004	590	180000	false	--	[31, 6, 24, 9, 14, 7, 37, 21, 53, 61, 26, 38, 50, 19, 12, 56, 36, 48, 55, 51, 30, 18, 41, 42, 54, 58, 5, 1, 17, 22, 39, 3, 25, 27, 2, 60, 32, 13, 29, 11, 44, 28, 59, 4, 52, 35, 23, 45, 47, 46, 15, 16, 43, 57, 20, 49, 34, 8, 33, 10, 40, 590, 63, 25, 306, 205, 50, 44, 381, 304, 497, 429, 135, 118, 197, 144, 347, 557, 361, 183, 155, 371, 362, 330, 13, 246, 418, 214, 6, 560, 366, 570, 34, 256, 219, 98, 527, 43, 128, 564, 441, 319, 9, 273, 311, 353, 102, 334, 359, 337, 106, 148, 352, 295, 230, 165, 341, 225, 404, 263, 501, 459]
n60w160.005	657	180000	false	--	[43, 60, 4, 25, 20, 12, 8, 1, 57, 14, 27, 18, 11, 34, 53, 42, 61, 32, 28, 2, 24, 45, 26, 54, 7, 21, 3, 58, 52, 13, 48, 37, 41, 16, 40, 49, 9, 23, 51, 46, 10, 6, 17, 50, 44, 30, 38, 22, 35, 59, 36, 5, 55, 19, 33, 29, 47, 39, 15, 31, 56, 657, 444, 49, 40, 492, 276, 27, 4, 232, 303, 74, 266, 83, 298, 364, 292, 574, 254, 166, 461, 183, 408, 200, 176, 31, 191, 65, 162, 516, 86, 422, 245, 328, 293, 111, 118, 238, 207, 131, 104, 313, 283, 623, 397, 401, 95, 210, 414, 114, 391, 125, 503, 348, 170, 336, 521, 222, 137, 377, 426, 555]
n60w160.005	657	180000	false	--	[43, 60, 7, 8, 20, 12, 25, 27, 57, 14, 1, 18, 46, 16, 53, 34, 56, 32, 39, 2, 24, 45, 26, 54, 4, 21, 11, 19, 52, 13, 48, 37, 41, 42, 30, 49, 9, 23, 58, 35, 10, 6, 61, 50, 44, 3, 38, 22, 40, 59, 36, 5, 55, 28, 33, 29, 47, 51, 15, 31, 17, 657, 444, 67, 42, 492, 276, 55, 23, 232, 303, 9, 266, 76, 298, 364, 294, 574, 254, 163, 461, 183, 408, 200, 176, 51, 191, 18, 167, 516, 79, 422, 245, 328, 293, 100, 118, 238, 207, 138, 107, 313, 283, 623, 397, 401, 69, 210, 414, 114, 391, 125, 503, 348, 170, 336, 521, 222, 132, 377, 426, 593]
n60w180.001	--	180000	false	--	--
n60w180.001	--	180000	false	--	--
n60w180.002	--	180000	false	--	--
n60w180.002	--	180000	false	--	--
n60w180.003	613	180000	false	--	[16, 24, 6, 5, 12, 8, 61, 15, 11, 37, 57, 60, 35, 38, 31, 17, 46, 44, 2, 3, 25, 56, 14, 58, 50, 18, 30, 9, 27, 21, 41, 29, 39, 26, 36, 4, 43, 45, 20, 32, 48, 47, 49, 28, 51, 7, 53, 42, 54, 19, 34, 23, 1, 55, 40, 13, 59, 22, 33, 52, 10, 613, 352, 98, 307, 298, 81, 513, 55, 160, 507, 154, 273, 318, 221, 51, 594, 557, 178, 355, 128, 370, 332, 224, 342, 369, 186, 383, 169, 392, 377, 41, 399, 139, 190, 314, 310, 493, 213, 130, 405, 35, 20, 478, 171, 211, 519, 14, 27, 447, 359, 198, 230, 8, 441, 432, 320, 144, 337, 142, 250, 510]
n60w180.003	613	180000	false	--	[16, 24, 6, 36, 12, 23, 61, 41, 11, 37, 57, 60, 35, 38, 8, 17, 46, 44, 2, 3, 25, 13, 42, 58, 50, 18, 30, 9, 27, 21, 48, 29, 39, 26, 56, 5, 43, 45, 20, 32, 31, 15, 49, 28, 51, 7, 1, 53, 54, 19, 34, 14, 47, 55, 40, 4, 59, 22, 33, 52, 10, 613, 352, 98, 308, 298, 84, 513, 45, 160, 507, 154, 273, 318, 221, 49, 594, 557, 178, 355, 128, 370, 332, 80, 342, 369, 186, 383, 169, 392, 377, 33, 399, 139, 190, 314, 305, 493, 213, 130, 405, 39, 65, 478, 171, 211, 519, 5, 19, 447, 359, 198, 230, 11, 441, 432, 312, 144, 337, 142, 250, 510]
n60w180.004	630	180000	false	--	[11, 7, 5, 8, 17, 37, 14, 46, 24, 50, 61, 38, 1, 15, 16, 48, 32, 55, 53, 12, 29, 9, 4, 39, 54, 22, 35, 51, 2, 26, 43, 23, 21, 3, 52, 40, 44, 25, 19, 60, 6, 56, 13, 49, 36, 41, 58, 31, 59, 42, 45, 10, 34, 57, 28, 20, 18, 30, 27, 33, 47, 630, 88, 388, 356, 376, 331, 69, 355, 449, 264, 604, 224, 8, 63, 59, 23, 375, 186, 407, 232, 112, 474, 361, 441, 209, 487, 279, 151, 99, 506, 14, 365, 115, 399, 271, 139, 317, 217, 415, 132, 340, 241, 13, 309, 143, 346, 549, 19, 300, 248, 144, 270, 404, 205, 161, 237, 203, 520, 289, 128, 557]
n60w180.004	630	180000	false	--	[11, 7, 17, 8, 23, 37, 14, 46, 39, 50, 61, 38, 1, 15, 16, 48, 5, 55, 53, 12, 29, 24, 4, 9, 54, 22, 35, 51, 2, 26, 43, 34, 21, 3, 52, 33, 44, 25, 19, 60, 6, 56, 13, 49, 40, 41, 58, 31, 59, 42, 45, 10, 32, 57, 28, 20, 18, 30, 27, 36, 47, 630, 88, 381, 356, 368, 331, 69, 355, 445, 264, 604, 224, 8, 63, 59, 23, 369, 186, 403, 232, 112, 474, 361, 453, 209, 487, 279, 151, 99, 506, 14, 396, 115, 392, 271, 123, 317, 217, 411, 132, 340, 241, 13, 309, 143, 346, 549, 19, 300, 248, 144, 270, 400, 205, 161, 237, 203, 520, 289, 128, 557]
n60w180.005	--	180000	false	--	--
n60w180.005	--	180000	false	--	--
n60w200.001	564	180000	false	--	[10, 6, 43, 50, 60, 7, 18, 32, 29, 4, 26, 54, 38, 23, 33, 31, 8, 20, 21, 58, 40, 36, 25, 45, 17, 34, 39, 61, 55, 37, 19, 42, 53, 56, 49, 5, 52, 59, 30, 13, 24, 9, 14, 1, 16, 35, 27, 47, 41, 12, 2, 51, 3, 28, 57, 15, 46, 44, 48, 11, 22, 564, 71, 329, 531, 402, 48, 27, 291, 274, 545, 392, 504, 157, 317, 354, 180, 293, 23, 169, 15, 168, 437, 315, 193, 310, 386, 119, 472, 263, 112, 176, 282, 342, 371, 213, 406, 96, 148, 115, 159, 197, 276, 321, 4, 187, 215, 124, 137, 203, 520, 81, 95, 336, 475, 262, 359, 236, 6, 146, 397, 468]
n60w200.001	571	180000	false	--	[10, 6, 43, 50, 60, 13, 18, 32, 29, 4, 26, 54, 52, 23, 33, 31, 8, 58, 21, 7, 40, 5, 25, 45, 17, 34, 39, 61, 55, 37, 19, 42, 53, 56, 49, 22, 20, 48, 30, 38, 24, 9, 14, 1, 16, 35, 27, 47, 41, 12, 44, 51, 3, 28, 59, 15, 46, 2, 57, 11, 36, 571, 71, 336, 538, 409, 48, 80, 298, 281, 552, 399, 511, 41, 324, 361, 180, 300, 76, 169, 90, 168, 442, 322, 193, 317, 393, 119, 479, 270, 112, 176, 289, 349, 378, 213, 473, 96, 148, 115, 159, 197, 283, 328, 4, 187, 215, 124, 137, 203, 527, 10, 24, 343, 482, 269, 366, 236, 74, 251, 404, 475]
n60w200.002	--	180000	false	--	--
n60w200.002	--	180000	false	--	--
n60w200.003	--	180000	false	--	--
n60w200.003	--	180000	false	--	--
n60w200.004	625	180000	false	--	[18, 53, 34, 22, 12, 51, 56, 5, 39, 46, 25, 17, 7, 3, 42, 14, 19, 61, 1, 50, 54, 16, 6, 2, 8, 47, 60, 20, 43, 59, 48, 31, 55, 45, 21, 23, 29, 15, 58, 24, 35, 13, 28, 27, 33, 49, 37, 11, 44, 32, 38, 4, 36, 10, 41, 30, 9, 26, 52, 57, 40, 625, 491, 330, 352, 61, 461, 389, 87, 226, 277, 104, 33, 397, 336, 410, 338, 26, 619, 14, 151, 293, 343, 462, 518, 94, 186, 247, 155, 164, 375, 134, 146, 320, 326, 314, 466, 175, 432, 216, 574, 316, 402, 160, 251, 322, 270, 180, 119, 266, 147, 455, 363, 480, 281, 319, 382, 232, 206, 370, 237, 601]
n60w200.004	606	180000	false	--	[18, 24, 16, 7, 17, 2, 14, 5, 27, 38, 8, 11, 56, 3, 42, 34, 32, 61, 1, 31, 58, 45, 6, 59, 19, 47, 44, 20, 28, 52, 12, 50, 35, 22, 54, 23, 43, 46, 60, 51, 55, 13, 29, 26, 41, 49, 37, 25, 39, 48, 53, 4, 36, 10, 33, 30, 21, 9, 15, 57, 40, 606, 476, 329, 355, 62, 493, 339, 88, 200, 274, 92, 120, 390, 335, 403, 323, 39, 600, 14, 141, 218, 312, 494, 449, 20, 178, 189, 145, 152, 376, 129, 36, 295, 316, 289, 498, 167, 265, 245, 555, 299, 395, 156, 185, 305, 261, 172, 26, 257, 35, 526, 366, 512, 278, 296, 383, 231, 205, 426, 236, 582]
n60w200.005	620	180000	false	--	[61, 5, 36, 29, 1, 11, 58, 17, 10, 20, 27, 43, 14, 42, 22, 60, 19, 53, 51, 38, 50, 48, 16, 2, 32, 4, 39, 7, 15, 28, 44, 47, 55, 41, 45, 13, 25, 33, 9, 12, 52, 8, 31, 18, 6, 26, 24, 30, 3, 49, 35, 46, 23, 37, 56, 57, 54, 59, 21, 34, 40, 620, 41, 256, 376, 12, 183, 314, 225, 151, 140, 178, 542, 249, 248, 353, 444, 218, 486, 205, 131, 285, 339, 464, 68, 87, 384, 173, 319, 368, 324, 495, 83, 121, 415, 191, 255, 93, 127, 159, 564, 407, 241, 508, 486, 186, 389, 72, 330, 259, 263, 198, 391, 468, 99, 117, 113, 104, 312, 296, 425, 607]
n60w200.005	620	180000	false	--	[61, 5, 36, 29, 1, 11, 58, 17, 10, 20, 27, 43, 14, 42, 22, 60, 19, 44, 51, 38, 50, 48, 53, 2, 32, 4, 39, 7, 15, 28, 18, 47, 55, 41, 45, 13, 25, 33, 9, 12, 52, 8, 31, 23, 6, 26, 24, 30, 3, 49, 35, 46, 16, 37, 56, 57, 54, 59, 21, 34, 40, 620, 41, 256, 376, 12, 183, 314, 225, 151, 140, 178, 541, 249, 248, 353, 444, 218, 485, 205, 131, 285, 339, 465, 68, 87, 384, 173, 319, 368, 324, 494, 83, 121, 415, 191, 255, 93, 127, 159, 563, 407, 241, 507, 485, 186, 389, 72, 330, 259, 263, 198, 391, 461, 99, 117, 113, 104, 312, 296, 425, 607]
n80w120.001	678	180000	false	--	[64, 51, 7, 49, 19, 15, 10, 67, 2, 18, 70, 27, 73, 62, 8, 6, 29, 1, 14, 54, 26, 63, 77, 44, 72, 36, 71, 52, 47, 59, 23, 40, 61, 39, 32, 25, 46, 30, 80, 38, 24, 53, 12, 79, 74, 13, 42, 21, 9, 16, 34, 37, 66, 35, 75, 50, 45, 68, 3, 69, 48, 22, 33, 81, 78, 5, 55, 17, 58, 43, 28, 31, 41, 56, 4, 11, 57, 20, 60, 65, 76, 678, 152, 38, 168, 343, 196, 32, 187, 158, 24, 589, 520, 431, 337, 192, 200, 382, 1, 341, 106, 291, 328, 240, 418, 274, 287, 496, 470, 377, 65, 247, 81, 306, 133, 85, 282, 449, 69, 128, 70, 420, 361, 537, 414, 227, 447, 364, 296, 164, 204, 141, 466, 354, 98, 174, 214, 230, 405, 62, 407, 299, 334, 315, 652, 111, 348, 180, 399, 405, 556, 485, 256, 427, 218, 172, 601, 235, 110, 411, 120, 615]
n80w120.001	678	180000	false	--	[64, 51, 7, 49, 19, 15, 10, 67, 2, 18, 70, 27, 24, 62, 8, 6, 29, 1, 14, 54, 26, 63, 77, 41, 72, 36, 71, 52, 47, 59, 23, 40, 61, 39, 32, 25, 73, 30, 80, 38, 79, 53, 12, 60, 74, 37, 42, 21, 9, 16, 34, 46, 66, 35, 75, 50, 45, 68, 3, 69, 48, 22, 33, 81, 78, 5, 55, 17, 58, 43, 28, 31, 13, 56, 4, 11, 57, 20, 44, 65, 76, 678, 152, 38, 168, 343, 196, 32, 187, 158, 24, 589, 520, 428, 337, 192, 200, 382, 1, 341, 106, 291, 328, 240, 419, 274, 287, 496, 470, 377, 65, 247, 81, 306, 133, 85, 282, 448, 69, 128, 70, 417, 361, 537, 413, 227, 450, 364, 296, 164, 204, 141, 466, 354, 98, 174, 214, 230, 405, 62, 407, 299, 334, 315, 652, 111, 348, 180, 399, 405, 556, 485, 256, 432, 218, 172, 601, 235, 110, 416, 120, 615]
n80w120.002	750	180000	false	--	[78, 33, 4, 6, 43, 12, 10, 38, 2, 20, 68, 23, 34, 17, 29, 77, 19, 64, 22, 49, 25, 74, 39, 30, 57, 46, 41, 36, 61, 53, 3, 37, 7, 26, 18, 44, 65, 75, 1, 47, 8, 67, 56, 42, 9, 48, 79, 73, 54, 27, 16, 24, 58, 59, 15, 50, 52, 45, 14, 76, 70, 32, 11, 51, 31, 55, 21, 69, 66, 60, 40, 35, 80, 62, 28, 71, 5, 81, 13, 72, 63, 750, 174, 44, 36, 315, 31, 158, 267, 178, 150, 594, 17, 456, 120, 561, 329, 112, 353, 107, 146, 225, 103, 13, 202, 217, 431, 274, 252, 559, 200, 69, 87, 168, 442, 369, 251, 79, 261, 4, 506, 271, 238, 307, 246, 183, 417, 485, 405, 143, 288, 334, 204, 196, 140, 567, 295, 208, 188, 124, 528, 548, 91, 639, 347, 72, 569, 230, 579, 574, 538, 512, 378, 392, 95, 255, 520, 319, 731, 459, 386, 683]
n80w120.002	750	180000	false	--	[78, 33, 4, 6, 43, 12, 10, 38, 2, 20, 68, 23, 34, 17, 29, 77, 19, 64, 22, 49, 25, 74, 39, 30, 57, 46, 41, 36, 61, 53, 3, 37, 7, 26, 18, 44, 65, 75, 1, 47, 8, 67, 56, 42, 9, 48, 79, 73, 54, 27, 16, 24, 58, 59, 15, 50, 52, 45, 14, 76, 70, 32, 11, 51, 31, 55, 21, 69, 66, 60, 40, 35, 80, 62, 28, 71, 5, 81, 13, 72, 63, 750, 174, 44, 36, 315, 31, 158, 267, 178, 150, 594, 17, 456, 120, 561, 329, 112, 353, 107, 146, 225, 103, 13, 202, 217, 431, 274, 252, 559, 200, 69, 87, 168, 442, 369, 251, 79, 261, 4, 506, 271, 238, 307, 246, 183, 417, 485, 405, 143, 288, 334, 204, 196, 140, 567, 295, 208, 188, 124, 528, 548, 91, 639, 347, 72, 569, 230, 579, 574, 538, 512, 378, 392, 95, 255, 520, 319, 731, 459, 386, 683]
n80w120.003	--	180000	false	--	--
n80w120.003	--	180000	false	--	--
n80w120.004	668	180000	false	--	[14, 61, 51, 37, 56, 54, 36, 77, 11, 25, 17, 64, 75, 34, 66, 41, 15, 49, 20, 39, 13, 46, 9, 30, 1, 12, 78, 42, 8, 43, 2, 76, 47, 81, 44, 38, 16, 19, 80, 6, 45, 67, 32, 68, 22, 65, 55, 71, 31, 70, 50, 35, 29, 73, 59, 72, 52, 7, 60, 53, 62, 4, 40, 63, 74, 21, 58, 24, 27, 69, 10, 79, 23, 57, 48, 26, 3, 28, 33, 18, 5, 668, 308, 411, 295, 572, 130, 356, 418, 113, 30, 109, 171, 79, 662, 95, 284, 100, 327, 341, 336, 86, 269, 118, 207, 9, 175, 388, 375, 424, 200, 322, 190, 472, 632, 240, 350, 292, 345, 335, 138, 278, 371, 194, 231, 274, 265, 467, 66, 324, 401, 407, 244, 429, 129, 458, 550, 246, 358, 444, 436, 307, 301, 145, 149, 253, 92, 362, 214, 394, 398, 55, 513, 125, 248, 75, 181, 418, 381, 488, 330, 609]
n80w120.004	668	180000	false	--	[14, 62, 51, 37, 56, 54, 58, 3, 11, 25, 17, 64, 75, 34, 66, 41, 15, 49, 38, 80, 13, 16, 9, 30, 1, 12, 78, 42, 77, 43, 61, 76, 47, 81, 44, 19, 45, 39, 20, 6, 46, 67, 32, 68, 22, 65, 55, 71, 31, 70, 50, 35, 29, 73, 59, 72, 52, 36, 60, 53, 2, 4, 40, 63, 74, 21, 7, 24, 27, 69, 10, 79, 23, 57, 48, 26, 8, 28, 33, 18, 5, 668, 308, 411, 295, 572, 130, 358, 418, 113, 30, 109, 171, 79, 662, 95, 276, 100, 327, 343, 336, 86, 284, 118, 207, 9, 175, 388, 375, 424, 200, 322, 190, 472, 632, 240, 352, 292, 339, 337, 138, 270, 371, 194, 231, 289, 265, 467, 66, 324, 401, 407, 244, 429, 129, 458, 550, 246, 356, 444, 436, 309, 301, 145, 149, 253, 92, 362, 214, 394, 398, 55, 513, 125, 248, 75, 181, 418, 381, 488, 330, 609]
n80w120.005	779	180000	false	--	[34, 27, 38, 37, 48, 5, 21, 35, 52, 6, 33, 70, 1, 61, 14, 8, 64, 45, 54, 31, 32, 24, 13, 46, 57, 63, 44, 55, 16, 4, 42, 43, 66, 81, 26, 39, 41, 19, 77, 67, 68, 36, 51, 30, 53, 2, 29, 17, 79, 69, 28, 18, 22, 60, 62, 49, 73, 9, 72, 56, 80, 12, 50, 23, 40, 76, 59, 20, 3, 65, 10, 71, 15, 47, 74, 75, 11, 58, 7, 78, 25, 779, 431, 259, 421, 32, 53, 183, 281, 469, 68, 355, 136, 8, 566, 584, 289, 21, 461, 243, 400, 177, 447, 14, 441, 672, 276, 429, 145, 297, 422, 391, 168, 343, 756, 277, 373, 417, 252, 367, 119, 412, 380, 155, 426, 456, 435, 310, 25, 210, 269, 149, 465, 455, 237, 143, 223, 629, 474, 111, 233, 557, 141, 269, 17, 123, 340, 115, 403, 267, 132, 83, 105, 604, 319, 331, 336, 361, 483, 197, 511, 710]
n80w120.005	779	180000	false	--	[34, 27, 38, 37, 6, 10, 21, 35, 52, 13, 33, 70, 1, 61, 14, 8, 64, 45, 54, 31, 32, 24, 48, 46, 57, 63, 44, 55, 16, 4, 42, 43, 66, 81, 26, 39, 41, 19, 77, 67, 68, 36, 51, 30, 53, 2, 29, 17, 79, 69, 28, 18, 22, 60, 62, 49, 73, 9, 72, 56, 80, 12, 50, 5, 40, 76, 59, 20, 3, 65, 23, 71, 15, 47, 74, 75, 11, 58, 7, 78, 25, 779, 431, 259, 421, 57, 36, 183, 281, 469, 21, 355, 136, 8, 566, 584, 289, 62, 461, 243, 400, 177, 447, 75, 441, 672, 276, 429, 145, 297, 422, 391, 168, 343, 756, 277, 373, 417, 252, 367, 119, 412, 380, 155, 426, 456, 435, 310, 66, 210, 269, 149, 465, 455, 237, 143, 223, 629, 474, 111, 233, 557, 141, 269, 58, 123, 340, 115, 403, 267, 132, 83, 105, 604, 319, 331, 336, 361, 483, 197, 511, 710]
n80w140.001	--	180000	false	--	--
n80w140.001	--	180000	false	--	--
n80w140.002	733	180000	false	--	[68, 47, 16, 10, 9, 12, 30, 19, 31, 13, 25, 48, 21, 78, 54, 71, 29, 64, 52, 67, 27, 38, 8, 66, 73, 28, 75, 62, 58, 22, 49, 51, 26, 7, 74, 63, 20, 70, 55, 14, 39, 4, 61, 53, 80, 6, 40, 15, 32, 42, 76, 5, 79, 36, 3, 23, 60, 41, 77, 43, 56, 18, 45, 72, 37, 65, 44, 81, 17, 57, 35, 24, 33, 59, 1, 46, 34, 69, 50, 11, 2, 733, 657, 461, 63, 323, 268, 419, 360, 322, 43, 199, 267, 28, 566, 257, 457, 539, 146, 350, 99, 24, 399, 361, 135, 182, 157, 10, 153, 535, 409, 311, 291, 161, 423, 448, 238, 107, 389, 493, 624, 523, 70, 371, 83, 211, 273, 640, 263, 295, 72, 283, 327, 79, 248, 477, 363, 383, 530, 442, 373, 369, 150, 226, 142, 115, 118, 88, 723, 542, 383, 453, 137, 166, 446, 7, 279, 426, 555, 76, 205, 687]
n80w140.002	--	180000	false	--	--
n80w140.003	--	180000	false	--	--
n80w140.003	--	180000	false	--	--
n80w140.004	--	180000	false	--	--
n80w140.004	--	180000	false	--	--
n80w140.005	760	180000	false	--	[38, 20, 33, 66, 12, 13, 54, 35, 14, 7, 58, 19, 57, 36, 32, 56, 69, 16, 25, 55, 5, 21, 50, 48, 1, 73, 37, 80, 24, 40, 81, 47, 72, 23, 62, 3, 51, 49, 74, 61, 26, 70, 75, 41, 53, 9, 11, 28, 31, 77, 78, 39, 59, 44, 52, 63, 65, 64, 76, 79, 67, 42, 68, 46, 27, 2, 8, 34, 4, 18, 17, 30, 60, 6, 22, 71, 43, 15, 45, 10, 29, 760, 384, 214, 394, 52, 327, 546, 171, 227, 557, 243, 44, 321, 221, 271, 137, 405, 140, 24, 370, 61, 65, 104, 594, 16, 497, 294, 577, 598, 192, 637, 259, 207, 117, 163, 216, 289, 728, 345, 186, 508, 156, 89, 527, 447, 231, 251, 587, 681, 99, 281, 351, 437, 538, 355, 129, 318, 242, 430, 477, 179, 159, 125, 235, 307, 386, 176, 124, 397, 146, 409, 199, 493, 334, 83, 427, 95, 280, 467, 571, 599]
n80w140.005	760	180000	false	--	[38, 20, 33, 66, 12, 13, 41, 35, 14, 7, 58, 19, 57, 36, 32, 56, 69, 16, 25, 55, 5, 21, 50, 80, 1, 73, 37, 48, 28, 40, 81, 47, 72, 23, 62, 3, 51, 49, 74, 61, 26, 70, 75, 10, 53, 9, 11, 24, 31, 77, 78, 39, 59, 44, 52, 63, 65, 64, 76, 45, 67, 42, 68, 46, 27, 2, 8, 34, 4, 18, 17, 30, 79, 6, 22, 71, 43, 15, 60, 54, 29, 760, 384, 214, 394, 52, 327, 510, 171, 227, 521, 243, 44, 321, 221, 271, 137, 405, 140, 24, 370, 61, 65, 104, 576, 16, 484, 294, 593, 597, 192, 636, 259, 207, 117, 163, 216, 289, 728, 345, 186, 495, 156, 89, 531, 447, 231, 251, 583, 680, 99, 281, 351, 437, 542, 355, 129, 318, 242, 430, 464, 179, 159, 125, 235, 307, 386, 176, 124, 397, 146, 409, 199, 480, 334, 83, 427, 95, 280, 474, 567, 598]
n80w160.001	762	180000	false	--	[51, 5, 36, 12, 45, 20, 28, 9, 10, 15, 8, 21, 16, 38, 17, 4, 19, 54, 42, 31, 69, 75, 55, 14, 34, 27, 29, 24, 33, 63, 60, 66, 40, 80, 57, 47, 65, 78, 52, 53, 1, 72, 32, 13, 48, 11, 7, 18, 35, 58, 81, 49, 59, 62, 67, 64, 43, 70, 71, 68, 73, 56, 25, 77, 46, 30, 26, 22, 61, 2, 74, 79, 23, 50, 39, 44, 6, 76, 41, 37, 3, 762, 304, 684, 473, 303, 246, 592, 91, 80, 68, 96, 466, 485, 569, 59, 479, 43, 296, 36, 239, 460, 200, 426, 580, 136, 404, 395, 581, 365, 145, 232, 163, 362, 134, 186, 649, 117, 537, 194, 355, 5, 31, 169, 489, 300, 101, 604, 298, 190, 319, 724, 193, 354, 294, 424, 279, 181, 309, 345, 225, 444, 288, 141, 261, 112, 151, 414, 216, 451, 305, 333, 28, 434, 329, 195, 491, 250, 510, 8, 126, 703]
n80w160.001	700	180000	false	--	[51, 5, 28, 69, 45, 8, 14, 39, 10, 42, 68, 16, 76, 38, 72, 21, 19, 54, 15, 6, 13, 75, 55, 47, 34, 27, 29, 24, 33, 63, 60, 66, 53, 80, 57, 81, 65, 12, 52, 59, 79, 17, 32, 4, 48, 11, 7, 18, 35, 71, 36, 22, 40, 62, 67, 64, 43, 50, 74, 20, 78, 56, 25, 77, 46, 30, 26, 9, 61, 2, 70, 41, 23, 58, 49, 44, 31, 73, 1, 37, 3, 700, 304, 594, 460, 303, 230, 563, 221, 80, 68, 96, 481, 472, 551, 37, 479, 53, 296, 46, 237, 475, 200, 426, 578, 136, 404, 395, 579, 365, 145, 245, 163, 362, 134, 186, 633, 117, 519, 207, 355, 11, 65, 169, 464, 300, 101, 575, 298, 190, 319, 662, 206, 356, 294, 424, 279, 181, 329, 345, 238, 444, 288, 141, 261, 112, 151, 414, 86, 451, 305, 309, 28, 434, 332, 195, 466, 250, 443, 8, 126, 613]
n80w160.002	--	180000	false	--	--
n80w160.002	--	180000	false	--	--
n80w160.003	--	180000	false	--	--
n80w160.003	--	180000	false	--	--
n80w160.004	--	180000	false	--	--
n80w160.004	--	180000	false	--	--
n80w160.005	--	180000	false	--	--
n80w160.005	--	180000	false	--	--
n80w180.001	709	180000	false	--	[57, 25, 50, 5, 7, 51, 9, 23, 12, 37, 69, 19, 21, 28, 38, 34, 64, 35, 1, 39, 42, 53, 49, 8, 70, 68, 45, 32, 56, 36, 71, 33, 73, 62, 58, 65, 61, 60, 77, 30, 20, 29, 14, 59, 41, 11, 18, 75, 66, 16, 2, 74, 67, 81, 72, 10, 54, 27, 43, 80, 44, 48, 3, 26, 63, 47, 4, 79, 40, 17, 55, 15, 78, 46, 6, 13, 76, 22, 31, 24, 52, 709, 403, 502, 53, 50, 420, 32, 269, 22, 157, 546, 15, 175, 124, 320, 472, 370, 226, 11, 195, 174, 91, 260, 272, 398, 364, 207, 123, 168, 522, 343, 110, 109, 471, 219, 519, 152, 307, 190, 531, 196, 172, 126, 134, 203, 551, 229, 457, 256, 483, 409, 579, 86, 641, 332, 160, 677, 211, 130, 298, 144, 462, 512, 366, 515, 241, 83, 360, 537, 390, 337, 324, 105, 562, 428, 182, 188, 101, 354, 291, 599]
n80w180.001	709	180000	false	--	[57, 25, 50, 5, 7, 51, 9, 23, 12, 37, 69, 19, 21, 28, 38, 34, 64, 35, 1, 39, 42, 53, 49, 8, 70, 68, 41, 32, 56, 36, 71, 33, 73, 62, 45, 65, 61, 60, 77, 30, 20, 29, 14, 59, 58, 11, 18, 75, 66, 16, 2, 74, 67, 81, 72, 10, 54, 27, 43, 80, 44, 48, 3, 26, 63, 47, 4, 79, 40, 17, 55, 15, 78, 46, 6, 13, 76, 22, 31, 24, 52, 709, 403, 502, 53, 50, 420, 32, 269, 22, 157, 546, 15, 175, 124, 320, 472, 370, 226, 11, 195, 174, 91, 260, 272, 398, 364, 207, 123, 168, 522, 343, 110, 109, 471, 219, 519, 152, 307, 190, 531, 196, 172, 126, 134, 212, 551, 229, 457, 256, 483, 409, 579, 86, 641, 332, 160, 677, 211, 130, 298, 144, 462, 512, 366, 515, 241, 83, 360, 537, 390, 337, 324, 105, 562, 428, 182, 188, 101, 354, 291, 599]
n80w180.002	--	180000	false	--	--
n80w180.002	--	180000	false	--	--
n80w180.003	--	180000	false	--	--
n80w180.003	--	180000	false	--	--
n80w180.004	--	180000	false	--	--
n80w180.004	--	180000	false	--	--
n80w180.005	--	180000	false	--	--
n80w180.005	--	180000	false	--	--
n80w200.001	--	180000	false	--	--
n80w200.001	--	180000	false	--	--
n80w200.002	--	180000	false	--	--
n80w200.002	--	180000	false	--	--
n80w200.003	--	180000	false	--	--
n80w200.003	--	180000	false	--	--
n80w200.004	--	180000	false	--	--
n80w200.004	--	180000	false	--	--
n80w200.005	--	180000	false	--	--
n80w200.005	--	180000	false	--	--
